flow_id,policy_id,claim_id,flow_type,payment_method,flow_status,transaction_date,processing_date,amount,processed_amount,currency,customer_document,bank_name,city,state,created_at
FLOW-0000000001,POL-00000126,CLM-00000229,CANCELLATION,BANK_SLIP,FAILED,2025-06-19,2025-06-24,2827.71,0.0,BRL,569.407.328-29,Vargas S.A.,Araújo de Andrade,RR,2026-05-25 01:16:38
FLOW-0000000002,POL-00000303,CLM-00000433,CANCELLATION,PIX,PENDING,2025-10-27,2025-11-01,2607.25,2607.25,BRL,582.431.679-19,Câmara,Novaes da Prata,MA,2026-05-25 01:16:38
FLOW-0000000003,POL-00000288,CLM-00000204,CLAIM_PAYMENT,BANK_TRANSFER,PENDING,2025-04-22,2025-04-22,2387.7,2387.7,BRL,810.752.649-01,Dias,Sousa de da Mota,PA,2026-05-25 01:16:38
FLOW-0000000004,POL-00000415,CLM-00000891,REINSURANCE,PIX,FAILED,2025-12-07,2025-12-10,5549.99,0.0,BRL,390.671.285-03,da Mota,da Conceição,RJ,2026-05-25 01:16:38
FLOW-0000000005,POL-00000080,CLM-00000221,COMMISSION,CREDIT_CARD,FAILED,2024-05-31,2024-06-01,17468.58,0.0,BRL,032.876.951-77,Fogaça,Sales do Amparo,SC,2026-05-25 01:16:38
FLOW-0000000006,POL-00000434,CLM-00000353,PREMIUM_PAYMENT,BANK_TRANSFER,FAILED,2025-10-03,2025-10-03,2364.01,0.0,BRL,654.031.729-80,da Costa,Ferreira,PR,2026-05-25 01:16:38
FLOW-0000000007,POL-00000275,CLM-00000128,CANCELLATION,DEBIT,CANCELLED,2025-09-26,2025-09-28,20187.85,20187.85,BRL,059.182.746-85,Camargo,Azevedo,RJ,2026-05-25 01:16:38
FLOW-0000000008,POL-00000296,CLM-00000197,CANCELLATION,PIX,FAILED,2025-07-21,2025-07-21,13823.41,0.0,BRL,986.520.374-00,da Rosa Moreira Ltda.,Melo dos Dourados,MS,2026-05-25 01:16:38
FLOW-0000000009,POL-00000438,CLM-00000239,COMMISSION,PIX,PENDING,2026-04-02,2026-04-02,16548.52,16548.52,BRL,467.185.239-09,Cavalcanti,Guerra,GO,2026-05-25 01:16:38
FLOW-0000000010,POL-00000084,CLM-00000380,CANCELLATION,CREDIT_CARD,FAILED,2026-03-05,2026-03-08,6985.44,0.0,BRL,187.536.920-12,Araújo e Filhos,Leão do Oeste,SP,2026-05-25 01:16:38
FLOW-0000000011,POL-00000312,CLM-00000651,CANCELLATION,BANK_SLIP,PENDING,2024-10-20,2024-10-21,16770.87,16770.87,BRL,029.148.675-49,da Mata S.A.,Barbosa,MG,2026-05-25 01:16:38
FLOW-0000000012,POL-00000195,CLM-00000277,CLAIM_PAYMENT,BANK_TRANSFER,CANCELLED,2026-02-25,2026-03-01,18241.71,18241.71,BRL,502.934.781-04,Nogueira Ltda.,Siqueira do Sul,PA,2026-05-25 01:16:38
FLOW-0000000013,POL-00000421,CLM-00000033,PREMIUM_PAYMENT,CREDIT_CARD,PROCESSED,2025-01-11,2025-01-12,17131.13,17131.13,BRL,412.869.537-82,Borges,Guerra da Praia,ES,2026-05-25 01:16:38
FLOW-0000000014,POL-00000109,CLM-00000672,CLAIM_PAYMENT,DEBIT,FAILED,2025-09-09,2025-09-12,6730.13,0.0,BRL,853.709.624-56,Barros Rocha e Filhos,Oliveira Paulista,TO,2026-05-25 01:16:38
FLOW-0000000015,POL-00000074,CLM-00000272,CANCELLATION,BANK_SLIP,CANCELLED,2025-04-20,2025-04-23,22122.84,22122.84,BRL,126.043.789-22,Jesus S/A,da Cruz da Praia,PR,2026-05-25 01:16:38
FLOW-0000000016,POL-00000383,CLM-00000599,REINSURANCE,DEBIT,FAILED,2026-02-20,2026-02-21,18637.48,0.0,BRL,871.039.652-77,Aparecida Ltda.,Marques da Serra,AL,2026-05-25 01:16:38
FLOW-0000000017,POL-00000261,CLM-00000506,CLAIM_PAYMENT,PIX,PROCESSED,2025-03-01,2025-03-05,10015.04,10015.04,BRL,592.710.346-43,Casa Grande - EI,Fonseca da Mata,CE,2026-05-25 01:16:38
FLOW-0000000018,POL-00000406,CLM-00000697,CLAIM_PAYMENT,DEBIT,PROCESSED,2025-11-23,2025-11-23,21534.52,21534.52,BRL,924.850.176-11,Jesus S/A,Martins da Serra,TO,2026-05-25 01:16:38
FLOW-0000000019,POL-00000271,CLM-00000258,REFUND,BANK_TRANSFER,CANCELLED,2026-04-10,2026-04-14,1635.02,1635.02,BRL,340.956.127-70,Aragão - EI,Casa Grande,MS,2026-05-25 01:16:38
FLOW-0000000020,POL-00000394,CLM-00000657,PREMIUM_PAYMENT,CREDIT_CARD,FAILED,2024-12-05,2024-12-05,17023.07,0.0,BRL,574.268.901-20,Costa - EI,das Neves do Amparo,SE,2026-05-25 01:16:38
FLOW-0000000021,POL-00000002,CLM-00000977,CLAIM_PAYMENT,CREDIT_CARD,CANCELLED,2024-08-11,2024-08-11,7372.83,7372.83,BRL,326.048.195-89,da Rocha,Leão,MS,2026-05-25 01:16:38
FLOW-0000000022,POL-00000446,CLM-00000641,REINSURANCE,CREDIT_CARD,PENDING,2024-07-17,2024-07-21,19060.96,19060.96,BRL,750.261.349-80,Freitas,Barros,ES,2026-05-25 01:16:38
FLOW-0000000023,POL-00000192,CLM-00000781,CLAIM_PAYMENT,BANK_SLIP,PROCESSED,2024-07-18,2024-07-23,12716.19,12716.19,BRL,417.639.280-04,Pimenta,Carvalho de Santos,TO,2026-05-25 01:16:38
FLOW-0000000024,POL-00000307,CLM-00000332,REINSURANCE,DEBIT,PENDING,2024-06-21,2024-06-25,23839.82,23839.82,BRL,826.943.710-78,Barros,Mendonça dos Dourados,BA,2026-05-25 01:16:38
FLOW-0000000025,POL-00000123,CLM-00000060,COMMISSION,BANK_SLIP,FAILED,2025-07-28,2025-07-28,2841.1,0.0,BRL,318.794.605-48,Machado Sales - EI,Abreu da Serra,RS,2026-05-25 01:16:38
FLOW-0000000026,POL-00000418,CLM-00000071,PREMIUM_PAYMENT,BANK_TRANSFER,CANCELLED,2025-08-20,2025-08-24,23676.39,23676.39,BRL,183.625.074-62,Rezende,Pereira,PE,2026-05-25 01:16:38
FLOW-0000000027,POL-00000136,CLM-00000541,REFUND,BANK_TRANSFER,PROCESSED,2026-03-12,2026-03-13,3253.37,3253.37,BRL,918.245.607-02,Ramos,Cunha da Praia,RO,2026-05-25 01:16:38
FLOW-0000000028,POL-00000366,CLM-00000320,REINSURANCE,DEBIT,PROCESSED,2026-04-11,2026-04-14,24110.85,24110.85,BRL,821.946.570-02,Garcia,Cirino,CE,2026-05-25 01:16:38
FLOW-0000000029,POL-00000062,CLM-00000254,REFUND,BANK_SLIP,CANCELLED,2025-03-01,2025-03-06,16264.46,16264.46,BRL,436.278.190-04,Caldeira,Câmara Alegre,SP,2026-05-25 01:16:38
FLOW-0000000030,POL-00000302,CLM-00000226,REINSURANCE,PIX,PROCESSED,2025-09-11,2025-09-11,8485.23,8485.23,BRL,832.790.145-14,Cavalcanti,Oliveira,RR,2026-05-25 01:16:38
FLOW-0000000031,POL-00000035,CLM-00000928,PREMIUM_PAYMENT,PIX,PROCESSED,2025-04-08,2025-04-08,17710.63,17710.63,BRL,938.170.246-22,Guerra,Fonseca da Praia,MT,2026-05-25 01:16:38
FLOW-0000000032,POL-00000343,CLM-00000498,CLAIM_PAYMENT,BANK_SLIP,FAILED,2024-05-29,2024-05-31,1817.89,0.0,BRL,617.034.285-44,Novais Pinto S.A.,da Rocha,PI,2026-05-25 01:16:38
FLOW-0000000033,POL-00000125,CLM-00000804,REINSURANCE,DEBIT,CANCELLED,2026-01-27,2026-01-31,3351.18,3351.18,BRL,394.807.125-04,Sousa,Melo,RR,2026-05-25 01:16:38
FLOW-0000000034,POL-00000182,CLM-00000434,PREMIUM_PAYMENT,DEBIT,CANCELLED,2025-12-01,2025-12-04,4800.73,4800.73,BRL,507.613.249-25,Lopes,Barbosa do Norte,AC,2026-05-25 01:16:38
FLOW-0000000035,POL-00000032,CLM-00000413,PREMIUM_PAYMENT,CREDIT_CARD,PENDING,2025-01-17,2025-01-20,21602.73,21602.73,BRL,216.038.794-04,Moraes,Vieira do Campo,AL,2026-05-25 01:16:38
FLOW-0000000036,POL-00000072,CLM-00000433,CLAIM_PAYMENT,BANK_SLIP,CANCELLED,2025-09-10,2025-09-10,6253.98,6253.98,BRL,974.502.163-61,Nogueira,Câmara,MA,2026-05-25 01:16:38
FLOW-0000000037,POL-00000414,CLM-00000883,PREMIUM_PAYMENT,BANK_TRANSFER,CANCELLED,2024-06-21,2024-06-23,11592.57,11592.57,BRL,690.853.274-74,Casa Grande,Sousa,RO,2026-05-25 01:16:38
FLOW-0000000038,POL-00000497,CLM-00000096,REINSURANCE,BANK_SLIP,PENDING,2026-02-03,2026-02-03,1312.18,1312.18,BRL,836.105.942-33,da Mata Machado e Filhos,Moraes,MA,2026-05-25 01:16:38
FLOW-0000000039,POL-00000443,CLM-00000411,REFUND,PIX,PROCESSED,2024-06-16,2024-06-17,10190.03,10190.03,BRL,874.916.253-55,Marques,Montenegro das Flores,MS,2026-05-25 01:16:38
FLOW-0000000040,POL-00000475,CLM-00000803,REFUND,DEBIT,FAILED,2024-08-25,2024-08-26,9505.38,0.0,BRL,306.472.895-47,Abreu,Leão de Duarte,RS,2026-05-25 01:16:38
FLOW-0000000041,POL-00000080,CLM-00000195,CANCELLATION,CREDIT_CARD,CANCELLED,2026-03-08,2026-03-10,10604.04,10604.04,BRL,013.578.246-53,Martins,Nogueira da Serra,ES,2026-05-25 01:16:38
FLOW-0000000042,POL-00000383,CLM-00000322,REINSURANCE,PIX,PENDING,2025-10-22,2025-10-23,24219.3,24219.3,BRL,035.419.276-07,Almeida,Jesus da Prata,PR,2026-05-25 01:16:38
FLOW-0000000043,POL-00000030,CLM-00000984,REINSURANCE,BANK_TRANSFER,PROCESSED,2026-02-14,2026-02-14,14625.23,14625.23,BRL,374.095.812-04,Costela Borges S/A,Rodrigues das Flores,MA,2026-05-25 01:16:38
FLOW-0000000044,POL-00000346,CLM-00000883,PREMIUM_PAYMENT,BANK_SLIP,PENDING,2025-07-22,2025-07-22,21291.0,21291.0,BRL,643.709.185-10,Porto S.A.,da Paz,RS,2026-05-25 01:16:38
FLOW-0000000045,POL-00000297,CLM-00000609,REINSURANCE,PIX,PROCESSED,2025-02-28,2025-03-03,3041.17,3041.17,BRL,680.539.417-10,Moreira,Nunes das Pedras,SC,2026-05-25 01:16:38
FLOW-0000000046,POL-00000479,CLM-00000268,CANCELLATION,BANK_SLIP,FAILED,2026-03-02,2026-03-06,2095.49,0.0,BRL,903.875.246-65,Fernandes - ME,Guerra,RN,2026-05-25 01:16:38
FLOW-0000000047,POL-00000203,CLM-00000135,CLAIM_PAYMENT,CREDIT_CARD,FAILED,2024-07-10,2024-07-15,17918.99,0.0,BRL,762.813.905-12,Silva,Camargo,SC,2026-05-25 01:16:38
FLOW-0000000048,POL-00000235,CLM-00000637,PREMIUM_PAYMENT,BANK_TRANSFER,PENDING,2024-12-21,2024-12-24,7938.62,7938.62,BRL,238.907.465-00,Alves - ME,Barbosa do Campo,PE,2026-05-25 01:16:38
FLOW-0000000049,POL-00000068,CLM-00000956,CLAIM_PAYMENT,CREDIT_CARD,FAILED,2024-09-23,2024-09-23,1877.85,0.0,BRL,568.207.914-02,Sousa - EI,Ribeiro,GO,2026-05-25 01:16:38
FLOW-0000000050,POL-00000081,CLM-00000449,COMMISSION,BANK_TRANSFER,FAILED,2024-09-06,2024-09-06,21987.79,0.0,BRL,490.378.521-14,Rios Abreu Ltda.,Casa Grande,PB,2026-05-25 01:16:38
FLOW-0000000051,POL-00000342,CLM-00000837,CANCELLATION,BANK_TRANSFER,PENDING,2025-06-14,2025-06-19,7597.8,7597.8,BRL,135.948.026-98,Pinto S/A,Caldeira da Mata,RJ,2026-05-25 01:16:38
FLOW-0000000052,POL-00000136,CLM-00000119,PREMIUM_PAYMENT,PIX,PROCESSED,2024-08-30,2024-09-01,23297.31,23297.31,BRL,540.872.169-85,Sousa Sampaio S/A,Costa,PB,2026-05-25 01:16:38
FLOW-0000000053,POL-00000310,CLM-00000216,COMMISSION,CREDIT_CARD,FAILED,2025-11-16,2025-11-21,13852.93,0.0,BRL,728.396.051-12,Azevedo S/A,Guerra Verde,GO,2026-05-25 01:16:38
FLOW-0000000054,POL-00000129,CLM-00000928,COMMISSION,PIX,CANCELLED,2024-09-27,2024-09-28,17203.05,17203.05,BRL,419.506.237-34,Pires Ltda.,Freitas,TO,2026-05-25 01:16:38
FLOW-0000000055,POL-00000002,CLM-00000342,COMMISSION,BANK_SLIP,PENDING,2025-07-03,2025-07-03,15875.4,15875.4,BRL,812.904.376-96,Souza,Aragão,RR,2026-05-25 01:16:38
FLOW-0000000056,POL-00000283,CLM-00000723,CLAIM_PAYMENT,DEBIT,CANCELLED,2025-09-17,2025-09-22,24495.96,24495.96,BRL,126.408.957-02,Abreu da Cruz Ltda.,Nascimento,SP,2026-05-25 01:16:38
FLOW-0000000057,POL-00000280,CLM-00000037,PREMIUM_PAYMENT,CREDIT_CARD,PROCESSED,2025-06-09,2025-06-13,291.26,291.26,BRL,250.748.163-35,Moreira,Oliveira,GO,2026-05-25 01:16:38
FLOW-0000000058,POL-00000022,CLM-00000316,REFUND,CREDIT_CARD,PROCESSED,2025-05-09,2025-05-13,13835.5,13835.5,BRL,709.514.862-76,Vieira S/A,Lopes,AP,2026-05-25 01:16:38
FLOW-0000000059,POL-00000342,CLM-00000106,CLAIM_PAYMENT,CREDIT_CARD,PROCESSED,2024-11-02,2024-11-02,22478.17,22478.17,BRL,135.962.480-51,Teixeira,Freitas Verde,SC,2026-05-25 01:16:38
FLOW-0000000060,POL-00000474,CLM-00000953,REFUND,BANK_SLIP,PROCESSED,2026-03-13,2026-03-17,22109.16,22109.16,BRL,726.591.034-61,Gomes S/A,Gomes do Galho,CE,2026-05-25 01:16:38
FLOW-0000000061,POL-00000013,CLM-00000184,CLAIM_PAYMENT,CREDIT_CARD,CANCELLED,2024-06-28,2024-06-29,24406.34,24406.34,BRL,574.268.930-65,Guerra,Lopes,SP,2026-05-25 01:16:38
FLOW-0000000062,POL-00000137,CLM-00000164,CANCELLATION,PIX,PROCESSED,2026-01-09,2026-01-12,20065.77,20065.77,BRL,267.908.153-68,Pimenta,Rocha,SE,2026-05-25 01:16:38
FLOW-0000000063,POL-00000103,CLM-00000837,REFUND,DEBIT,PROCESSED,2025-12-07,2025-12-10,21810.56,21810.56,BRL,086.739.254-10,Teixeira - ME,Araújo da Praia,PB,2026-05-25 01:16:38
FLOW-0000000064,POL-00000013,CLM-00000676,CLAIM_PAYMENT,BANK_SLIP,PROCESSED,2024-09-08,2024-09-10,7664.51,7664.51,BRL,143.250.697-80,Melo da Rocha e Filhos,Carvalho,MA,2026-05-25 01:16:38
FLOW-0000000065,POL-00000180,CLM-00000657,PREMIUM_PAYMENT,BANK_TRANSFER,FAILED,2024-10-12,2024-10-15,8240.14,0.0,BRL,073.984.256-00,Gomes S.A.,Mendonça Alegre,RR,2026-05-25 01:16:38
FLOW-0000000066,POL-00000481,CLM-00000029,REINSURANCE,PIX,FAILED,2025-12-15,2025-12-18,17003.98,0.0,BRL,431.952.768-28,Almeida Fernandes S/A,Pastor,ES,2026-05-25 01:16:38
FLOW-0000000067,POL-00000056,CLM-00000611,COMMISSION,DEBIT,PENDING,2025-08-21,2025-08-23,4505.27,4505.27,BRL,291.736.540-43,Fogaça Ltda.,da Luz Verde,GO,2026-05-25 01:16:38
FLOW-0000000068,POL-00000311,CLM-00000524,COMMISSION,PIX,CANCELLED,2024-11-29,2024-12-01,18227.2,18227.2,BRL,857.246.190-67,Machado,Costela,AL,2026-05-25 01:16:38
FLOW-0000000069,POL-00000023,CLM-00000726,CLAIM_PAYMENT,DEBIT,FAILED,2024-11-04,2024-11-07,22492.64,0.0,BRL,523.796.418-46,Correia Santos Ltda.,Santos,GO,2026-05-25 01:16:38
FLOW-0000000070,POL-00000187,CLM-00000442,REINSURANCE,PIX,PROCESSED,2024-08-18,2024-08-18,13022.01,13022.01,BRL,285.037.164-53,Cavalcante Caldeira e Filhos,Pimenta,PR,2026-05-25 01:16:38
FLOW-0000000071,POL-00000340,CLM-00000869,REINSURANCE,PIX,FAILED,2025-11-05,2025-11-10,23023.23,0.0,BRL,548.017.392-88,Ribeiro S/A,Almeida Grande,SC,2026-05-25 01:16:38
FLOW-0000000072,POL-00000342,CLM-00000419,REINSURANCE,CREDIT_CARD,FAILED,2025-01-24,2025-01-29,22506.17,0.0,BRL,817.269.403-22,Marques,Pimenta do Sul,PB,2026-05-25 01:16:38
FLOW-0000000073,POL-00000099,CLM-00000431,REINSURANCE,DEBIT,PROCESSED,2026-05-19,2026-05-22,17445.35,17445.35,BRL,890.625.471-76,Dias da Luz Ltda.,Sousa,PE,2026-05-25 01:16:38
FLOW-0000000074,POL-00000208,CLM-00000562,CLAIM_PAYMENT,PIX,FAILED,2026-01-10,2026-01-15,18715.96,0.0,BRL,439.810.672-31,Campos Costa S.A.,Peixoto,BA,2026-05-25 01:16:38
FLOW-0000000075,POL-00000239,CLM-00000453,REFUND,DEBIT,FAILED,2025-10-08,2025-10-10,7208.5,0.0,BRL,261.495.378-46,Araújo Silveira Ltda.,Novaes,MS,2026-05-25 01:16:38
FLOW-0000000076,POL-00000338,CLM-00000087,REFUND,CREDIT_CARD,PROCESSED,2024-11-30,2024-12-05,5381.85,5381.85,BRL,126.539.870-40,da Cunha Monteiro e Filhos,Lima,RS,2026-05-25 01:16:38
FLOW-0000000077,POL-00000048,CLM-00000839,REINSURANCE,BANK_SLIP,FAILED,2025-10-22,2025-10-26,16613.15,0.0,BRL,328.914.765-73,Guerra Garcia e Filhos,Jesus de da Costa,PI,2026-05-25 01:16:38
FLOW-0000000078,POL-00000013,CLM-00000048,CLAIM_PAYMENT,BANK_SLIP,PROCESSED,2025-01-07,2025-01-12,7794.97,7794.97,BRL,392.078.514-23,Barros Nascimento Ltda.,Borges do Campo,TO,2026-05-25 01:16:38
FLOW-0000000079,POL-00000213,CLM-00000908,PREMIUM_PAYMENT,BANK_TRANSFER,CANCELLED,2025-06-08,2025-06-11,15301.29,15301.29,BRL,784.169.023-13,Duarte,da Rocha da Prata,RS,2026-05-25 01:16:38
FLOW-0000000080,POL-00000205,CLM-00000250,REFUND,BANK_SLIP,CANCELLED,2025-12-25,2025-12-26,17972.73,17972.73,BRL,835.924.760-92,Novaes,Barbosa,RN,2026-05-25 01:16:38
FLOW-0000000081,POL-00000113,CLM-00000181,PREMIUM_PAYMENT,BANK_TRANSFER,CANCELLED,2024-12-26,2024-12-31,17206.18,17206.18,BRL,940.516.372-80,Pacheco,Macedo Paulista,RS,2026-05-25 01:16:38
FLOW-0000000082,POL-00000234,CLM-00000137,CLAIM_PAYMENT,DEBIT,PENDING,2025-03-22,2025-03-25,1302.95,1302.95,BRL,856.137.940-57,Correia,Moraes de Sales,RR,2026-05-25 01:16:38
FLOW-0000000083,POL-00000487,CLM-00000774,REINSURANCE,DEBIT,FAILED,2024-11-22,2024-11-27,13301.74,0.0,BRL,872.931.405-41,Pinto - EI,Siqueira,PE,2026-05-25 01:16:38
FLOW-0000000084,POL-00000426,CLM-00000929,REINSURANCE,BANK_TRANSFER,CANCELLED,2024-09-05,2024-09-09,20384.41,20384.41,BRL,026.398.714-04,das Neves Pereira Ltda.,Souza Alegre,SC,2026-05-25 01:16:38
FLOW-0000000085,POL-00000231,CLM-00000266,CANCELLATION,BANK_SLIP,CANCELLED,2024-09-02,2024-09-05,22435.34,22435.34,BRL,459.310.286-33,Cardoso Correia Ltda.,Ramos Grande,RS,2026-05-25 01:16:38
FLOW-0000000086,POL-00000321,CLM-00000245,REINSURANCE,CREDIT_CARD,CANCELLED,2025-08-28,2025-09-02,6968.92,6968.92,BRL,751.093.264-52,Nunes S.A.,da Paz de Goiás,DF,2026-05-25 01:16:38
FLOW-0000000087,POL-00000140,CLM-00000344,COMMISSION,CREDIT_CARD,PROCESSED,2025-07-10,2025-07-13,1983.21,1983.21,BRL,507.896.124-02,Pacheco e Filhos,Vasconcelos de da Luz,MG,2026-05-25 01:16:38
FLOW-0000000088,POL-00000197,CLM-00000711,CLAIM_PAYMENT,BANK_SLIP,PROCESSED,2026-02-28,2026-03-04,2060.41,2060.41,BRL,628.317.594-55,Cassiano,Montenegro,PI,2026-05-25 01:16:38
FLOW-0000000089,POL-00000170,CLM-00000556,REFUND,DEBIT,CANCELLED,2025-03-21,2025-03-26,5388.12,5388.12,BRL,481.620.795-30,Pimenta,Cardoso,TO,2026-05-25 01:16:38
FLOW-0000000090,POL-00000464,CLM-00000789,REFUND,BANK_TRANSFER,CANCELLED,2024-12-25,2024-12-28,1603.53,1603.53,BRL,908.736.124-69,Monteiro da Costa S/A,Brito dos Dourados,MA,2026-05-25 01:16:38
FLOW-0000000091,POL-00000245,CLM-00000007,REINSURANCE,CREDIT_CARD,CANCELLED,2024-06-23,2024-06-28,537.32,537.32,BRL,013.925.847-79,da Mota,Nascimento do Amparo,SC,2026-05-25 01:16:38
FLOW-0000000092,POL-00000250,CLM-00000225,REFUND,CREDIT_CARD,PROCESSED,2024-12-28,2024-12-30,18849.2,18849.2,BRL,829.057.463-00,Silveira - ME,da Cruz,SP,2026-05-25 01:16:38
FLOW-0000000093,POL-00000343,CLM-00000696,REFUND,DEBIT,FAILED,2025-04-22,2025-04-25,12166.77,0.0,BRL,279.835.064-65,Costa,Alves das Flores,PB,2026-05-25 01:16:38
FLOW-0000000094,POL-00000319,CLM-00000547,REFUND,PIX,PROCESSED,2025-10-30,2025-11-04,4167.87,4167.87,BRL,738.502.691-59,Camargo Sousa S.A.,Duarte do Oeste,PA,2026-05-25 01:16:38
FLOW-0000000095,POL-00000043,CLM-00000659,CANCELLATION,DEBIT,PENDING,2024-07-03,2024-07-06,14817.72,14817.72,BRL,034.759.812-97,Macedo,Lima do Norte,AM,2026-05-25 01:16:38
FLOW-0000000096,POL-00000134,CLM-00000389,CLAIM_PAYMENT,CREDIT_CARD,PENDING,2026-04-20,2026-04-21,21677.94,21677.94,BRL,106.537.482-80,Vasconcelos,Novais,RJ,2026-05-25 01:16:38
FLOW-0000000097,POL-00000143,CLM-00000771,COMMISSION,DEBIT,CANCELLED,2024-12-03,2024-12-04,11394.75,11394.75,BRL,480.621.359-42,Guerra Pinto S.A.,Silveira da Praia,BA,2026-05-25 01:16:38
FLOW-0000000098,POL-00000384,CLM-00000553,REFUND,PIX,PENDING,2026-02-25,2026-02-27,20881.03,20881.03,BRL,874.905.361-20,da Mata S/A,Pinto de Barbosa,SP,2026-05-25 01:16:38
FLOW-0000000099,POL-00000387,CLM-00000032,PREMIUM_PAYMENT,BANK_SLIP,PENDING,2026-01-09,2026-01-11,5644.34,5644.34,BRL,803.579.614-39,Pires Ltda.,Oliveira de Castro,RS,2026-05-25 01:16:38
FLOW-0000000100,POL-00000123,CLM-00000130,REINSURANCE,DEBIT,PROCESSED,2025-10-16,2025-10-17,20988.76,20988.76,BRL,491.830.276-96,Lima Silva S.A.,Brito,CE,2026-05-25 01:16:38
FLOW-0000000101,POL-00000359,CLM-00000263,CLAIM_PAYMENT,CREDIT_CARD,CANCELLED,2025-11-14,2025-11-19,2904.02,2904.02,BRL,236.178.540-44,Cassiano,Sá do Amparo,PA,2026-05-25 01:16:38
FLOW-0000000102,POL-00000399,CLM-00000839,CANCELLATION,BANK_SLIP,PENDING,2025-07-24,2025-07-25,15167.02,15167.02,BRL,260.413.975-80,Rios e Filhos,Dias,AM,2026-05-25 01:16:38
FLOW-0000000103,POL-00000295,CLM-00000694,PREMIUM_PAYMENT,DEBIT,FAILED,2025-05-30,2025-06-01,2747.06,0.0,BRL,236.571.489-73,Pastor,Lopes de Minas,RO,2026-05-25 01:16:38
FLOW-0000000104,POL-00000304,CLM-00000708,CLAIM_PAYMENT,BANK_SLIP,PENDING,2025-05-19,2025-05-22,23539.69,23539.69,BRL,637.201.584-62,Macedo,Câmara,AP,2026-05-25 01:16:38
FLOW-0000000105,POL-00000408,CLM-00000580,COMMISSION,PIX,PENDING,2025-09-17,2025-09-17,17444.97,17444.97,BRL,763.894.102-04,Costa Costela Ltda.,Borges de Goiás,BA,2026-05-25 01:16:38
FLOW-0000000106,POL-00000036,CLM-00000519,CANCELLATION,CREDIT_CARD,FAILED,2026-02-23,2026-02-25,13341.99,0.0,BRL,643.185.920-06,Sousa - ME,Cunha,SE,2026-05-25 01:16:38
FLOW-0000000107,POL-00000222,CLM-00000984,REFUND,CREDIT_CARD,PENDING,2025-01-24,2025-01-24,21246.91,21246.91,BRL,254.386.109-24,da Rocha,Moraes,PI,2026-05-25 01:16:38
FLOW-0000000108,POL-00000223,CLM-00000181,REFUND,BANK_TRANSFER,PROCESSED,2025-09-28,2025-10-03,22294.8,22294.8,BRL,175.403.682-17,Macedo Albuquerque e Filhos,Novaes,CE,2026-05-25 01:16:38
FLOW-0000000109,POL-00000239,CLM-00000447,REINSURANCE,BANK_TRANSFER,CANCELLED,2025-05-01,2025-05-06,6788.56,6788.56,BRL,785.913.402-05,Silveira S.A.,Ramos de Rezende,RR,2026-05-25 01:16:38
FLOW-0000000110,POL-00000143,CLM-00000903,CLAIM_PAYMENT,DEBIT,PENDING,2024-10-20,2024-10-22,8091.5,8091.5,BRL,769.584.103-00,da Costa,Leão do Sul,TO,2026-05-25 01:16:38
FLOW-0000000111,POL-00000173,CLM-00000030,REINSURANCE,DEBIT,CANCELLED,2024-10-01,2024-10-02,18774.38,18774.38,BRL,258.610.749-76,Cirino,Porto,PE,2026-05-25 01:16:38
FLOW-0000000112,POL-00000409,CLM-00000265,CLAIM_PAYMENT,CREDIT_CARD,FAILED,2025-03-01,2025-03-03,4586.9,0.0,BRL,260.475.913-61,Vieira S/A,Freitas de Costela,ES,2026-05-25 01:16:38
FLOW-0000000113,POL-00000285,CLM-00000011,CANCELLATION,BANK_TRANSFER,FAILED,2026-05-17,2026-05-19,22013.98,0.0,BRL,827.149.356-64,Gomes da Mata - ME,da Cunha,TO,2026-05-25 01:16:38
FLOW-0000000114,POL-00000251,CLM-00000569,CANCELLATION,BANK_SLIP,CANCELLED,2026-04-30,2026-05-01,2186.04,2186.04,BRL,543.826.917-37,Vasconcelos,da Paz,MG,2026-05-25 01:16:38
FLOW-0000000115,POL-00000230,CLM-00000812,CANCELLATION,PIX,CANCELLED,2025-07-23,2025-07-28,11928.52,11928.52,BRL,073.529.146-25,Costela,Marques do Amparo,AL,2026-05-25 01:16:38
FLOW-0000000116,POL-00000157,CLM-00000680,REFUND,BANK_TRANSFER,PROCESSED,2025-06-11,2025-06-11,7391.18,7391.18,BRL,405.279.861-94,Silveira,Sampaio de da Rocha,RJ,2026-05-25 01:16:38
FLOW-0000000117,POL-00000218,CLM-00000764,REINSURANCE,BANK_TRANSFER,FAILED,2025-07-08,2025-07-10,11857.85,0.0,BRL,473.825.109-05,Novais S/A,Macedo de Moreira,SC,2026-05-25 01:16:38
FLOW-0000000118,POL-00000157,CLM-00000258,REFUND,BANK_SLIP,FAILED,2026-04-15,2026-04-17,8827.67,0.0,BRL,075.192.634-52,Costa Cirino S/A,Garcia da Praia,PI,2026-05-25 01:16:38
FLOW-0000000119,POL-00000381,CLM-00000549,COMMISSION,BANK_SLIP,PENDING,2025-05-30,2025-05-30,18046.04,18046.04,BRL,867.512.394-91,Silveira - EI,Nogueira do Galho,AP,2026-05-25 01:16:38
FLOW-0000000120,POL-00000371,CLM-00000604,REFUND,BANK_TRANSFER,FAILED,2024-10-19,2024-10-20,5448.8,0.0,BRL,802.946.573-47,Peixoto Sousa - EI,Barros Verde,MT,2026-05-25 01:16:38
FLOW-0000000121,POL-00000152,CLM-00000233,PREMIUM_PAYMENT,CREDIT_CARD,PROCESSED,2026-02-18,2026-02-22,7110.82,7110.82,BRL,718.049.536-01,Farias - ME,Campos,AM,2026-05-25 01:16:38
FLOW-0000000122,POL-00000141,CLM-00000047,CANCELLATION,PIX,PROCESSED,2025-01-24,2025-01-25,7591.58,7591.58,BRL,497.203.865-92,Cavalcante Gomes - ME,Pacheco do Sul,SP,2026-05-25 01:16:38
FLOW-0000000123,POL-00000053,CLM-00000894,CLAIM_PAYMENT,PIX,CANCELLED,2025-11-01,2025-11-05,7338.81,7338.81,BRL,254.796.103-25,Gomes Barros - ME,Gomes da Prata,PE,2026-05-25 01:16:38
FLOW-0000000124,POL-00000175,CLM-00000189,REFUND,PIX,CANCELLED,2026-05-12,2026-05-16,7144.27,7144.27,BRL,238.691.574-37,Rocha Santos - ME,Sales dos Dourados,MT,2026-05-25 01:16:38
FLOW-0000000125,POL-00000421,CLM-00000067,REFUND,DEBIT,PENDING,2026-03-10,2026-03-12,23529.54,23529.54,BRL,057.384.126-80,Costa Campos - EI,da Conceição da Serra,GO,2026-05-25 01:16:38
FLOW-0000000126,POL-00000078,CLM-00000153,CANCELLATION,BANK_TRANSFER,PENDING,2024-07-29,2024-08-01,1898.35,1898.35,BRL,067.381.942-69,Araújo S.A.,Peixoto,SE,2026-05-25 01:16:38
FLOW-0000000127,POL-00000286,CLM-00000783,CLAIM_PAYMENT,DEBIT,PENDING,2024-08-12,2024-08-14,2175.26,2175.26,BRL,604.918.537-93,Aragão Aparecida S.A.,Martins,RO,2026-05-25 01:16:38
FLOW-0000000128,POL-00000398,CLM-00000536,REINSURANCE,DEBIT,PROCESSED,2024-06-04,2024-06-08,14923.36,14923.36,BRL,489.235.106-70,Andrade,Nascimento,PA,2026-05-25 01:16:38
FLOW-0000000129,POL-00000157,CLM-00000583,COMMISSION,BANK_TRANSFER,CANCELLED,2025-07-26,2025-07-29,22717.18,22717.18,BRL,089.317.524-23,Andrade da Luz Ltda.,Nascimento,RR,2026-05-25 01:16:38
FLOW-0000000130,POL-00000486,CLM-00000782,CANCELLATION,BANK_SLIP,PENDING,2024-11-07,2024-11-07,15260.29,15260.29,BRL,786.150.932-02,Dias,Macedo da Mata,AM,2026-05-25 01:16:38
FLOW-0000000131,POL-00000081,CLM-00000246,CANCELLATION,BANK_SLIP,PENDING,2024-06-27,2024-07-02,5315.08,5315.08,BRL,439.126.850-70,Rios,Pires,PI,2026-05-25 01:16:38
FLOW-0000000132,POL-00000231,CLM-00000706,PREMIUM_PAYMENT,BANK_TRANSFER,CANCELLED,2025-06-27,2025-07-01,1922.87,1922.87,BRL,784.160.359-20,Andrade S.A.,Fonseca do Campo,PB,2026-05-25 01:16:38
FLOW-0000000133,POL-00000362,CLM-00000290,CLAIM_PAYMENT,DEBIT,FAILED,2024-06-27,2024-06-30,7316.92,0.0,BRL,176.432.980-50,Aparecida,Leão de Barros,ES,2026-05-25 01:16:38
FLOW-0000000134,POL-00000218,CLM-00000118,COMMISSION,BANK_TRANSFER,PROCESSED,2025-10-29,2025-10-29,17200.25,17200.25,BRL,248.069.371-69,Peixoto S.A.,Abreu,MG,2026-05-25 01:16:38
FLOW-0000000135,POL-00000037,CLM-00000062,COMMISSION,BANK_SLIP,PROCESSED,2025-09-11,2025-09-12,16208.49,16208.49,BRL,067.924.183-31,Caldeira - ME,Aragão Paulista,ES,2026-05-25 01:16:38
FLOW-0000000136,POL-00000225,CLM-00000128,REINSURANCE,DEBIT,FAILED,2025-08-20,2025-08-22,14896.35,0.0,BRL,739.042.156-80,Cassiano,Alves,PR,2026-05-25 01:16:38
FLOW-0000000137,POL-00000257,CLM-00000553,REFUND,DEBIT,FAILED,2025-02-24,2025-03-01,7637.08,0.0,BRL,684.217.905-01,Machado,Brito da Serra,PR,2026-05-25 01:16:38
FLOW-0000000138,POL-00000377,CLM-00000331,PREMIUM_PAYMENT,BANK_TRANSFER,CANCELLED,2025-03-26,2025-03-29,2057.02,2057.02,BRL,046.729.581-67,Duarte e Filhos,Machado,PE,2026-05-25 01:16:38
FLOW-0000000139,POL-00000392,CLM-00000689,CLAIM_PAYMENT,CREDIT_CARD,PENDING,2025-11-12,2025-11-14,695.33,695.33,BRL,168.529.407-30,Porto S/A,Fogaça de da Conceição,RS,2026-05-25 01:16:38
FLOW-0000000140,POL-00000266,CLM-00000668,CLAIM_PAYMENT,DEBIT,CANCELLED,2025-04-04,2025-04-08,1053.78,1053.78,BRL,196.085.347-39,Azevedo,Nogueira do Oeste,AL,2026-05-25 01:16:38
FLOW-0000000141,POL-00000326,CLM-00000834,REINSURANCE,DEBIT,CANCELLED,2025-04-19,2025-04-21,4578.15,4578.15,BRL,035.914.287-79,Almeida,Castro Grande,SC,2026-05-25 01:16:38
FLOW-0000000142,POL-00000165,CLM-00000687,REFUND,PIX,FAILED,2025-07-06,2025-07-06,11776.76,0.0,BRL,971.284.356-46,Ferreira,Teixeira,SC,2026-05-25 01:16:38
FLOW-0000000143,POL-00000148,CLM-00000679,CANCELLATION,DEBIT,CANCELLED,2026-01-02,2026-01-03,8278.6,8278.6,BRL,862.051.374-53,Sousa,Dias de Minas,MT,2026-05-25 01:16:38
FLOW-0000000144,POL-00000130,CLM-00000332,PREMIUM_PAYMENT,PIX,FAILED,2024-10-03,2024-10-07,965.59,0.0,BRL,750.431.968-66,Cunha Vasconcelos - EI,Freitas de Borges,TO,2026-05-25 01:16:38
FLOW-0000000145,POL-00000212,CLM-00000056,PREMIUM_PAYMENT,BANK_SLIP,CANCELLED,2025-05-11,2025-05-14,21629.52,21629.52,BRL,184.609.523-98,Borges,Duarte Alegre,PA,2026-05-25 01:16:38
FLOW-0000000146,POL-00000390,CLM-00000053,REFUND,BANK_SLIP,CANCELLED,2026-01-03,2026-01-07,9076.4,9076.4,BRL,738.621.495-28,da Conceição,Viana,PR,2026-05-25 01:16:38
FLOW-0000000147,POL-00000451,CLM-00000716,COMMISSION,DEBIT,CANCELLED,2025-02-01,2025-02-03,13753.03,13753.03,BRL,021.384.596-24,Azevedo Almeida Ltda.,Abreu,RJ,2026-05-25 01:16:38
FLOW-0000000148,POL-00000364,CLM-00000163,CANCELLATION,CREDIT_CARD,PROCESSED,2025-02-17,2025-02-17,770.29,770.29,BRL,532.604.879-56,Cunha Fonseca - ME,Macedo,PE,2026-05-25 01:16:38
FLOW-0000000149,POL-00000116,CLM-00000862,REFUND,PIX,PENDING,2024-08-15,2024-08-19,391.18,391.18,BRL,879.306.425-00,da Rosa Rios e Filhos,Nunes de Ramos,MS,2026-05-25 01:16:38
FLOW-0000000150,POL-00000256,CLM-00000956,CANCELLATION,CREDIT_CARD,PROCESSED,2024-07-30,2024-08-02,23679.17,23679.17,BRL,786.325.190-77,Oliveira,Moura,AP,2026-05-25 01:16:38
FLOW-0000000151,POL-00000242,CLM-00000250,REFUND,DEBIT,CANCELLED,2026-03-20,2026-03-24,17650.02,17650.02,BRL,018.957.346-57,Novais,Cavalcante,AC,2026-05-25 01:16:38
FLOW-0000000152,POL-00000443,CLM-00000072,CLAIM_PAYMENT,CREDIT_CARD,PROCESSED,2026-02-27,2026-03-03,3658.82,3658.82,BRL,875.402.169-30,da Paz,Martins do Sul,CE,2026-05-25 01:16:38
FLOW-0000000153,POL-00000421,CLM-00000003,REINSURANCE,CREDIT_CARD,FAILED,2025-05-05,2025-05-08,8529.89,0.0,BRL,360.194.572-06,Cassiano,Aparecida,PE,2026-05-25 01:16:38
FLOW-0000000154,POL-00000444,CLM-00000153,REINSURANCE,DEBIT,CANCELLED,2025-08-15,2025-08-20,7498.97,7498.97,BRL,268.013.745-08,Cavalcante - ME,Freitas,RR,2026-05-25 01:16:38
FLOW-0000000155,POL-00000234,CLM-00000956,COMMISSION,CREDIT_CARD,CANCELLED,2026-01-03,2026-01-07,12134.32,12134.32,BRL,486.397.502-38,Mendes Ltda.,Cavalcanti de Leão,RS,2026-05-25 01:16:38
FLOW-0000000156,POL-00000120,CLM-00000877,CLAIM_PAYMENT,DEBIT,CANCELLED,2025-09-20,2025-09-21,24520.33,24520.33,BRL,749.362.851-37,Duarte,Lima,AM,2026-05-25 01:16:38
FLOW-0000000157,POL-00000198,CLM-00000680,REFUND,BANK_SLIP,CANCELLED,2024-09-07,2024-09-07,7988.5,7988.5,BRL,218.537.940-23,da Rosa - ME,Barros da Praia,RJ,2026-05-25 01:16:38
FLOW-0000000158,POL-00000446,CLM-00000103,CLAIM_PAYMENT,DEBIT,FAILED,2025-11-26,2025-11-29,24122.37,0.0,BRL,731.409.528-05,Azevedo,Leão,RN,2026-05-25 01:16:38
FLOW-0000000159,POL-00000370,CLM-00000148,REFUND,DEBIT,PENDING,2025-10-26,2025-10-26,13172.48,13172.48,BRL,630.582.179-86,Costela,Teixeira,GO,2026-05-25 01:16:38
FLOW-0000000160,POL-00000401,CLM-00000993,PREMIUM_PAYMENT,CREDIT_CARD,CANCELLED,2025-08-19,2025-08-24,24250.42,24250.42,BRL,720.134.695-43,Sales,Novaes do Galho,MG,2026-05-25 01:16:38
FLOW-0000000161,POL-00000437,CLM-00000337,REFUND,BANK_TRANSFER,PENDING,2024-09-29,2024-10-01,15600.32,15600.32,BRL,290.184.657-20,Almeida,Câmara dos Dourados,GO,2026-05-25 01:16:38
FLOW-0000000162,POL-00000447,CLM-00000555,CANCELLATION,PIX,CANCELLED,2026-01-22,2026-01-25,23855.78,23855.78,BRL,589.642.073-00,Camargo Silveira S.A.,Duarte,PB,2026-05-25 01:16:38
FLOW-0000000163,POL-00000117,CLM-00000765,CANCELLATION,PIX,FAILED,2025-08-26,2025-08-30,1757.1,0.0,BRL,346.971.205-07,Gomes - ME,Nascimento,RR,2026-05-25 01:16:38
FLOW-0000000164,POL-00000228,CLM-00000171,CANCELLATION,CREDIT_CARD,PENDING,2024-10-09,2024-10-12,24459.53,24459.53,BRL,486.237.150-71,Silveira Ltda.,Caldeira,RS,2026-05-25 01:16:38
FLOW-0000000165,POL-00000184,CLM-00000384,PREMIUM_PAYMENT,DEBIT,FAILED,2025-08-07,2025-08-07,1197.47,0.0,BRL,851.370.469-57,Porto,Vargas,PB,2026-05-25 01:16:38
FLOW-0000000166,POL-00000088,CLM-00000180,REFUND,PIX,PROCESSED,2024-05-24,2024-05-25,6142.73,6142.73,BRL,402.631.598-33,Câmara S.A.,Pacheco,MT,2026-05-25 01:16:38
FLOW-0000000167,POL-00000255,CLM-00000935,REINSURANCE,BANK_TRANSFER,PROCESSED,2025-02-10,2025-02-14,21777.45,21777.45,BRL,734.086.529-29,Pacheco,Dias de Rocha,BA,2026-05-25 01:16:38
FLOW-0000000168,POL-00000236,CLM-00000262,CANCELLATION,PIX,FAILED,2025-10-05,2025-10-06,5843.1,0.0,BRL,814.097.563-00,Silveira,Albuquerque do Norte,ES,2026-05-25 01:16:38
FLOW-0000000169,POL-00000038,CLM-00000453,CANCELLATION,CREDIT_CARD,PROCESSED,2025-03-03,2025-03-06,22535.18,22535.18,BRL,740.685.912-02,Ribeiro S/A,Pacheco,PA,2026-05-25 01:16:38
FLOW-0000000170,POL-00000234,CLM-00000866,REFUND,CREDIT_CARD,FAILED,2024-06-05,2024-06-09,7513.9,0.0,BRL,437.916.850-66,Sales,Borges,MA,2026-05-25 01:16:38
FLOW-0000000171,POL-00000122,CLM-00000391,REFUND,BANK_TRANSFER,PENDING,2025-11-20,2025-11-21,24984.37,24984.37,BRL,846.732.019-22,Aparecida,Oliveira das Pedras,RJ,2026-05-25 01:16:38
FLOW-0000000172,POL-00000012,CLM-00000850,CANCELLATION,DEBIT,FAILED,2025-01-15,2025-01-17,14391.56,0.0,BRL,915.406.873-84,Pinto S/A,Aparecida,RR,2026-05-25 01:16:38
FLOW-0000000173,POL-00000467,CLM-00000621,CANCELLATION,DEBIT,PENDING,2025-03-26,2025-03-28,252.04,252.04,BRL,590.413.862-89,Moreira Nunes S.A.,Vieira,CE,2026-05-25 01:16:38
FLOW-0000000174,POL-00000113,CLM-00000652,CLAIM_PAYMENT,BANK_SLIP,FAILED,2025-04-15,2025-04-17,19404.74,0.0,BRL,813.526.074-17,Lima,Mendes,RN,2026-05-25 01:16:38
FLOW-0000000175,POL-00000322,CLM-00000100,CANCELLATION,PIX,PROCESSED,2025-10-13,2025-10-17,6303.14,6303.14,BRL,715.028.496-58,da Rosa Souza S/A,Pinto,GO,2026-05-25 01:16:38
FLOW-0000000176,POL-00000375,CLM-00000135,PREMIUM_PAYMENT,PIX,FAILED,2024-08-17,2024-08-19,19725.83,0.0,BRL,914.685.730-39,Caldeira S.A.,Aragão Alegre,SP,2026-05-25 01:16:38
FLOW-0000000177,POL-00000103,CLM-00000136,REFUND,BANK_TRANSFER,PROCESSED,2024-09-16,2024-09-18,8201.64,8201.64,BRL,169.802.735-40,Duarte S/A,Ramos,MT,2026-05-25 01:16:38
FLOW-0000000178,POL-00000132,CLM-00000936,COMMISSION,DEBIT,PROCESSED,2024-06-29,2024-07-01,13294.77,13294.77,BRL,970.635.428-00,Barros,Vasconcelos do Norte,PA,2026-05-25 01:16:38
FLOW-0000000179,POL-00000240,CLM-00000987,COMMISSION,PIX,PENDING,2024-08-02,2024-08-04,18676.66,18676.66,BRL,681.709.342-22,Viana S/A,Vasconcelos do Galho,MA,2026-05-25 01:16:38
FLOW-0000000180,POL-00000496,CLM-00000867,CLAIM_PAYMENT,BANK_TRANSFER,CANCELLED,2024-12-25,2024-12-26,18866.08,18866.08,BRL,683.120.745-62,Mendes,Pires da Praia,RR,2026-05-25 01:16:38
FLOW-0000000181,POL-00000136,CLM-00000550,REFUND,PIX,PENDING,2025-07-24,2025-07-26,2303.06,2303.06,BRL,867.902.451-11,da Mota Albuquerque e Filhos,Carvalho,AL,2026-05-25 01:16:38
FLOW-0000000182,POL-00000300,CLM-00000391,CANCELLATION,CREDIT_CARD,FAILED,2025-08-24,2025-08-27,9246.21,0.0,BRL,548.371.029-05,Novaes,da Rocha,RO,2026-05-25 01:16:38
FLOW-0000000183,POL-00000318,CLM-00000906,REFUND,BANK_TRANSFER,PENDING,2025-02-09,2025-02-09,16887.17,16887.17,BRL,734.891.065-39,Vargas - EI,Casa Grande,PR,2026-05-25 01:16:38
FLOW-0000000184,POL-00000326,CLM-00000844,CLAIM_PAYMENT,DEBIT,PENDING,2026-01-27,2026-01-29,22885.63,22885.63,BRL,691.345.807-00,Rezende,Fogaça de Costela,PR,2026-05-25 01:16:38
FLOW-0000000185,POL-00000072,CLM-00000047,REFUND,PIX,PENDING,2025-02-20,2025-02-25,7589.64,7589.64,BRL,405.732.981-14,Farias - ME,Ribeiro do Norte,GO,2026-05-25 01:16:38
FLOW-0000000186,POL-00000121,CLM-00000909,PREMIUM_PAYMENT,BANK_TRANSFER,PENDING,2025-08-14,2025-08-16,24898.39,24898.39,BRL,932.615.078-02,Nogueira,Ferreira de Moreira,ES,2026-05-25 01:16:38
FLOW-0000000187,POL-00000301,CLM-00000761,COMMISSION,BANK_SLIP,CANCELLED,2024-08-16,2024-08-17,9746.71,9746.71,BRL,385.694.071-57,da Luz,Rocha da Mata,PA,2026-05-25 01:16:38
FLOW-0000000188,POL-00000481,CLM-00000975,REFUND,CREDIT_CARD,CANCELLED,2024-12-06,2024-12-09,16390.3,16390.3,BRL,670.821.435-08,Camargo S.A.,Farias de Fernandes,AM,2026-05-25 01:16:38
FLOW-0000000189,POL-00000228,CLM-00000974,CLAIM_PAYMENT,BANK_SLIP,CANCELLED,2025-10-16,2025-10-16,17272.5,17272.5,BRL,235.841.970-23,Rezende Leão - ME,Jesus do Galho,PI,2026-05-25 01:16:38
FLOW-0000000190,POL-00000279,CLM-00000924,CANCELLATION,CREDIT_CARD,FAILED,2025-11-20,2025-11-22,2528.9,0.0,BRL,392.085.741-05,Santos Caldeira e Filhos,Gomes,MA,2026-05-25 01:16:38
FLOW-0000000191,POL-00000486,CLM-00000869,CLAIM_PAYMENT,DEBIT,PENDING,2025-11-22,2025-11-22,9983.58,9983.58,BRL,763.428.590-00,Cavalcante,Sá,RS,2026-05-25 01:16:38
FLOW-0000000192,POL-00000026,CLM-00000806,CANCELLATION,CREDIT_CARD,PENDING,2026-02-14,2026-02-14,16586.08,16586.08,BRL,290.376.581-21,Sá,da Costa,AC,2026-05-25 01:16:38
FLOW-0000000193,POL-00000036,CLM-00000850,REINSURANCE,BANK_TRANSFER,PROCESSED,2026-03-23,2026-03-24,24721.08,24721.08,BRL,462.138.097-40,Leão S/A,Siqueira,RN,2026-05-25 01:16:38
FLOW-0000000194,POL-00000397,CLM-00000152,CLAIM_PAYMENT,BANK_TRANSFER,FAILED,2025-09-21,2025-09-22,14680.26,0.0,BRL,825.496.071-20,Costa Costa S/A,da Costa da Prata,AL,2026-05-25 01:16:38
FLOW-0000000195,POL-00000277,CLM-00000257,CLAIM_PAYMENT,BANK_SLIP,PROCESSED,2026-04-13,2026-04-13,6968.01,6968.01,BRL,371.549.086-10,Sales Andrade Ltda.,Pereira,MG,2026-05-25 01:16:38
FLOW-0000000196,POL-00000008,CLM-00000367,PREMIUM_PAYMENT,BANK_SLIP,PROCESSED,2026-01-15,2026-01-15,16543.39,16543.39,BRL,702.163.894-96,Sá S.A.,Aparecida Paulista,SC,2026-05-25 01:16:38
FLOW-0000000197,POL-00000027,CLM-00000130,CLAIM_PAYMENT,DEBIT,FAILED,2024-08-07,2024-08-11,8128.1,0.0,BRL,204.685.391-15,Pastor S/A,da Mata,AP,2026-05-25 01:16:38
FLOW-0000000198,POL-00000230,CLM-00000797,PREMIUM_PAYMENT,CREDIT_CARD,CANCELLED,2025-10-24,2025-10-28,2885.55,2885.55,BRL,751.869.230-95,Macedo,da Conceição de Goiás,SE,2026-05-25 01:16:38
FLOW-0000000199,POL-00000485,CLM-00000630,REFUND,PIX,PROCESSED,2025-02-06,2025-02-10,14861.97,14861.97,BRL,591.387.204-50,Cardoso da Costa Ltda.,da Cruz de Siqueira,RS,2026-05-25 01:16:38
FLOW-0000000200,POL-00000235,CLM-00000659,CANCELLATION,PIX,FAILED,2024-09-20,2024-09-25,19591.51,0.0,BRL,754.908.261-85,da Cunha Guerra Ltda.,Rocha,TO,2026-05-25 01:16:38
FLOW-0000000201,POL-00000352,CLM-00000111,REFUND,DEBIT,CANCELLED,2025-06-14,2025-06-14,24964.74,24964.74,BRL,459.718.023-05,Ribeiro S.A.,Novaes de Santos,PR,2026-05-25 01:16:38
FLOW-0000000202,POL-00000165,CLM-00000623,PREMIUM_PAYMENT,BANK_SLIP,PENDING,2025-10-28,2025-11-02,22747.04,22747.04,BRL,245.093.186-42,Albuquerque,da Paz,CE,2026-05-25 01:16:38
FLOW-0000000203,POL-00000196,CLM-00000612,REINSURANCE,BANK_TRANSFER,FAILED,2025-10-30,2025-10-30,3198.48,0.0,BRL,731.290.465-34,Nascimento,Guerra,RN,2026-05-25 01:16:38
FLOW-0000000204,POL-00000051,CLM-00000813,REINSURANCE,PIX,CANCELLED,2025-02-19,2025-02-21,11370.2,11370.2,BRL,591.278.063-59,Fogaça S/A,Lopes,RS,2026-05-25 01:16:38
FLOW-0000000205,POL-00000221,CLM-00000463,REINSURANCE,BANK_SLIP,PROCESSED,2024-06-13,2024-06-18,16290.37,16290.37,BRL,279.563.014-16,Teixeira,Cunha do Sul,TO,2026-05-25 01:16:38
FLOW-0000000206,POL-00000213,CLM-00000748,REFUND,PIX,CANCELLED,2024-08-27,2024-08-30,8506.34,8506.34,BRL,839.741.065-10,Pastor,Camargo de Correia,PR,2026-05-25 01:16:38
FLOW-0000000207,POL-00000192,CLM-00000977,CANCELLATION,BANK_SLIP,FAILED,2024-12-17,2024-12-19,10697.76,0.0,BRL,390.457.286-56,Vieira - EI,Monteiro dos Dourados,RS,2026-05-25 01:16:38
FLOW-0000000208,POL-00000426,CLM-00000088,PREMIUM_PAYMENT,PIX,PENDING,2025-01-05,2025-01-10,23078.48,23078.48,BRL,256.891.470-01,Pimenta,Andrade,SC,2026-05-25 01:16:38
FLOW-0000000209,POL-00000416,CLM-00000134,CANCELLATION,BANK_TRANSFER,FAILED,2025-07-19,2025-07-22,2459.28,0.0,BRL,045.139.782-79,Caldeira - ME,Silva,RJ,2026-05-25 01:16:38
FLOW-0000000210,POL-00000344,CLM-00000126,REINSURANCE,DEBIT,FAILED,2025-12-05,2025-12-05,14682.3,0.0,BRL,198.430.627-87,da Rosa S.A.,da Cruz,AL,2026-05-25 01:16:38
FLOW-0000000211,POL-00000496,CLM-00000295,REFUND,BANK_TRANSFER,PENDING,2025-09-10,2025-09-12,21846.5,21846.5,BRL,126.987.403-96,Pereira,Sampaio,DF,2026-05-25 01:16:38
FLOW-0000000212,POL-00000080,CLM-00000673,REINSURANCE,DEBIT,PROCESSED,2025-05-21,2025-05-23,8823.57,8823.57,BRL,480.315.729-41,Guerra - EI,Moura,AP,2026-05-25 01:16:38
FLOW-0000000213,POL-00000059,CLM-00000781,COMMISSION,CREDIT_CARD,FAILED,2024-12-28,2024-12-29,21189.51,0.0,BRL,641.258.937-64,Peixoto,Sampaio do Oeste,RS,2026-05-25 01:16:38
FLOW-0000000214,POL-00000312,CLM-00000952,REFUND,CREDIT_CARD,PENDING,2025-12-05,2025-12-09,5692.67,5692.67,BRL,271.398.064-03,da Costa,Nogueira Verde,DF,2026-05-25 01:16:38
FLOW-0000000215,POL-00000472,CLM-00000348,CANCELLATION,CREDIT_CARD,FAILED,2024-06-01,2024-06-01,4551.38,0.0,BRL,047.826.931-50,Oliveira,Pacheco,AC,2026-05-25 01:16:38
FLOW-0000000216,POL-00000036,CLM-00000146,CLAIM_PAYMENT,PIX,CANCELLED,2025-11-21,2025-11-21,4576.07,4576.07,BRL,467.318.209-03,Cavalcante Azevedo Ltda.,Cavalcanti da Praia,AP,2026-05-25 01:16:38
FLOW-0000000217,POL-00000215,CLM-00000465,CLAIM_PAYMENT,CREDIT_CARD,CANCELLED,2026-02-17,2026-02-17,18665.49,18665.49,BRL,730.124.865-26,Cavalcanti,da Costa,MS,2026-05-25 01:16:38
FLOW-0000000218,POL-00000398,CLM-00000965,CANCELLATION,BANK_TRANSFER,FAILED,2025-12-29,2025-12-30,9282.82,0.0,BRL,354.872.160-53,Duarte Pastor S/A,Borges do Oeste,RN,2026-05-25 01:16:38
FLOW-0000000219,POL-00000081,CLM-00000773,PREMIUM_PAYMENT,BANK_TRANSFER,PROCESSED,2025-12-07,2025-12-11,2169.68,2169.68,BRL,281.056.793-02,Barbosa e Filhos,Pastor das Pedras,BA,2026-05-25 01:16:38
FLOW-0000000220,POL-00000339,CLM-00000435,COMMISSION,DEBIT,CANCELLED,2025-09-03,2025-09-03,16865.52,16865.52,BRL,480.536.179-48,Pereira Ltda.,Nogueira,PA,2026-05-25 01:16:38
FLOW-0000000221,POL-00000387,CLM-00000525,COMMISSION,PIX,PROCESSED,2026-01-31,2026-02-04,11079.0,11079.0,BRL,638.417.925-37,Santos,Leão dos Dourados,BA,2026-05-25 01:16:38
FLOW-0000000222,POL-00000270,CLM-00000684,COMMISSION,CREDIT_CARD,CANCELLED,2026-05-18,2026-05-20,10776.35,10776.35,BRL,189.273.406-04,Borges Pimenta - EI,Montenegro,BA,2026-05-25 01:16:38
FLOW-0000000223,POL-00000004,CLM-00000210,REINSURANCE,CREDIT_CARD,PENDING,2024-11-08,2024-11-08,5551.93,5551.93,BRL,978.134.652-37,Rodrigues S.A.,Albuquerque de Goiás,MT,2026-05-25 01:16:38
FLOW-0000000224,POL-00000168,CLM-00000123,COMMISSION,PIX,FAILED,2025-08-14,2025-08-15,19195.37,0.0,BRL,135.046.798-75,Porto - EI,Pereira de Mendonça,CE,2026-05-25 01:16:38
FLOW-0000000225,POL-00000195,CLM-00000546,CLAIM_PAYMENT,BANK_SLIP,PROCESSED,2025-11-03,2025-11-06,18688.0,18688.0,BRL,807.192.345-14,Montenegro Porto e Filhos,Sales do Norte,RS,2026-05-25 01:16:38
FLOW-0000000226,POL-00000037,CLM-00000407,CANCELLATION,PIX,FAILED,2025-11-20,2025-11-24,13990.15,0.0,BRL,421.597.063-61,Ferreira,Abreu,PA,2026-05-25 01:16:38
FLOW-0000000227,POL-00000295,CLM-00000440,PREMIUM_PAYMENT,BANK_TRANSFER,FAILED,2025-01-03,2025-01-06,517.6,0.0,BRL,507.364.981-84,Ferreira,Montenegro,TO,2026-05-25 01:16:38
FLOW-0000000228,POL-00000059,CLM-00000415,REFUND,PIX,FAILED,2025-07-17,2025-07-20,17752.0,0.0,BRL,370.146.925-34,Melo,Pacheco,AL,2026-05-25 01:16:38
FLOW-0000000229,POL-00000426,CLM-00000707,REINSURANCE,CREDIT_CARD,CANCELLED,2025-09-02,2025-09-04,4338.24,4338.24,BRL,645.031.729-99,Sales,Camargo do Norte,DF,2026-05-25 01:16:38
FLOW-0000000230,POL-00000224,CLM-00000604,PREMIUM_PAYMENT,DEBIT,PROCESSED,2025-01-27,2025-01-27,10945.96,10945.96,BRL,726.931.845-09,Fogaça - ME,Garcia,DF,2026-05-25 01:16:38
FLOW-0000000231,POL-00000114,CLM-00000342,COMMISSION,BANK_SLIP,FAILED,2024-12-25,2024-12-29,2012.24,0.0,BRL,213.978.645-91,Fernandes,Nascimento,CE,2026-05-25 01:16:38
FLOW-0000000232,POL-00000464,CLM-00000795,PREMIUM_PAYMENT,CREDIT_CARD,PROCESSED,2024-11-10,2024-11-10,12786.56,12786.56,BRL,983.602.417-40,Aragão,Nogueira,PA,2026-05-25 01:16:38
FLOW-0000000233,POL-00000121,CLM-00000106,CANCELLATION,BANK_SLIP,PROCESSED,2025-04-23,2025-04-25,18198.11,18198.11,BRL,318.496.527-91,Almeida S/A,Montenegro da Prata,AL,2026-05-25 01:16:38
FLOW-0000000234,POL-00000390,CLM-00000778,REINSURANCE,PIX,PROCESSED,2025-04-15,2025-04-17,4971.93,4971.93,BRL,351.407.829-79,Fonseca Guerra e Filhos,Fogaça das Pedras,PI,2026-05-25 01:16:38
FLOW-0000000235,POL-00000238,CLM-00000773,CANCELLATION,BANK_TRANSFER,CANCELLED,2025-01-04,2025-01-05,23784.74,23784.74,BRL,691.523.487-09,Mendonça Dias - ME,Guerra do Norte,MA,2026-05-25 01:16:38
FLOW-0000000236,POL-00000443,CLM-00000995,REINSURANCE,CREDIT_CARD,FAILED,2026-02-15,2026-02-19,11250.19,0.0,BRL,329.475.106-07,Pacheco - EI,da Costa de Goiás,MA,2026-05-25 01:16:38
FLOW-0000000237,POL-00000324,CLM-00000311,REFUND,CREDIT_CARD,CANCELLED,2025-01-23,2025-01-24,11022.08,11022.08,BRL,192.608.534-51,Duarte - EI,Novaes,AL,2026-05-25 01:16:38
FLOW-0000000238,POL-00000159,CLM-00000473,REINSURANCE,DEBIT,PENDING,2024-11-24,2024-11-28,1451.49,1451.49,BRL,457.680.239-92,da Conceição Oliveira e Filhos,Machado do Galho,MG,2026-05-25 01:16:38
FLOW-0000000239,POL-00000331,CLM-00000885,COMMISSION,PIX,PENDING,2025-03-12,2025-03-12,1469.41,1469.41,BRL,169.830.547-84,da Cruz,Cassiano,SC,2026-05-25 01:16:38
FLOW-0000000240,POL-00000298,CLM-00000568,REFUND,PIX,CANCELLED,2026-03-18,2026-03-22,14872.29,14872.29,BRL,260.597.438-38,Barbosa Garcia - ME,Vieira,RR,2026-05-25 01:16:38
FLOW-0000000241,POL-00000165,CLM-00000620,REINSURANCE,DEBIT,PROCESSED,2026-05-20,2026-05-23,22730.8,22730.8,BRL,501.479.362-25,Mendes,Aragão,SE,2026-05-25 01:16:38
FLOW-0000000242,POL-00000053,CLM-00000831,PREMIUM_PAYMENT,CREDIT_CARD,CANCELLED,2024-07-31,2024-08-04,3813.98,3813.98,BRL,129.803.547-32,Fonseca,da Cunha,DF,2026-05-25 01:16:38
FLOW-0000000243,POL-00000021,CLM-00000254,CANCELLATION,DEBIT,PROCESSED,2024-12-11,2024-12-16,2154.01,2154.01,BRL,769.153.042-07,Ribeiro,Silva do Oeste,AC,2026-05-25 01:16:38
FLOW-0000000244,POL-00000187,CLM-00000382,REINSURANCE,CREDIT_CARD,PROCESSED,2024-07-16,2024-07-19,13125.51,13125.51,BRL,948.012.675-30,Mendonça,Costela do Galho,MG,2026-05-25 01:16:38
FLOW-0000000245,POL-00000405,CLM-00000647,COMMISSION,CREDIT_CARD,PENDING,2024-12-06,2024-12-09,10248.8,10248.8,BRL,519.832.647-09,Mendes,Cunha,PI,2026-05-25 01:16:38
FLOW-0000000246,POL-00000146,CLM-00000259,REINSURANCE,BANK_TRANSFER,CANCELLED,2025-06-21,2025-06-21,8275.78,8275.78,BRL,946.753.820-29,da Mata e Filhos,da Cunha,MA,2026-05-25 01:16:38
FLOW-0000000247,POL-00000470,CLM-00000359,REINSURANCE,CREDIT_CARD,PROCESSED,2026-05-06,2026-05-07,8367.38,8367.38,BRL,932.681.745-82,Silveira,Pires de das Neves,RN,2026-05-25 01:16:38
FLOW-0000000248,POL-00000305,CLM-00000726,REFUND,PIX,PROCESSED,2024-07-24,2024-07-29,17477.08,17477.08,BRL,157.429.360-52,Almeida - ME,Borges Paulista,PA,2026-05-25 01:16:38
FLOW-0000000249,POL-00000417,CLM-00000131,CANCELLATION,BANK_TRANSFER,FAILED,2026-01-29,2026-01-31,13995.11,0.0,BRL,263.801.974-78,Pires,Fernandes da Mata,MS,2026-05-25 01:16:38
FLOW-0000000250,POL-00000010,CLM-00000372,REFUND,CREDIT_CARD,FAILED,2025-01-11,2025-01-11,16168.32,0.0,BRL,321.865.047-07,Nogueira,Câmara,RJ,2026-05-25 01:16:38
FLOW-0000000251,POL-00000099,CLM-00000232,COMMISSION,BANK_SLIP,CANCELLED,2025-04-28,2025-04-29,23781.67,23781.67,BRL,564.039.278-92,da Paz Ltda.,Lima,MT,2026-05-25 01:16:38
FLOW-0000000252,POL-00000339,CLM-00000345,PREMIUM_PAYMENT,BANK_TRANSFER,PENDING,2026-05-10,2026-05-11,1975.27,1975.27,BRL,156.079.284-11,Freitas,Freitas,BA,2026-05-25 01:16:38
FLOW-0000000253,POL-00000093,CLM-00000852,CLAIM_PAYMENT,BANK_TRANSFER,PROCESSED,2025-09-03,2025-09-04,14951.3,14951.3,BRL,568.914.072-49,Cardoso,Silva,MT,2026-05-25 01:16:38
FLOW-0000000254,POL-00000187,CLM-00000693,PREMIUM_PAYMENT,BANK_SLIP,CANCELLED,2026-01-10,2026-01-11,18043.52,18043.52,BRL,802.316.745-62,Cunha - ME,Cardoso,AC,2026-05-25 01:16:38
FLOW-0000000255,POL-00000120,CLM-00000547,CANCELLATION,BANK_SLIP,CANCELLED,2024-06-29,2024-07-02,15284.36,15284.36,BRL,075.623.819-68,Freitas,Leão de da Rosa,RN,2026-05-25 01:16:38
FLOW-0000000256,POL-00000189,CLM-00000695,REFUND,BANK_TRANSFER,PROCESSED,2026-02-23,2026-02-25,24141.64,24141.64,BRL,913.428.560-15,Farias,da Cruz do Amparo,RR,2026-05-25 01:16:38
FLOW-0000000257,POL-00000258,CLM-00000541,COMMISSION,DEBIT,CANCELLED,2025-02-21,2025-02-24,11568.92,11568.92,BRL,281.457.936-37,Correia - EI,Novais,MG,2026-05-25 01:16:38
FLOW-0000000258,POL-00000447,CLM-00000257,REINSURANCE,PIX,PROCESSED,2025-05-07,2025-05-08,20431.44,20431.44,BRL,150.839.264-15,Moraes Ferreira S.A.,Castro de Andrade,TO,2026-05-25 01:16:38
FLOW-0000000259,POL-00000365,CLM-00000867,COMMISSION,BANK_TRANSFER,PENDING,2025-03-17,2025-03-22,12040.74,12040.74,BRL,073.568.294-10,Oliveira - ME,da Cruz,RJ,2026-05-25 01:16:38
FLOW-0000000260,POL-00000231,CLM-00000928,CLAIM_PAYMENT,BANK_TRANSFER,FAILED,2025-12-19,2025-12-19,7162.32,0.0,BRL,729.081.435-50,Correia,Azevedo do Oeste,AM,2026-05-25 01:16:38
FLOW-0000000261,POL-00000419,CLM-00000462,PREMIUM_PAYMENT,CREDIT_CARD,PROCESSED,2025-02-14,2025-02-15,20784.62,20784.62,BRL,270.861.345-62,Nogueira,Moraes de Sousa,CE,2026-05-25 01:16:38
FLOW-0000000262,POL-00000121,CLM-00000396,REFUND,PIX,FAILED,2024-10-29,2024-10-29,10401.68,0.0,BRL,769.083.145-10,da Mota Alves S.A.,Araújo de Melo,BA,2026-05-25 01:16:38
FLOW-0000000263,POL-00000430,CLM-00000732,COMMISSION,CREDIT_CARD,PENDING,2024-10-29,2024-10-31,5652.24,5652.24,BRL,402.569.813-70,Rios,da Cunha,SP,2026-05-25 01:16:38
FLOW-0000000264,POL-00000357,CLM-00000852,COMMISSION,BANK_SLIP,CANCELLED,2025-08-20,2025-08-21,3483.11,3483.11,BRL,465.123.089-05,Pacheco - ME,Pinto,PI,2026-05-25 01:16:38
FLOW-0000000265,POL-00000464,CLM-00000082,REINSURANCE,PIX,PENDING,2025-10-09,2025-10-14,11754.3,11754.3,BRL,645.937.802-92,Brito S/A,Pereira do Norte,SC,2026-05-25 01:16:38
FLOW-0000000266,POL-00000057,CLM-00000795,CLAIM_PAYMENT,CREDIT_CARD,CANCELLED,2025-08-30,2025-09-01,5430.59,5430.59,BRL,932.754.168-55,Casa Grande,Monteiro de Albuquerque,MG,2026-05-25 01:16:38
FLOW-0000000267,POL-00000215,CLM-00000655,PREMIUM_PAYMENT,BANK_TRANSFER,PROCESSED,2025-01-21,2025-01-22,7563.72,7563.72,BRL,987.456.103-39,Fonseca,Machado,MT,2026-05-25 01:16:38
FLOW-0000000268,POL-00000324,CLM-00000528,REFUND,BANK_TRANSFER,PENDING,2026-02-15,2026-02-18,1617.04,1617.04,BRL,351.472.689-28,Carvalho,Araújo de Cassiano,MT,2026-05-25 01:16:38
FLOW-0000000269,POL-00000001,CLM-00000630,COMMISSION,CREDIT_CARD,CANCELLED,2025-06-04,2025-06-05,17977.68,17977.68,BRL,608.925.134-89,Carvalho,Pacheco,MG,2026-05-25 01:16:38
FLOW-0000000270,POL-00000269,CLM-00000999,CLAIM_PAYMENT,CREDIT_CARD,PENDING,2025-04-29,2025-04-30,14288.06,14288.06,BRL,754.321.960-34,Teixeira,da Cunha,TO,2026-05-25 01:16:38
FLOW-0000000271,POL-00000200,CLM-00000895,REINSURANCE,DEBIT,PENDING,2025-01-25,2025-01-25,23837.42,23837.42,BRL,987.540.162-58,Silveira,Sampaio da Serra,SE,2026-05-25 01:16:38
FLOW-0000000272,POL-00000383,CLM-00000017,COMMISSION,CREDIT_CARD,FAILED,2024-07-02,2024-07-02,15909.99,0.0,BRL,678.250.193-77,Duarte e Filhos,Leão de Rocha,RS,2026-05-25 01:16:38
FLOW-0000000273,POL-00000396,CLM-00000596,CANCELLATION,CREDIT_CARD,PENDING,2025-12-28,2025-12-28,8652.82,8652.82,BRL,016.985.734-48,Almeida,Ramos,PB,2026-05-25 01:16:38
FLOW-0000000274,POL-00000417,CLM-00000659,REINSURANCE,BANK_SLIP,FAILED,2026-01-02,2026-01-03,1156.18,0.0,BRL,508.937.421-04,Oliveira Fonseca Ltda.,Teixeira,PI,2026-05-25 01:16:38
FLOW-0000000275,POL-00000324,CLM-00000187,CANCELLATION,BANK_SLIP,CANCELLED,2026-03-31,2026-04-05,11642.34,11642.34,BRL,735.280.941-41,Machado,da Rocha da Serra,RJ,2026-05-25 01:16:38
FLOW-0000000276,POL-00000151,CLM-00000207,REFUND,PIX,PENDING,2025-04-11,2025-04-11,17915.32,17915.32,BRL,265.307.148-71,Sousa Ltda.,da Conceição,RN,2026-05-25 01:16:38
FLOW-0000000277,POL-00000264,CLM-00000408,COMMISSION,BANK_TRANSFER,FAILED,2025-03-22,2025-03-23,22150.47,0.0,BRL,854.026.937-65,Barros,Cavalcanti dos Dourados,AM,2026-05-25 01:16:38
FLOW-0000000278,POL-00000147,CLM-00000366,CANCELLATION,PIX,PROCESSED,2025-08-27,2025-08-30,6370.18,6370.18,BRL,890.547.136-66,Melo,Campos de Camargo,BA,2026-05-25 01:16:38
FLOW-0000000279,POL-00000224,CLM-00000911,PREMIUM_PAYMENT,DEBIT,FAILED,2026-02-23,2026-02-28,8331.52,0.0,BRL,674.128.903-87,Novaes,Novaes de da Costa,MS,2026-05-25 01:16:38
FLOW-0000000280,POL-00000499,CLM-00000192,REFUND,DEBIT,FAILED,2024-08-29,2024-09-03,11021.43,0.0,BRL,024.159.873-79,da Paz Freitas S/A,Brito Verde,PA,2026-05-25 01:16:38
FLOW-0000000281,POL-00000411,CLM-00000085,REINSURANCE,DEBIT,FAILED,2025-05-07,2025-05-12,12463.21,0.0,BRL,704.683.159-93,Souza Novaes e Filhos,Pimenta da Prata,SP,2026-05-25 01:16:38
FLOW-0000000282,POL-00000165,CLM-00000106,CLAIM_PAYMENT,PIX,FAILED,2026-02-03,2026-02-03,10793.65,0.0,BRL,458.203.791-79,Montenegro S/A,Casa Grande do Oeste,DF,2026-05-25 01:16:38
FLOW-0000000283,POL-00000309,CLM-00000735,COMMISSION,DEBIT,CANCELLED,2025-03-26,2025-03-28,16539.93,16539.93,BRL,638.754.912-46,Araújo,Leão do Norte,AL,2026-05-25 01:16:38
FLOW-0000000284,POL-00000022,CLM-00000745,COMMISSION,CREDIT_CARD,CANCELLED,2025-08-15,2025-08-16,17259.63,17259.63,BRL,642.590.178-02,da Mata - EI,Leão,PE,2026-05-25 01:16:38
FLOW-0000000285,POL-00000039,CLM-00000688,COMMISSION,DEBIT,PENDING,2025-10-24,2025-10-28,24953.86,24953.86,BRL,087.129.435-41,Sá,Souza do Norte,RN,2026-05-25 01:16:38
FLOW-0000000286,POL-00000488,CLM-00000032,CANCELLATION,BANK_SLIP,PROCESSED,2025-06-02,2025-06-04,12851.5,12851.5,BRL,452.638.091-15,Novaes - EI,Costa,BA,2026-05-25 01:16:38
FLOW-0000000287,POL-00000065,CLM-00000069,REFUND,BANK_SLIP,PENDING,2026-02-18,2026-02-22,16968.32,16968.32,BRL,143.508.296-60,Nascimento,Souza de Araújo,CE,2026-05-25 01:16:38
FLOW-0000000288,POL-00000310,CLM-00000158,REFUND,DEBIT,PENDING,2025-02-19,2025-02-24,9189.9,9189.9,BRL,548.967.123-82,Nogueira,da Rocha Verde,PA,2026-05-25 01:16:38
FLOW-0000000289,POL-00000272,CLM-00000376,PREMIUM_PAYMENT,DEBIT,PROCESSED,2024-10-15,2024-10-17,9331.73,9331.73,BRL,953.416.207-80,Araújo,Casa Grande do Norte,TO,2026-05-25 01:16:38
FLOW-0000000290,POL-00000014,CLM-00000754,CLAIM_PAYMENT,BANK_SLIP,PENDING,2025-06-05,2025-06-07,16256.54,16256.54,BRL,503.786.194-20,Pacheco,da Mota,PA,2026-05-25 01:16:38
FLOW-0000000291,POL-00000135,CLM-00000794,REINSURANCE,CREDIT_CARD,PENDING,2025-06-08,2025-06-11,12967.74,12967.74,BRL,365.914.028-70,Pinto,Caldeira do Oeste,SE,2026-05-25 01:16:38
FLOW-0000000292,POL-00000356,CLM-00000939,REINSURANCE,DEBIT,FAILED,2024-06-27,2024-07-02,11184.51,0.0,BRL,756.432.908-47,Fernandes,Aragão de Macedo,AP,2026-05-25 01:16:38
FLOW-0000000293,POL-00000089,CLM-00000921,PREMIUM_PAYMENT,DEBIT,CANCELLED,2026-02-04,2026-02-05,3109.8,3109.8,BRL,481.257.360-26,Fernandes,Abreu,CE,2026-05-25 01:16:38
FLOW-0000000294,POL-00000364,CLM-00000067,COMMISSION,BANK_TRANSFER,FAILED,2024-07-14,2024-07-14,20272.3,0.0,BRL,126.349.580-05,Mendes,Rios do Oeste,PB,2026-05-25 01:16:38
FLOW-0000000295,POL-00000365,CLM-00000727,COMMISSION,BANK_SLIP,PROCESSED,2024-06-18,2024-06-22,7294.54,7294.54,BRL,160.583.972-86,Vargas,Nascimento,MA,2026-05-25 01:16:38
FLOW-0000000296,POL-00000406,CLM-00000143,PREMIUM_PAYMENT,BANK_SLIP,PROCESSED,2024-10-17,2024-10-19,12743.46,12743.46,BRL,938.156.472-82,Farias,Porto,RJ,2026-05-25 01:16:38
FLOW-0000000297,POL-00000240,CLM-00000823,REINSURANCE,BANK_TRANSFER,FAILED,2024-12-14,2024-12-17,705.79,0.0,BRL,256.074.891-67,Correia Costela S/A,Marques,PA,2026-05-25 01:16:38
FLOW-0000000298,POL-00000159,CLM-00000408,PREMIUM_PAYMENT,DEBIT,PENDING,2025-09-19,2025-09-20,15318.11,15318.11,BRL,501.728.943-79,Lima,Marques do Amparo,PB,2026-05-25 01:16:38
FLOW-0000000299,POL-00000065,CLM-00000996,REFUND,CREDIT_CARD,PENDING,2025-04-15,2025-04-19,10299.34,10299.34,BRL,925.137.084-23,Marques S/A,Moraes,PR,2026-05-25 01:16:38
FLOW-0000000300,POL-00000066,CLM-00000900,REFUND,BANK_TRANSFER,FAILED,2026-01-17,2026-01-22,1900.42,0.0,BRL,194.305.726-52,Borges,Ferreira,MG,2026-05-25 01:16:38
FLOW-0000000301,POL-00000258,CLM-00000933,CLAIM_PAYMENT,PIX,CANCELLED,2025-07-19,2025-07-24,14715.26,14715.26,BRL,578.694.023-38,Dias,Souza,RJ,2026-05-25 01:16:38
FLOW-0000000302,POL-00000083,CLM-00000331,COMMISSION,BANK_SLIP,PROCESSED,2024-09-07,2024-09-07,12976.65,12976.65,BRL,956.187.204-85,Lopes Silva S.A.,Câmara,BA,2026-05-25 01:16:38
FLOW-0000000303,POL-00000434,CLM-00000081,REINSURANCE,CREDIT_CARD,FAILED,2024-12-31,2025-01-02,23689.7,0.0,BRL,905.213.476-61,Abreu,da Mota,PR,2026-05-25 01:16:38
FLOW-0000000304,POL-00000065,CLM-00000641,REINSURANCE,CREDIT_CARD,FAILED,2025-11-09,2025-11-10,15894.67,0.0,BRL,932.857.064-65,Pastor da Costa S/A,Cirino Grande,PB,2026-05-25 01:16:38
FLOW-0000000305,POL-00000304,CLM-00000965,REINSURANCE,BANK_TRANSFER,PROCESSED,2025-09-10,2025-09-14,13360.28,13360.28,BRL,712.394.056-34,Cavalcanti,Barbosa Grande,PB,2026-05-25 01:16:38
FLOW-0000000306,POL-00000432,CLM-00000947,REINSURANCE,BANK_TRANSFER,FAILED,2025-09-12,2025-09-13,4321.46,0.0,BRL,649.052.831-24,Vargas Azevedo S/A,Vargas do Oeste,PI,2026-05-25 01:16:38
FLOW-0000000307,POL-00000024,CLM-00000972,PREMIUM_PAYMENT,BANK_TRANSFER,PENDING,2025-04-03,2025-04-03,20639.64,20639.64,BRL,603.482.175-44,Costela,Camargo,PE,2026-05-25 01:16:38
FLOW-0000000308,POL-00000317,CLM-00000655,REINSURANCE,PIX,CANCELLED,2025-04-22,2025-04-24,16295.69,16295.69,BRL,294.673.108-13,das Neves,Andrade,RR,2026-05-25 01:16:38
FLOW-0000000309,POL-00000329,CLM-00000980,REINSURANCE,CREDIT_CARD,FAILED,2025-07-25,2025-07-28,22230.47,0.0,BRL,851.247.360-62,Ramos Pinto e Filhos,Borges,AC,2026-05-25 01:16:38
FLOW-0000000310,POL-00000153,CLM-00000465,CANCELLATION,PIX,CANCELLED,2025-11-13,2025-11-16,6159.7,6159.7,BRL,456.839.172-55,Camargo,Teixeira da Prata,RO,2026-05-25 01:16:38
FLOW-0000000311,POL-00000248,CLM-00000476,REFUND,BANK_SLIP,CANCELLED,2025-03-14,2025-03-19,1544.83,1544.83,BRL,516.782.039-12,Farias,da Conceição,PI,2026-05-25 01:16:38
FLOW-0000000312,POL-00000376,CLM-00000882,COMMISSION,CREDIT_CARD,FAILED,2025-09-30,2025-10-02,15186.17,0.0,BRL,601.352.947-70,Dias Lima - EI,Guerra Verde,ES,2026-05-25 01:16:38
FLOW-0000000313,POL-00000164,CLM-00000248,COMMISSION,DEBIT,PENDING,2024-06-01,2024-06-04,3312.62,3312.62,BRL,128.095.374-88,Almeida,Siqueira da Serra,AC,2026-05-25 01:16:38
FLOW-0000000314,POL-00000050,CLM-00000052,CLAIM_PAYMENT,CREDIT_CARD,PROCESSED,2026-03-24,2026-03-24,6723.42,6723.42,BRL,625.094.387-00,da Rosa,da Luz do Campo,MG,2026-05-25 01:16:38
FLOW-0000000315,POL-00000493,CLM-00000887,REFUND,BANK_SLIP,PROCESSED,2025-06-25,2025-06-28,21610.89,21610.89,BRL,693.178.504-48,Monteiro,Nogueira da Mata,RR,2026-05-25 01:16:38
FLOW-0000000316,POL-00000098,CLM-00000782,CANCELLATION,BANK_SLIP,FAILED,2025-11-06,2025-11-08,23347.1,0.0,BRL,234.198.560-24,Sousa da Paz e Filhos,Peixoto,ES,2026-05-25 01:16:38
FLOW-0000000317,POL-00000451,CLM-00000316,REFUND,DEBIT,CANCELLED,2026-04-10,2026-04-13,24899.44,24899.44,BRL,375.142.980-88,Campos e Filhos,da Rocha do Oeste,AL,2026-05-25 01:16:38
FLOW-0000000318,POL-00000495,CLM-00000247,REFUND,BANK_SLIP,CANCELLED,2025-05-31,2025-05-31,2296.72,2296.72,BRL,207.569.843-00,Sales,Pimenta de da Mota,AL,2026-05-25 01:16:38
FLOW-0000000319,POL-00000254,CLM-00000612,PREMIUM_PAYMENT,DEBIT,FAILED,2024-08-17,2024-08-21,8854.73,0.0,BRL,256.974.813-73,Cirino da Mata e Filhos,Freitas,AL,2026-05-25 01:16:38
FLOW-0000000320,POL-00000069,CLM-00000904,PREMIUM_PAYMENT,CREDIT_CARD,CANCELLED,2025-05-20,2025-05-22,13440.43,13440.43,BRL,408.359.672-47,Pimenta,Viana,SC,2026-05-25 01:16:38
FLOW-0000000321,POL-00000024,CLM-00000411,REFUND,PIX,FAILED,2025-06-24,2025-06-29,9176.15,0.0,BRL,054.721.389-14,Sousa,Carvalho do Oeste,SE,2026-05-25 01:16:38
FLOW-0000000322,POL-00000038,CLM-00000396,COMMISSION,BANK_TRANSFER,FAILED,2024-08-27,2024-08-31,14067.33,0.0,BRL,490.136.278-03,Dias,da Costa,PR,2026-05-25 01:16:38
FLOW-0000000323,POL-00000066,CLM-00000999,COMMISSION,PIX,PENDING,2025-10-06,2025-10-09,19121.88,19121.88,BRL,124.587.630-90,Carvalho e Filhos,Montenegro,MS,2026-05-25 01:16:38
FLOW-0000000324,POL-00000387,CLM-00000148,COMMISSION,BANK_SLIP,FAILED,2026-02-18,2026-02-21,9361.3,0.0,BRL,658.231.470-07,Gonçalves,Cavalcanti,CE,2026-05-25 01:16:38
FLOW-0000000325,POL-00000024,CLM-00000040,REINSURANCE,BANK_SLIP,PENDING,2026-03-28,2026-04-01,12752.61,12752.61,BRL,816.754.029-49,Vargas S.A.,Rocha de Campos,PA,2026-05-25 01:16:38
FLOW-0000000326,POL-00000077,CLM-00000621,REFUND,BANK_TRANSFER,CANCELLED,2025-07-16,2025-07-21,8359.37,8359.37,BRL,216.384.057-35,das Neves Azevedo e Filhos,Nogueira de Goiás,RS,2026-05-25 01:16:38
FLOW-0000000327,POL-00000084,CLM-00000403,REINSURANCE,BANK_TRANSFER,FAILED,2024-12-29,2024-12-30,8232.75,0.0,BRL,937.082.416-22,Fernandes - ME,Costela,PE,2026-05-25 01:16:38
FLOW-0000000328,POL-00000260,CLM-00000849,REINSURANCE,BANK_TRANSFER,FAILED,2025-08-09,2025-08-14,21072.92,0.0,BRL,167.352.980-12,Caldeira - ME,Correia,AC,2026-05-25 01:16:38
FLOW-0000000329,POL-00000244,CLM-00000836,REINSURANCE,PIX,FAILED,2026-04-12,2026-04-16,12271.67,0.0,BRL,024.781.653-17,Melo Ltda.,Costa,AC,2026-05-25 01:16:38
FLOW-0000000330,POL-00000299,CLM-00000316,PREMIUM_PAYMENT,PIX,CANCELLED,2024-12-18,2024-12-20,8314.43,8314.43,BRL,917.042.683-03,Vasconcelos Vargas S/A,Lima,SE,2026-05-25 01:16:38
FLOW-0000000331,POL-00000370,CLM-00000053,CANCELLATION,BANK_TRANSFER,PROCESSED,2025-01-17,2025-01-21,11891.03,11891.03,BRL,948.073.126-69,Cardoso S.A.,Alves,AC,2026-05-25 01:16:38
FLOW-0000000332,POL-00000076,CLM-00000842,CANCELLATION,BANK_SLIP,CANCELLED,2025-02-09,2025-02-12,4304.28,4304.28,BRL,597.184.603-57,Vasconcelos Pimenta Ltda.,Porto Paulista,MA,2026-05-25 01:16:38
FLOW-0000000333,POL-00000098,CLM-00000020,CANCELLATION,DEBIT,PENDING,2026-01-19,2026-01-19,14335.63,14335.63,BRL,032.641.879-22,Almeida Correia Ltda.,Caldeira,TO,2026-05-25 01:16:38
FLOW-0000000334,POL-00000211,CLM-00000514,REFUND,BANK_TRANSFER,PROCESSED,2024-11-03,2024-11-05,10498.57,10498.57,BRL,832.716.950-59,Duarte e Filhos,Cavalcanti,MS,2026-05-25 01:16:38
FLOW-0000000335,POL-00000362,CLM-00000142,CANCELLATION,BANK_TRANSFER,PENDING,2024-10-09,2024-10-12,21826.8,21826.8,BRL,109.532.684-89,Cunha Ribeiro - EI,Souza Paulista,SC,2026-05-25 01:16:38
FLOW-0000000336,POL-00000270,CLM-00000386,CANCELLATION,CREDIT_CARD,CANCELLED,2026-04-13,2026-04-14,14044.12,14044.12,BRL,894.531.026-60,Leão,da Conceição,PA,2026-05-25 01:16:38
FLOW-0000000337,POL-00000280,CLM-00000363,REINSURANCE,CREDIT_CARD,FAILED,2025-06-10,2025-06-11,11518.61,0.0,BRL,046.728.915-85,Macedo Ltda.,Nunes,GO,2026-05-25 01:16:38
FLOW-0000000338,POL-00000286,CLM-00000306,CLAIM_PAYMENT,BANK_SLIP,FAILED,2026-01-08,2026-01-12,12130.29,0.0,BRL,409.826.135-98,Cavalcanti,Brito de Minas,AP,2026-05-25 01:16:38
FLOW-0000000339,POL-00000354,CLM-00000722,CANCELLATION,DEBIT,PROCESSED,2024-09-02,2024-09-04,19290.8,19290.8,BRL,084.319.726-96,da Costa Nascimento e Filhos,Jesus Alegre,RJ,2026-05-25 01:16:38
FLOW-0000000340,POL-00000148,CLM-00000125,REINSURANCE,BANK_TRANSFER,FAILED,2024-07-25,2024-07-27,12021.1,0.0,BRL,406.738.195-66,Sales S.A.,Garcia Paulista,RN,2026-05-25 01:16:38
FLOW-0000000341,POL-00000489,CLM-00000792,REFUND,BANK_SLIP,FAILED,2025-08-03,2025-08-08,13602.61,0.0,BRL,465.293.780-65,Farias,Sousa da Prata,PI,2026-05-25 01:16:38
FLOW-0000000342,POL-00000178,CLM-00000947,CANCELLATION,DEBIT,PENDING,2026-02-28,2026-03-02,1099.56,1099.56,BRL,457.921.068-94,da Luz,Lima,DF,2026-05-25 01:16:38
FLOW-0000000343,POL-00000104,CLM-00000848,REFUND,BANK_TRANSFER,PROCESSED,2024-11-23,2024-11-28,6448.28,6448.28,BRL,729.458.361-73,Lima,da Luz da Serra,RO,2026-05-25 01:16:38
FLOW-0000000344,POL-00000071,CLM-00000112,CANCELLATION,BANK_TRANSFER,FAILED,2026-05-14,2026-05-16,23328.95,0.0,BRL,134.029.657-80,Costa,Pastor do Campo,SP,2026-05-25 01:16:38
FLOW-0000000345,POL-00000343,CLM-00000927,CLAIM_PAYMENT,BANK_TRANSFER,PENDING,2024-08-10,2024-08-15,14691.42,14691.42,BRL,953.608.274-83,Araújo,Santos,AC,2026-05-25 01:16:38
FLOW-0000000346,POL-00000212,CLM-00000339,PREMIUM_PAYMENT,DEBIT,PENDING,2025-08-06,2025-08-07,15966.72,15966.72,BRL,109.726.485-85,Guerra S.A.,Aragão Grande,SE,2026-05-25 01:16:38
FLOW-0000000347,POL-00000494,CLM-00000564,CLAIM_PAYMENT,BANK_SLIP,PENDING,2025-12-30,2025-12-30,17045.74,17045.74,BRL,176.093.284-13,Nascimento da Conceição Ltda.,Freitas,AM,2026-05-25 01:16:38
FLOW-0000000348,POL-00000334,CLM-00000205,REFUND,CREDIT_CARD,CANCELLED,2025-11-28,2025-12-01,16339.68,16339.68,BRL,620.198.437-22,Mendonça,da Luz das Flores,MA,2026-05-25 01:16:38
FLOW-0000000349,POL-00000334,CLM-00000588,PREMIUM_PAYMENT,BANK_SLIP,PENDING,2025-05-12,2025-05-14,7171.11,7171.11,BRL,327.864.901-03,Alves Moura S/A,Silva do Campo,RN,2026-05-25 01:16:38
FLOW-0000000350,POL-00000214,CLM-00000904,PREMIUM_PAYMENT,BANK_SLIP,PROCESSED,2024-06-27,2024-07-01,18480.23,18480.23,BRL,735.094.826-38,Vieira,Aragão Alegre,BA,2026-05-25 01:16:38
FLOW-0000000351,POL-00000096,CLM-00000960,REFUND,CREDIT_CARD,CANCELLED,2026-05-09,2026-05-09,24929.44,24929.44,BRL,452.930.167-25,da Paz,da Paz,RN,2026-05-25 01:16:38
FLOW-0000000352,POL-00000476,CLM-00000344,REINSURANCE,CREDIT_CARD,PENDING,2026-04-11,2026-04-11,281.22,281.22,BRL,580.679.124-67,Albuquerque,Mendes de Campos,RS,2026-05-25 01:16:38
FLOW-0000000353,POL-00000456,CLM-00000962,REINSURANCE,BANK_SLIP,CANCELLED,2025-07-11,2025-07-14,24728.03,24728.03,BRL,468.517.930-75,Mendonça,Pimenta do Galho,ES,2026-05-25 01:16:38
FLOW-0000000354,POL-00000170,CLM-00000167,CLAIM_PAYMENT,DEBIT,PENDING,2026-05-02,2026-05-06,11727.12,11727.12,BRL,839.401.276-04,Câmara Jesus S/A,Lima do Galho,RJ,2026-05-25 01:16:38
FLOW-0000000355,POL-00000378,CLM-00000346,CLAIM_PAYMENT,CREDIT_CARD,PENDING,2025-04-06,2025-04-11,6468.76,6468.76,BRL,983.625.174-09,Jesus,Pimenta,DF,2026-05-25 01:16:38
FLOW-0000000356,POL-00000313,CLM-00000877,CLAIM_PAYMENT,DEBIT,PROCESSED,2026-01-08,2026-01-12,16876.31,16876.31,BRL,328.495.107-50,Vasconcelos,Cardoso,RS,2026-05-25 01:16:38
FLOW-0000000357,POL-00000343,CLM-00000098,PREMIUM_PAYMENT,BANK_SLIP,CANCELLED,2026-03-20,2026-03-23,12906.25,12906.25,BRL,653.489.127-19,Aragão e Filhos,Sampaio,AM,2026-05-25 01:16:38
FLOW-0000000358,POL-00000134,CLM-00000393,CLAIM_PAYMENT,BANK_SLIP,PENDING,2026-03-16,2026-03-17,11962.48,11962.48,BRL,420.159.876-49,Aragão,Castro,TO,2026-05-25 01:16:38
FLOW-0000000359,POL-00000299,CLM-00000741,COMMISSION,BANK_TRANSFER,FAILED,2025-05-13,2025-05-16,18856.23,0.0,BRL,210.374.865-44,Pires Ltda.,Cavalcanti,SC,2026-05-25 01:16:38
FLOW-0000000360,POL-00000032,CLM-00000684,COMMISSION,PIX,PROCESSED,2024-08-11,2024-08-11,6575.75,6575.75,BRL,137.920.485-23,Peixoto - EI,Azevedo das Flores,DF,2026-05-25 01:16:38
FLOW-0000000361,POL-00000354,CLM-00000121,REFUND,CREDIT_CARD,FAILED,2024-10-06,2024-10-09,7704.82,0.0,BRL,849.026.715-49,Fonseca,Santos do Norte,MS,2026-05-25 01:16:38
FLOW-0000000362,POL-00000245,CLM-00000157,CLAIM_PAYMENT,DEBIT,PROCESSED,2024-10-07,2024-10-09,15384.9,15384.9,BRL,291.567.340-34,Freitas,Pastor,AM,2026-05-25 01:16:38
FLOW-0000000363,POL-00000360,CLM-00000563,COMMISSION,DEBIT,CANCELLED,2025-05-08,2025-05-13,24721.51,24721.51,BRL,257.638.940-65,Gonçalves S/A,Viana do Oeste,CE,2026-05-25 01:16:38
FLOW-0000000364,POL-00000349,CLM-00000773,CLAIM_PAYMENT,BANK_TRANSFER,PROCESSED,2026-04-29,2026-05-03,20059.78,20059.78,BRL,075.312.986-86,da Mata,das Neves do Sul,CE,2026-05-25 01:16:38
FLOW-0000000365,POL-00000040,CLM-00000940,REINSURANCE,BANK_TRANSFER,FAILED,2024-10-29,2024-10-29,13161.39,0.0,BRL,501.864.739-66,Rocha,Santos Paulista,GO,2026-05-25 01:16:38
FLOW-0000000366,POL-00000294,CLM-00000550,REINSURANCE,BANK_SLIP,PROCESSED,2025-05-09,2025-05-09,1590.86,1590.86,BRL,452.879.361-09,Pimenta,Martins,MS,2026-05-25 01:16:38
FLOW-0000000367,POL-00000060,CLM-00000697,REINSURANCE,BANK_SLIP,CANCELLED,2026-01-17,2026-01-18,8236.54,8236.54,BRL,410.587.623-62,Carvalho Ltda.,Machado das Flores,PE,2026-05-25 01:16:38
FLOW-0000000368,POL-00000415,CLM-00000057,PREMIUM_PAYMENT,DEBIT,CANCELLED,2025-07-21,2025-07-26,14599.53,14599.53,BRL,029.148.567-76,Mendonça,Souza,SE,2026-05-25 01:16:38
FLOW-0000000369,POL-00000287,CLM-00000474,REFUND,CREDIT_CARD,PENDING,2026-03-23,2026-03-24,12855.53,12855.53,BRL,615.920.438-60,Sampaio - EI,Araújo do Oeste,MG,2026-05-25 01:16:38
FLOW-0000000370,POL-00000382,CLM-00000224,COMMISSION,BANK_TRANSFER,PENDING,2026-02-27,2026-03-04,593.17,593.17,BRL,871.435.960-00,Costela,Cavalcanti,AC,2026-05-25 01:16:38
FLOW-0000000371,POL-00000278,CLM-00000062,COMMISSION,PIX,PENDING,2024-10-25,2024-10-25,1179.98,1179.98,BRL,594.386.217-09,Vieira,da Rocha,RN,2026-05-25 01:16:38
FLOW-0000000372,POL-00000394,CLM-00000139,REFUND,DEBIT,PROCESSED,2025-02-24,2025-02-27,841.79,841.79,BRL,186.594.730-00,da Mota,Casa Grande,SC,2026-05-25 01:16:38
FLOW-0000000373,POL-00000446,CLM-00000940,REFUND,DEBIT,CANCELLED,2025-01-01,2025-01-03,24821.77,24821.77,BRL,845.672.109-30,Fonseca,Ramos,SP,2026-05-25 01:16:38
FLOW-0000000374,POL-00000335,CLM-00000881,CANCELLATION,CREDIT_CARD,PROCESSED,2025-07-17,2025-07-20,2052.24,2052.24,BRL,315.894.627-00,Cunha,Rocha,RS,2026-05-25 01:16:38
FLOW-0000000375,POL-00000271,CLM-00000131,REINSURANCE,BANK_SLIP,CANCELLED,2024-08-17,2024-08-17,4502.92,4502.92,BRL,936.810.752-12,Brito,Montenegro da Prata,TO,2026-05-25 01:16:38
FLOW-0000000376,POL-00000345,CLM-00000737,COMMISSION,BANK_TRANSFER,CANCELLED,2024-06-06,2024-06-06,18916.68,18916.68,BRL,532.698.104-15,Moreira Barbosa Ltda.,Azevedo,RR,2026-05-25 01:16:38
FLOW-0000000377,POL-00000236,CLM-00000355,CLAIM_PAYMENT,BANK_SLIP,PROCESSED,2024-10-21,2024-10-24,13321.74,13321.74,BRL,925.184.063-60,Araújo S.A.,Jesus,PE,2026-05-25 01:16:38
FLOW-0000000378,POL-00000017,CLM-00000829,CANCELLATION,DEBIT,PENDING,2025-04-22,2025-04-24,4752.59,4752.59,BRL,498.315.072-23,Fonseca Silveira e Filhos,Albuquerque das Flores,PI,2026-05-25 01:16:38
FLOW-0000000379,POL-00000106,CLM-00000069,PREMIUM_PAYMENT,PIX,PROCESSED,2025-02-07,2025-02-11,19163.03,19163.03,BRL,793.810.245-88,Pacheco S.A.,Teixeira,DF,2026-05-25 01:16:38
FLOW-0000000380,POL-00000126,CLM-00000759,REINSURANCE,PIX,PENDING,2026-05-11,2026-05-15,887.73,887.73,BRL,238.716.504-71,Rezende Gonçalves S/A,Ribeiro,MA,2026-05-25 01:16:38
FLOW-0000000381,POL-00000387,CLM-00000885,REINSURANCE,PIX,PROCESSED,2024-11-17,2024-11-20,11002.12,11002.12,BRL,942.803.716-87,Vargas Souza S/A,Fogaça,PB,2026-05-25 01:16:38
FLOW-0000000382,POL-00000418,CLM-00000939,COMMISSION,BANK_TRANSFER,PROCESSED,2025-01-28,2025-01-29,12622.2,12622.2,BRL,584.329.706-38,Gomes S.A.,Silva,PA,2026-05-25 01:16:38
FLOW-0000000383,POL-00000122,CLM-00000310,CANCELLATION,BANK_SLIP,FAILED,2024-07-24,2024-07-26,14458.0,0.0,BRL,569.178.342-46,Nogueira,Porto,PR,2026-05-25 01:16:38
FLOW-0000000384,POL-00000141,CLM-00000063,REFUND,BANK_TRANSFER,FAILED,2024-12-02,2024-12-07,13055.21,0.0,BRL,413.795.268-09,Cardoso,Ferreira,RO,2026-05-25 01:16:38
FLOW-0000000385,POL-00000285,CLM-00000508,CLAIM_PAYMENT,PIX,CANCELLED,2025-11-21,2025-11-25,21998.86,21998.86,BRL,194.028.635-24,Sousa,Duarte,MG,2026-05-25 01:16:38
FLOW-0000000386,POL-00000403,CLM-00000538,CANCELLATION,CREDIT_CARD,CANCELLED,2024-07-17,2024-07-19,23542.58,23542.58,BRL,796.501.234-07,Melo,Cirino de Marques,ES,2026-05-25 01:16:38
FLOW-0000000387,POL-00000193,CLM-00000189,CLAIM_PAYMENT,BANK_TRANSFER,FAILED,2025-11-22,2025-11-27,10437.3,0.0,BRL,310.724.586-08,Peixoto Cunha S.A.,da Cruz das Pedras,RS,2026-05-25 01:16:38
FLOW-0000000388,POL-00000440,CLM-00000725,CLAIM_PAYMENT,BANK_SLIP,FAILED,2024-09-09,2024-09-12,6062.16,0.0,BRL,349.281.067-50,Mendonça Câmara S.A.,Sousa,MT,2026-05-25 01:16:38
FLOW-0000000389,POL-00000496,CLM-00000427,REINSURANCE,BANK_TRANSFER,CANCELLED,2025-09-21,2025-09-24,22872.79,22872.79,BRL,739.281.650-03,da Mota Lopes S.A.,Alves,RJ,2026-05-25 01:16:38
FLOW-0000000390,POL-00000105,CLM-00000339,CLAIM_PAYMENT,PIX,FAILED,2025-12-30,2026-01-03,3395.61,0.0,BRL,367.592.081-02,Carvalho Fonseca Ltda.,da Costa,DF,2026-05-25 01:16:38
FLOW-0000000391,POL-00000027,CLM-00000275,PREMIUM_PAYMENT,DEBIT,PROCESSED,2025-02-09,2025-02-12,21185.98,21185.98,BRL,278.941.360-69,Rios S/A,Ferreira,MT,2026-05-25 01:16:38
FLOW-0000000392,POL-00000097,CLM-00000824,PREMIUM_PAYMENT,BANK_TRANSFER,PENDING,2025-06-08,2025-06-13,15143.99,15143.99,BRL,473.295.168-64,Moraes - ME,Albuquerque do Campo,PB,2026-05-25 01:16:38
FLOW-0000000393,POL-00000107,CLM-00000891,CLAIM_PAYMENT,CREDIT_CARD,CANCELLED,2026-04-05,2026-04-10,16802.69,16802.69,BRL,034.159.762-70,Oliveira - EI,Nascimento,PR,2026-05-25 01:16:38
FLOW-0000000394,POL-00000480,CLM-00000195,PREMIUM_PAYMENT,PIX,PROCESSED,2026-04-12,2026-04-14,23927.64,23927.64,BRL,460.398.517-75,Almeida da Mota e Filhos,Silva do Campo,AP,2026-05-25 01:16:38
FLOW-0000000395,POL-00000357,CLM-00000619,REFUND,BANK_SLIP,PROCESSED,2024-12-12,2024-12-17,24989.32,24989.32,BRL,935.712.806-95,Garcia Ltda.,Cirino,AM,2026-05-25 01:16:38
FLOW-0000000396,POL-00000398,CLM-00000290,REINSURANCE,DEBIT,FAILED,2025-11-19,2025-11-22,22882.41,0.0,BRL,708.241.953-88,Silveira,Novais das Pedras,ES,2026-05-25 01:16:38
FLOW-0000000397,POL-00000134,CLM-00000369,COMMISSION,BANK_TRANSFER,FAILED,2024-09-20,2024-09-23,13364.57,0.0,BRL,627.439.085-56,Fogaça S/A,Nunes das Pedras,RO,2026-05-25 01:16:38
FLOW-0000000398,POL-00000390,CLM-00000860,CANCELLATION,CREDIT_CARD,CANCELLED,2025-12-31,2026-01-03,11676.8,11676.8,BRL,095.483.617-01,Peixoto Ltda.,Novais de Brito,SC,2026-05-25 01:16:38
FLOW-0000000399,POL-00000289,CLM-00000885,REFUND,BANK_SLIP,PENDING,2026-01-19,2026-01-20,9299.09,9299.09,BRL,476.018.239-03,Albuquerque e Filhos,Peixoto,MS,2026-05-25 01:16:38
FLOW-0000000400,POL-00000152,CLM-00000157,COMMISSION,BANK_SLIP,CANCELLED,2024-12-18,2024-12-23,3690.77,3690.77,BRL,658.931.704-66,Correia,Mendonça,GO,2026-05-25 01:16:38
FLOW-0000000401,POL-00000256,CLM-00000564,REINSURANCE,CREDIT_CARD,PROCESSED,2026-01-27,2026-01-29,5788.96,5788.96,BRL,541.807.326-53,Campos,Gomes do Amparo,SE,2026-05-25 01:16:38
FLOW-0000000402,POL-00000236,CLM-00000173,REFUND,CREDIT_CARD,CANCELLED,2024-09-06,2024-09-08,19095.85,19095.85,BRL,862.715.439-28,Oliveira Ltda.,da Cunha,PA,2026-05-25 01:16:38
FLOW-0000000403,POL-00000095,CLM-00000939,REINSURANCE,BANK_TRANSFER,CANCELLED,2025-07-24,2025-07-25,3541.97,3541.97,BRL,531.290.846-06,Porto,Albuquerque,AP,2026-05-25 01:16:38
FLOW-0000000404,POL-00000430,CLM-00000868,REINSURANCE,PIX,PENDING,2025-05-05,2025-05-10,23933.06,23933.06,BRL,428.197.305-23,Mendes Silva - ME,Câmara,MS,2026-05-25 01:16:38
FLOW-0000000405,POL-00000071,CLM-00000863,PREMIUM_PAYMENT,BANK_SLIP,CANCELLED,2026-05-01,2026-05-06,1260.43,1260.43,BRL,842.536.019-60,Machado,Nunes do Norte,MT,2026-05-25 01:16:38
FLOW-0000000406,POL-00000259,CLM-00000467,PREMIUM_PAYMENT,CREDIT_CARD,PROCESSED,2024-07-09,2024-07-09,17693.88,17693.88,BRL,596.041.738-39,Sá,Moura de Minas,BA,2026-05-25 01:16:38
FLOW-0000000407,POL-00000338,CLM-00000500,CANCELLATION,PIX,CANCELLED,2025-11-14,2025-11-14,15464.99,15464.99,BRL,619.037.582-03,Abreu,Sampaio de Goiás,DF,2026-05-25 01:16:38
FLOW-0000000408,POL-00000009,CLM-00000543,REFUND,CREDIT_CARD,PENDING,2025-08-08,2025-08-08,13328.7,13328.7,BRL,634.879.025-83,Cavalcante,Gomes de Mendonça,TO,2026-05-25 01:16:38
FLOW-0000000409,POL-00000413,CLM-00000963,PREMIUM_PAYMENT,BANK_SLIP,CANCELLED,2024-11-07,2024-11-11,24438.11,24438.11,BRL,579.128.403-97,Ferreira Garcia - ME,Campos de Minas,PR,2026-05-25 01:16:38
FLOW-0000000410,POL-00000124,CLM-00000197,REINSURANCE,BANK_TRANSFER,PROCESSED,2025-10-18,2025-10-18,22955.32,22955.32,BRL,412.398.560-24,Abreu,Jesus,PA,2026-05-25 01:16:38
FLOW-0000000411,POL-00000408,CLM-00000407,COMMISSION,PIX,FAILED,2025-10-07,2025-10-11,6347.83,0.0,BRL,143.789.026-13,Teixeira Abreu - ME,Costa,SE,2026-05-25 01:16:38
FLOW-0000000412,POL-00000357,CLM-00000232,REFUND,CREDIT_CARD,PROCESSED,2025-04-24,2025-04-26,23984.48,23984.48,BRL,487.953.216-91,Câmara Ltda.,Pires,RS,2026-05-25 01:16:38
FLOW-0000000413,POL-00000048,CLM-00000416,PREMIUM_PAYMENT,DEBIT,PENDING,2025-04-15,2025-04-20,20710.15,20710.15,BRL,247.098.615-01,das Neves,da Costa,MT,2026-05-25 01:16:38
FLOW-0000000414,POL-00000360,CLM-00000176,PREMIUM_PAYMENT,PIX,PENDING,2025-06-17,2025-06-20,13839.9,13839.9,BRL,960.784.325-83,Cunha Barros Ltda.,Cassiano Verde,MS,2026-05-25 01:16:38
FLOW-0000000415,POL-00000290,CLM-00000879,CANCELLATION,PIX,FAILED,2026-02-13,2026-02-16,21140.98,0.0,BRL,283.075.496-47,Mendes,Costela,MT,2026-05-25 01:16:38
FLOW-0000000416,POL-00000462,CLM-00000889,CLAIM_PAYMENT,BANK_TRANSFER,PROCESSED,2024-10-01,2024-10-05,22982.85,22982.85,BRL,870.136.549-57,Guerra Ltda.,Aparecida,AP,2026-05-25 01:16:38
FLOW-0000000417,POL-00000461,CLM-00000557,PREMIUM_PAYMENT,BANK_TRANSFER,FAILED,2024-11-13,2024-11-16,6813.82,0.0,BRL,601.328.749-03,da Cunha e Filhos,Novais de Lopes,AM,2026-05-25 01:16:38
FLOW-0000000418,POL-00000493,CLM-00000213,COMMISSION,BANK_TRANSFER,PENDING,2024-05-26,2024-05-31,870.9,870.9,BRL,904.231.867-87,Teixeira Aragão S/A,Câmara de Ferreira,RN,2026-05-25 01:16:38
FLOW-0000000419,POL-00000476,CLM-00000079,CANCELLATION,CREDIT_CARD,CANCELLED,2025-07-29,2025-07-30,18818.75,18818.75,BRL,396.475.028-00,Cassiano e Filhos,Sampaio do Amparo,AM,2026-05-25 01:16:38
FLOW-0000000420,POL-00000347,CLM-00000919,REINSURANCE,BANK_TRANSFER,CANCELLED,2024-09-13,2024-09-14,14120.76,14120.76,BRL,021.794.638-04,Sousa,Martins,AC,2026-05-25 01:16:38
FLOW-0000000421,POL-00000405,CLM-00000706,CANCELLATION,PIX,PROCESSED,2025-09-09,2025-09-11,9626.96,9626.96,BRL,467.932.518-64,Moreira e Filhos,Cunha da Prata,PA,2026-05-25 01:16:38
FLOW-0000000422,POL-00000051,CLM-00000448,COMMISSION,BANK_SLIP,PENDING,2025-03-07,2025-03-11,18649.14,18649.14,BRL,370.152.468-80,da Luz Abreu S.A.,Machado do Campo,AC,2026-05-25 01:16:38
FLOW-0000000423,POL-00000497,CLM-00000793,REINSURANCE,CREDIT_CARD,CANCELLED,2024-08-15,2024-08-15,8547.79,8547.79,BRL,698.104.257-67,Araújo,Lima,PE,2026-05-25 01:16:38
FLOW-0000000424,POL-00000117,CLM-00000365,REFUND,BANK_TRANSFER,CANCELLED,2024-06-13,2024-06-13,15871.37,15871.37,BRL,914.638.257-73,Carvalho,Lima de Borges,RO,2026-05-25 01:16:38
FLOW-0000000425,POL-00000044,CLM-00000791,CANCELLATION,BANK_TRANSFER,CANCELLED,2025-10-10,2025-10-13,10824.61,10824.61,BRL,562.140.379-70,Pinto Almeida - EI,Caldeira do Galho,PR,2026-05-25 01:16:38
FLOW-0000000426,POL-00000043,CLM-00000275,CANCELLATION,BANK_SLIP,PENDING,2025-11-28,2025-11-30,19961.48,19961.48,BRL,851.069.274-20,da Costa Teixeira S/A,Nascimento,RJ,2026-05-25 01:16:38
FLOW-0000000427,POL-00000379,CLM-00000399,CANCELLATION,CREDIT_CARD,PROCESSED,2024-10-29,2024-11-01,17806.35,17806.35,BRL,130.295.748-14,Santos Cassiano - ME,Barros do Galho,SC,2026-05-25 01:16:38
FLOW-0000000428,POL-00000228,CLM-00000369,PREMIUM_PAYMENT,CREDIT_CARD,FAILED,2025-01-18,2025-01-20,2708.45,0.0,BRL,195.732.486-46,Gomes Ltda.,Vargas,MT,2026-05-25 01:16:38
FLOW-0000000429,POL-00000230,CLM-00000571,CLAIM_PAYMENT,BANK_TRANSFER,CANCELLED,2026-02-02,2026-02-02,3356.05,3356.05,BRL,901.243.875-60,Mendes,Cardoso,AC,2026-05-25 01:16:38
FLOW-0000000430,POL-00000182,CLM-00000568,PREMIUM_PAYMENT,PIX,PENDING,2025-08-04,2025-08-08,10230.7,10230.7,BRL,628.394.075-74,Peixoto S/A,Albuquerque do Norte,SP,2026-05-25 01:16:38
FLOW-0000000431,POL-00000007,CLM-00000299,COMMISSION,DEBIT,CANCELLED,2026-03-18,2026-03-22,14971.19,14971.19,BRL,607.439.258-74,Melo,Marques,RN,2026-05-25 01:16:38
FLOW-0000000432,POL-00000293,CLM-00000534,CANCELLATION,BANK_SLIP,PROCESSED,2024-09-07,2024-09-10,19490.27,19490.27,BRL,096.324.718-22,Albuquerque,Pacheco das Pedras,MT,2026-05-25 01:16:38
FLOW-0000000433,POL-00000155,CLM-00000275,CLAIM_PAYMENT,DEBIT,FAILED,2025-06-02,2025-06-07,9549.26,0.0,BRL,794.618.320-87,Costa Fonseca S/A,Lima de Minas,SP,2026-05-25 01:16:38
FLOW-0000000434,POL-00000216,CLM-00000307,REFUND,DEBIT,FAILED,2024-09-14,2024-09-15,1628.52,0.0,BRL,208.957.613-86,da Mota Barbosa - ME,Cunha do Galho,CE,2026-05-25 01:16:38
FLOW-0000000435,POL-00000305,CLM-00000632,CLAIM_PAYMENT,BANK_SLIP,CANCELLED,2025-01-10,2025-01-10,9060.07,9060.07,BRL,258.164.703-53,Moreira,Alves,MS,2026-05-25 01:16:38
FLOW-0000000436,POL-00000486,CLM-00000406,COMMISSION,CREDIT_CARD,PENDING,2025-04-03,2025-04-06,2718.96,2718.96,BRL,547.689.203-65,Sampaio,Moraes,RJ,2026-05-25 01:16:38
FLOW-0000000437,POL-00000172,CLM-00000441,COMMISSION,BANK_TRANSFER,CANCELLED,2025-05-02,2025-05-06,9528.25,9528.25,BRL,031.586.472-90,da Conceição Aparecida S.A.,Melo das Flores,SC,2026-05-25 01:16:38
FLOW-0000000438,POL-00000246,CLM-00000322,REINSURANCE,BANK_SLIP,PROCESSED,2024-06-17,2024-06-18,7545.86,7545.86,BRL,403.926.875-00,da Paz S.A.,Ramos dos Dourados,DF,2026-05-25 01:16:38
FLOW-0000000439,POL-00000496,CLM-00000590,COMMISSION,BANK_SLIP,CANCELLED,2026-05-22,2026-05-25,24219.69,24219.69,BRL,192.476.850-01,das Neves,Dias,MS,2026-05-25 01:16:38
FLOW-0000000440,POL-00000059,CLM-00000955,REFUND,BANK_TRANSFER,FAILED,2025-12-20,2025-12-22,9432.58,0.0,BRL,736.081.459-66,Campos,Mendonça da Prata,PR,2026-05-25 01:16:38
FLOW-0000000441,POL-00000350,CLM-00000787,REINSURANCE,BANK_TRANSFER,PROCESSED,2025-01-21,2025-01-22,14826.06,14826.06,BRL,045.189.672-67,Teixeira Cassiano S.A.,Alves,PE,2026-05-25 01:16:38
FLOW-0000000442,POL-00000225,CLM-00000817,REFUND,CREDIT_CARD,PROCESSED,2024-05-29,2024-05-29,23827.47,23827.47,BRL,105.978.264-20,Alves e Filhos,Nascimento,PE,2026-05-25 01:16:38
FLOW-0000000443,POL-00000072,CLM-00000649,REFUND,CREDIT_CARD,CANCELLED,2025-04-24,2025-04-29,1775.51,1775.51,BRL,345.189.027-50,Lima,Cassiano,SP,2026-05-25 01:16:38
FLOW-0000000444,POL-00000405,CLM-00000387,CLAIM_PAYMENT,PIX,CANCELLED,2025-09-27,2025-09-28,6354.41,6354.41,BRL,320.876.459-65,Siqueira,Albuquerque,SE,2026-05-25 01:16:38
FLOW-0000000445,POL-00000274,CLM-00000519,REFUND,DEBIT,CANCELLED,2026-04-01,2026-04-04,24767.98,24767.98,BRL,274.536.190-25,Gonçalves,Silva das Flores,RO,2026-05-25 01:16:38
FLOW-0000000446,POL-00000056,CLM-00000788,COMMISSION,BANK_SLIP,PENDING,2026-01-09,2026-01-13,967.29,967.29,BRL,156.483.072-17,Cavalcanti,da Cunha,PB,2026-05-25 01:16:38
FLOW-0000000447,POL-00000289,CLM-00000661,CLAIM_PAYMENT,DEBIT,PENDING,2024-07-28,2024-08-02,16634.11,16634.11,BRL,526.703.814-80,Castro Andrade Ltda.,Castro,PB,2026-05-25 01:16:38
FLOW-0000000448,POL-00000006,CLM-00000101,REFUND,CREDIT_CARD,PENDING,2024-09-28,2024-09-30,24144.63,24144.63,BRL,972.604.138-40,Cirino,Monteiro,BA,2026-05-25 01:16:38
FLOW-0000000449,POL-00000229,CLM-00000384,REINSURANCE,DEBIT,PROCESSED,2024-12-18,2024-12-19,12791.37,12791.37,BRL,809.132.457-04,Sá Cirino Ltda.,Nascimento das Flores,MA,2026-05-25 01:16:38
FLOW-0000000450,POL-00000177,CLM-00000026,REINSURANCE,DEBIT,PROCESSED,2025-02-24,2025-02-27,19319.94,19319.94,BRL,308.714.925-04,Garcia,Campos Grande,SC,2026-05-25 01:16:38
FLOW-0000000451,POL-00000426,CLM-00000964,PREMIUM_PAYMENT,BANK_SLIP,PENDING,2024-08-20,2024-08-20,7421.03,7421.03,BRL,082.167.394-78,Cunha Pimenta - ME,Sales,RR,2026-05-25 01:16:38
FLOW-0000000452,POL-00000267,CLM-00000495,REFUND,CREDIT_CARD,PROCESSED,2025-12-29,2025-12-31,7831.66,7831.66,BRL,716.498.305-48,Moraes Sá S.A.,Carvalho das Pedras,MA,2026-05-25 01:16:38
FLOW-0000000453,POL-00000164,CLM-00000069,CANCELLATION,CREDIT_CARD,CANCELLED,2026-02-02,2026-02-05,2485.69,2485.69,BRL,259.741.038-23,Cirino e Filhos,Aragão,PR,2026-05-25 01:16:38
FLOW-0000000454,POL-00000435,CLM-00000352,PREMIUM_PAYMENT,PIX,PENDING,2026-03-09,2026-03-09,20264.14,20264.14,BRL,278.510.493-50,Barros,Câmara Grande,RO,2026-05-25 01:16:38
FLOW-0000000455,POL-00000265,CLM-00000179,CANCELLATION,BANK_TRANSFER,PROCESSED,2025-01-17,2025-01-22,20011.25,20011.25,BRL,415.670.293-61,Novais da Rosa Ltda.,Camargo,RO,2026-05-25 01:16:38
FLOW-0000000456,POL-00000119,CLM-00000817,REFUND,DEBIT,CANCELLED,2026-02-22,2026-02-23,8308.19,8308.19,BRL,052.916.384-51,Fogaça,Freitas do Campo,MS,2026-05-25 01:16:38
FLOW-0000000457,POL-00000203,CLM-00000030,CANCELLATION,BANK_TRANSFER,CANCELLED,2026-03-29,2026-04-03,4652.07,4652.07,BRL,204.371.685-90,Farias S/A,Carvalho de da Luz,AC,2026-05-25 01:16:38
FLOW-0000000458,POL-00000003,CLM-00000722,REFUND,BANK_SLIP,CANCELLED,2025-12-31,2026-01-01,11266.9,11266.9,BRL,687.359.204-83,Rodrigues Ribeiro Ltda.,Duarte de Gomes,PB,2026-05-25 01:16:38
FLOW-0000000459,POL-00000296,CLM-00000105,CANCELLATION,BANK_TRANSFER,PENDING,2024-06-19,2024-06-20,6994.7,6994.7,BRL,149.368.570-84,Siqueira,das Neves Paulista,SE,2026-05-25 01:16:38
FLOW-0000000460,POL-00000059,CLM-00000269,CLAIM_PAYMENT,DEBIT,CANCELLED,2025-09-24,2025-09-25,9176.54,9176.54,BRL,798.241.563-64,Caldeira Lima e Filhos,Montenegro,RO,2026-05-25 01:16:38
FLOW-0000000461,POL-00000313,CLM-00000402,COMMISSION,BANK_TRANSFER,CANCELLED,2026-02-08,2026-02-12,24149.61,24149.61,BRL,906.425.873-29,Barbosa da Mata Ltda.,Pimenta do Campo,AM,2026-05-25 01:16:38
FLOW-0000000462,POL-00000417,CLM-00000690,REFUND,CREDIT_CARD,PROCESSED,2025-02-05,2025-02-05,8730.72,8730.72,BRL,347.015.962-99,Pires Sá - ME,Porto,MT,2026-05-25 01:16:38
FLOW-0000000463,POL-00000161,CLM-00000121,CANCELLATION,BANK_SLIP,PROCESSED,2024-09-24,2024-09-28,14774.7,14774.7,BRL,361.249.780-40,Ferreira,Caldeira,PR,2026-05-25 01:16:38
FLOW-0000000464,POL-00000262,CLM-00000398,COMMISSION,DEBIT,PROCESSED,2026-03-29,2026-03-31,2967.88,2967.88,BRL,563.472.891-64,Lima Caldeira - EI,Alves da Prata,RN,2026-05-25 01:16:38
FLOW-0000000465,POL-00000096,CLM-00000499,REFUND,BANK_TRANSFER,CANCELLED,2025-04-28,2025-05-02,3489.79,3489.79,BRL,297.013.864-69,Carvalho,Sampaio,SE,2026-05-25 01:16:38
FLOW-0000000466,POL-00000251,CLM-00000296,CLAIM_PAYMENT,BANK_SLIP,PROCESSED,2026-05-06,2026-05-11,22983.07,22983.07,BRL,561.472.809-02,Marques - EI,Brito de Goiás,CE,2026-05-25 01:16:38
FLOW-0000000467,POL-00000444,CLM-00000368,REFUND,PIX,PENDING,2025-07-14,2025-07-15,7898.77,7898.77,BRL,569.208.371-02,Freitas,da Paz da Prata,AL,2026-05-25 01:16:38
FLOW-0000000468,POL-00000210,CLM-00000702,REFUND,DEBIT,CANCELLED,2024-09-17,2024-09-20,3456.54,3456.54,BRL,375.981.246-55,Araújo,Cardoso das Flores,RN,2026-05-25 01:16:38
FLOW-0000000469,POL-00000086,CLM-00000085,REFUND,BANK_TRANSFER,CANCELLED,2024-07-14,2024-07-17,17768.05,17768.05,BRL,615.032.794-99,Correia S.A.,Fogaça do Campo,AM,2026-05-25 01:16:38
FLOW-0000000470,POL-00000017,CLM-00000282,CLAIM_PAYMENT,BANK_SLIP,FAILED,2026-04-11,2026-04-11,19907.23,0.0,BRL,391.086.754-57,das Neves,da Rosa,AL,2026-05-25 01:16:38
FLOW-0000000471,POL-00000282,CLM-00000524,REFUND,PIX,CANCELLED,2025-04-17,2025-04-21,7252.32,7252.32,BRL,483.201.569-98,Teixeira,da Rocha,MG,2026-05-25 01:16:38
FLOW-0000000472,POL-00000278,CLM-00000843,REINSURANCE,PIX,FAILED,2025-01-24,2025-01-28,2899.46,0.0,BRL,408.752.169-94,Casa Grande Aparecida Ltda.,da Rocha,ES,2026-05-25 01:16:38
FLOW-0000000473,POL-00000053,CLM-00000754,CLAIM_PAYMENT,BANK_SLIP,CANCELLED,2025-11-04,2025-11-09,11062.1,11062.1,BRL,806.924.317-13,Almeida,Barbosa,SC,2026-05-25 01:16:38
FLOW-0000000474,POL-00000135,CLM-00000357,PREMIUM_PAYMENT,PIX,CANCELLED,2025-11-21,2025-11-23,21876.51,21876.51,BRL,623.594.780-10,Cardoso,Cirino de Nunes,TO,2026-05-25 01:16:38
FLOW-0000000475,POL-00000108,CLM-00000831,PREMIUM_PAYMENT,BANK_TRANSFER,PROCESSED,2026-04-17,2026-04-20,21639.0,21639.0,BRL,604.573.218-90,Dias e Filhos,Gonçalves da Serra,ES,2026-05-25 01:16:38
FLOW-0000000476,POL-00000085,CLM-00000631,CANCELLATION,BANK_SLIP,CANCELLED,2025-03-19,2025-03-24,8798.24,8798.24,BRL,840.739.561-75,Cassiano,Oliveira,TO,2026-05-25 01:16:38
FLOW-0000000477,POL-00000273,CLM-00000288,PREMIUM_PAYMENT,BANK_TRANSFER,FAILED,2024-08-31,2024-09-01,20347.57,0.0,BRL,419.860.327-87,Costa,Monteiro,RS,2026-05-25 01:16:38
FLOW-0000000478,POL-00000149,CLM-00000587,CANCELLATION,CREDIT_CARD,FAILED,2025-08-22,2025-08-26,4251.02,0.0,BRL,291.368.407-69,da Rosa Martins Ltda.,da Cruz,PB,2026-05-25 01:16:38
FLOW-0000000479,POL-00000070,CLM-00000986,CANCELLATION,DEBIT,PENDING,2024-06-29,2024-07-03,24637.93,24637.93,BRL,193.605.482-51,Barbosa S/A,Monteiro das Flores,PB,2026-05-25 01:16:38
FLOW-0000000480,POL-00000360,CLM-00000887,CANCELLATION,BANK_SLIP,PROCESSED,2024-06-08,2024-06-08,24812.53,24812.53,BRL,961.205.847-49,Nunes Ltda.,Carvalho,PE,2026-05-25 01:16:38
FLOW-0000000481,POL-00000390,CLM-00000864,COMMISSION,DEBIT,PROCESSED,2025-08-07,2025-08-08,3698.77,3698.77,BRL,290.564.831-70,Gonçalves,Marques de Montenegro,TO,2026-05-25 01:16:38
FLOW-0000000482,POL-00000322,CLM-00000425,CANCELLATION,DEBIT,FAILED,2026-05-09,2026-05-12,3597.18,0.0,BRL,253.684.791-82,Pacheco,da Rocha,PR,2026-05-25 01:16:38
FLOW-0000000483,POL-00000264,CLM-00000768,PREMIUM_PAYMENT,CREDIT_CARD,CANCELLED,2026-01-03,2026-01-06,1934.13,1934.13,BRL,829.764.501-02,Lopes da Mota S.A.,Cassiano,GO,2026-05-25 01:16:38
FLOW-0000000484,POL-00000487,CLM-00000500,COMMISSION,CREDIT_CARD,CANCELLED,2024-10-13,2024-10-18,23411.59,23411.59,BRL,953.740.816-75,Albuquerque Ltda.,das Neves do Campo,MG,2026-05-25 01:16:38
FLOW-0000000485,POL-00000375,CLM-00000996,CANCELLATION,DEBIT,PENDING,2025-03-16,2025-03-20,111.7,111.7,BRL,346.581.072-44,Ramos,Rodrigues de Leão,PI,2026-05-25 01:16:38
FLOW-0000000486,POL-00000408,CLM-00000548,COMMISSION,DEBIT,PENDING,2025-10-22,2025-10-27,16620.39,16620.39,BRL,851.437.902-04,das Neves e Filhos,Garcia,RR,2026-05-25 01:16:38
FLOW-0000000487,POL-00000138,CLM-00000331,CLAIM_PAYMENT,CREDIT_CARD,CANCELLED,2026-02-11,2026-02-12,24204.81,24204.81,BRL,539.826.710-86,Siqueira Ltda.,da Rosa Alegre,PI,2026-05-25 01:16:38
FLOW-0000000488,POL-00000404,CLM-00000352,CLAIM_PAYMENT,PIX,CANCELLED,2025-09-30,2025-10-02,13705.4,13705.4,BRL,790.542.816-85,Novais,da Mota,MG,2026-05-25 01:16:38
FLOW-0000000489,POL-00000064,CLM-00000952,REFUND,BANK_SLIP,PENDING,2025-09-03,2025-09-03,2534.39,2534.39,BRL,145.786.029-58,Mendes Ltda.,Rios,AC,2026-05-25 01:16:38
FLOW-0000000490,POL-00000353,CLM-00000932,REFUND,BANK_SLIP,PROCESSED,2024-09-10,2024-09-13,11440.13,11440.13,BRL,287.153.064-53,Cavalcante,Porto,SC,2026-05-25 01:16:38
FLOW-0000000491,POL-00000336,CLM-00000370,COMMISSION,CREDIT_CARD,PENDING,2026-04-06,2026-04-11,7581.54,7581.54,BRL,546.937.201-43,Marques - EI,Alves Alegre,CE,2026-05-25 01:16:38
FLOW-0000000492,POL-00000027,CLM-00000406,CANCELLATION,CREDIT_CARD,PROCESSED,2026-04-10,2026-04-10,9327.5,9327.5,BRL,689.245.130-60,Cavalcanti Melo Ltda.,Ramos da Mata,MA,2026-05-25 01:16:38
FLOW-0000000493,POL-00000336,CLM-00000094,CLAIM_PAYMENT,PIX,CANCELLED,2025-08-25,2025-08-30,17501.06,17501.06,BRL,502.391.876-95,Castro,Andrade de da Luz,SP,2026-05-25 01:16:38
FLOW-0000000494,POL-00000304,CLM-00000232,PREMIUM_PAYMENT,BANK_TRANSFER,PROCESSED,2026-04-06,2026-04-06,5374.86,5374.86,BRL,367.185.920-21,Pires,Carvalho de Novaes,RJ,2026-05-25 01:16:38
FLOW-0000000495,POL-00000419,CLM-00000124,PREMIUM_PAYMENT,DEBIT,FAILED,2024-12-22,2024-12-27,11154.42,0.0,BRL,765.094.823-47,Silveira,Silva,RJ,2026-05-25 01:16:38
FLOW-0000000496,POL-00000197,CLM-00000092,PREMIUM_PAYMENT,PIX,PROCESSED,2026-04-02,2026-04-07,3347.77,3347.77,BRL,914.375.608-57,Dias,Ferreira da Serra,PA,2026-05-25 01:16:38
FLOW-0000000497,POL-00000196,CLM-00000793,COMMISSION,BANK_SLIP,PROCESSED,2024-11-15,2024-11-15,7868.12,7868.12,BRL,431.896.072-22,Moraes,Lopes,SE,2026-05-25 01:16:38
FLOW-0000000498,POL-00000272,CLM-00000577,CLAIM_PAYMENT,PIX,PENDING,2024-08-15,2024-08-20,24823.86,24823.86,BRL,906.213.485-89,Pinto Aragão - EI,Correia,SP,2026-05-25 01:16:38
FLOW-0000000499,POL-00000370,CLM-00000219,REFUND,BANK_SLIP,FAILED,2026-03-21,2026-03-25,16268.0,0.0,BRL,039.678.245-00,da Rosa,Aparecida,PE,2026-05-25 01:16:38
FLOW-0000000500,POL-00000045,CLM-00000919,REFUND,PIX,PROCESSED,2025-09-23,2025-09-26,15421.1,15421.1,BRL,698.250.147-76,Vargas,Duarte de Nunes,MS,2026-05-25 01:16:38
FLOW-0000000501,POL-00000180,CLM-00000987,REINSURANCE,DEBIT,CANCELLED,2024-06-26,2024-06-27,18823.52,18823.52,BRL,561.792.083-95,Azevedo,Sampaio de Goiás,AM,2026-05-25 01:16:38
FLOW-0000000502,POL-00000331,CLM-00000087,CLAIM_PAYMENT,BANK_SLIP,FAILED,2025-08-09,2025-08-11,19787.36,0.0,BRL,970.813.645-00,Pastor,Fonseca da Praia,RR,2026-05-25 01:16:38
FLOW-0000000503,POL-00000399,CLM-00000964,CANCELLATION,PIX,FAILED,2025-05-24,2025-05-28,15044.93,0.0,BRL,950.261.843-24,Mendonça S/A,Cassiano dos Dourados,CE,2026-05-25 01:16:38
FLOW-0000000504,POL-00000383,CLM-00000402,CLAIM_PAYMENT,CREDIT_CARD,PROCESSED,2025-10-07,2025-10-12,21901.89,21901.89,BRL,306.748.529-74,Brito,Nunes,RO,2026-05-25 01:16:38
FLOW-0000000505,POL-00000198,CLM-00000116,CLAIM_PAYMENT,BANK_SLIP,CANCELLED,2025-02-12,2025-02-17,1411.5,1411.5,BRL,592.143.860-05,Camargo Pinto - EI,Rios,MS,2026-05-25 01:16:38
FLOW-0000000506,POL-00000185,CLM-00000957,PREMIUM_PAYMENT,CREDIT_CARD,PENDING,2025-05-19,2025-05-22,15970.15,15970.15,BRL,920.871.643-04,Aragão da Mata S.A.,Novaes,MG,2026-05-25 01:16:38
FLOW-0000000507,POL-00000188,CLM-00000560,REINSURANCE,BANK_SLIP,CANCELLED,2026-03-10,2026-03-11,9701.61,9701.61,BRL,974.360.582-74,Moraes,Câmara da Prata,AP,2026-05-25 01:16:38
FLOW-0000000508,POL-00000301,CLM-00000070,PREMIUM_PAYMENT,PIX,PENDING,2025-09-12,2025-09-15,23863.6,23863.6,BRL,703.456.219-99,Andrade Rios e Filhos,Farias,GO,2026-05-25 01:16:38
FLOW-0000000509,POL-00000260,CLM-00000294,PREMIUM_PAYMENT,BANK_TRANSFER,CANCELLED,2025-06-18,2025-06-20,5432.79,5432.79,BRL,942.368.501-33,Guerra,Macedo das Pedras,RS,2026-05-25 01:16:38
FLOW-0000000510,POL-00000328,CLM-00000550,REFUND,BANK_TRANSFER,PENDING,2025-06-10,2025-06-13,10618.2,10618.2,BRL,091.245.386-98,Cavalcante Cunha S.A.,Gomes,SE,2026-05-25 01:16:38
FLOW-0000000511,POL-00000041,CLM-00000524,PREMIUM_PAYMENT,BANK_SLIP,FAILED,2026-01-06,2026-01-10,3859.38,0.0,BRL,520.893.641-06,da Luz Costela - EI,Rocha,TO,2026-05-25 01:16:38
FLOW-0000000512,POL-00000159,CLM-00000716,REFUND,DEBIT,PENDING,2026-04-21,2026-04-22,13432.93,13432.93,BRL,328.547.960-47,Casa Grande,Sousa,SC,2026-05-25 01:16:38
FLOW-0000000513,POL-00000126,CLM-00000089,CLAIM_PAYMENT,DEBIT,PENDING,2026-01-15,2026-01-20,23838.03,23838.03,BRL,784.019.263-78,Abreu,Mendes,AC,2026-05-25 01:16:38
FLOW-0000000514,POL-00000159,CLM-00000683,REINSURANCE,BANK_SLIP,PENDING,2024-06-28,2024-06-28,11361.63,11361.63,BRL,736.908.514-75,Câmara,Cardoso,GO,2026-05-25 01:16:38
FLOW-0000000515,POL-00000084,CLM-00000509,CLAIM_PAYMENT,CREDIT_CARD,PENDING,2025-05-11,2025-05-11,365.99,365.99,BRL,245.691.703-07,Duarte S/A,Cavalcante das Pedras,RS,2026-05-25 01:16:38
FLOW-0000000516,POL-00000086,CLM-00000381,CANCELLATION,BANK_SLIP,FAILED,2024-11-16,2024-11-20,12954.71,0.0,BRL,583.496.027-83,Martins Vargas e Filhos,Lima de Cardoso,SP,2026-05-25 01:16:38
FLOW-0000000517,POL-00000395,CLM-00000922,COMMISSION,PIX,PENDING,2024-06-05,2024-06-10,19539.04,19539.04,BRL,056.324.871-80,Leão Rios S.A.,Albuquerque de Marques,PR,2026-05-25 01:16:38
FLOW-0000000518,POL-00000135,CLM-00000730,COMMISSION,BANK_TRANSFER,PENDING,2026-03-18,2026-03-20,20187.34,20187.34,BRL,091.657.324-99,Pereira,Azevedo de Campos,DF,2026-05-25 01:16:38
FLOW-0000000519,POL-00000029,CLM-00000512,REFUND,BANK_TRANSFER,FAILED,2025-05-06,2025-05-11,1972.9,0.0,BRL,982.731.456-46,Peixoto,Novais,MA,2026-05-25 01:16:38
FLOW-0000000520,POL-00000458,CLM-00000588,COMMISSION,PIX,PENDING,2026-05-14,2026-05-15,9223.81,9223.81,BRL,836.425.097-38,Vasconcelos Ltda.,da Conceição do Amparo,AP,2026-05-25 01:16:38
FLOW-0000000521,POL-00000440,CLM-00000884,PREMIUM_PAYMENT,PIX,PENDING,2024-12-27,2024-12-28,18532.46,18532.46,BRL,259.610.783-02,Porto,Melo,CE,2026-05-25 01:16:38
FLOW-0000000522,POL-00000472,CLM-00000154,COMMISSION,BANK_SLIP,CANCELLED,2026-03-20,2026-03-21,1197.24,1197.24,BRL,810.297.453-23,da Mota,Vieira,AL,2026-05-25 01:16:38
FLOW-0000000523,POL-00000115,CLM-00000330,CANCELLATION,BANK_SLIP,CANCELLED,2026-01-14,2026-01-14,13843.98,13843.98,BRL,073.625.184-71,Siqueira - EI,Alves do Oeste,RO,2026-05-25 01:16:38
FLOW-0000000524,POL-00000423,CLM-00000080,COMMISSION,BANK_TRANSFER,FAILED,2024-10-25,2024-10-28,22900.58,0.0,BRL,639.027.841-13,Nunes Câmara Ltda.,Rezende,MG,2026-05-25 01:16:38
FLOW-0000000525,POL-00000092,CLM-00000229,CANCELLATION,BANK_TRANSFER,PENDING,2025-06-04,2025-06-06,3029.05,3029.05,BRL,769.138.542-00,das Neves,Cassiano,AM,2026-05-25 01:16:38
FLOW-0000000526,POL-00000444,CLM-00000290,PREMIUM_PAYMENT,CREDIT_CARD,CANCELLED,2024-10-28,2024-10-28,23854.28,23854.28,BRL,741.089.253-60,da Conceição Moura - ME,da Luz,PE,2026-05-25 01:16:38
FLOW-0000000527,POL-00000189,CLM-00000206,REFUND,CREDIT_CARD,PENDING,2024-07-23,2024-07-25,2205.32,2205.32,BRL,895.024.763-10,Pereira,Teixeira,RO,2026-05-25 01:16:38
FLOW-0000000528,POL-00000238,CLM-00000378,CANCELLATION,BANK_TRANSFER,PROCESSED,2025-06-26,2025-06-30,19623.46,19623.46,BRL,395.078.426-83,Aparecida,Garcia das Flores,GO,2026-05-25 01:16:38
FLOW-0000000529,POL-00000078,CLM-00000007,CLAIM_PAYMENT,DEBIT,PROCESSED,2024-09-07,2024-09-10,24944.79,24944.79,BRL,412.639.780-96,Fernandes,Pinto Paulista,RN,2026-05-25 01:16:38
FLOW-0000000530,POL-00000487,CLM-00000344,COMMISSION,PIX,PENDING,2025-08-15,2025-08-15,5863.29,5863.29,BRL,807.461.932-03,Freitas Novais - EI,da Costa do Norte,RO,2026-05-25 01:16:38
FLOW-0000000531,POL-00000054,CLM-00000211,CANCELLATION,BANK_TRANSFER,FAILED,2026-03-05,2026-03-10,9438.06,0.0,BRL,087.324.961-50,Alves,Moura de Minas,SE,2026-05-25 01:16:38
FLOW-0000000532,POL-00000365,CLM-00000287,PREMIUM_PAYMENT,PIX,PROCESSED,2025-06-11,2025-06-12,10524.41,10524.41,BRL,208.694.153-60,Melo,Campos Alegre,SE,2026-05-25 01:16:38
FLOW-0000000533,POL-00000359,CLM-00000918,REINSURANCE,CREDIT_CARD,CANCELLED,2025-06-10,2025-06-10,23035.8,23035.8,BRL,741.623.980-03,Rezende S.A.,Moura dos Dourados,RJ,2026-05-25 01:16:38
FLOW-0000000534,POL-00000259,CLM-00000137,PREMIUM_PAYMENT,DEBIT,PENDING,2025-08-27,2025-08-30,24365.14,24365.14,BRL,794.165.230-70,Garcia Borges Ltda.,Vargas,MA,2026-05-25 01:16:38
FLOW-0000000535,POL-00000340,CLM-00000988,PREMIUM_PAYMENT,BANK_SLIP,CANCELLED,2024-06-17,2024-06-17,14817.8,14817.8,BRL,570.234.816-80,Pinto,Cirino,RR,2026-05-25 01:16:38
FLOW-0000000536,POL-00000359,CLM-00000852,COMMISSION,CREDIT_CARD,CANCELLED,2025-03-04,2025-03-05,7327.32,7327.32,BRL,308.245.167-53,Pimenta e Filhos,Ramos,PE,2026-05-25 01:16:38
FLOW-0000000537,POL-00000484,CLM-00000208,CLAIM_PAYMENT,BANK_SLIP,PENDING,2026-02-11,2026-02-13,11346.31,11346.31,BRL,814.937.026-96,da Paz,Almeida do Amparo,TO,2026-05-25 01:16:38
FLOW-0000000538,POL-00000231,CLM-00000478,PREMIUM_PAYMENT,CREDIT_CARD,PROCESSED,2026-01-16,2026-01-20,2768.87,2768.87,BRL,784.132.605-07,Cunha Ltda.,Ramos do Amparo,PE,2026-05-25 01:16:38
FLOW-0000000539,POL-00000232,CLM-00000316,COMMISSION,DEBIT,PROCESSED,2024-10-28,2024-10-31,3062.38,3062.38,BRL,731.982.560-03,Nunes,Brito Verde,AC,2026-05-25 01:16:38
FLOW-0000000540,POL-00000414,CLM-00000703,PREMIUM_PAYMENT,CREDIT_CARD,PROCESSED,2024-10-30,2024-11-01,21319.43,21319.43,BRL,617.943.802-13,da Conceição,Barros Alegre,TO,2026-05-25 01:16:38
FLOW-0000000541,POL-00000428,CLM-00000878,PREMIUM_PAYMENT,CREDIT_CARD,PROCESSED,2026-05-06,2026-05-11,17437.11,17437.11,BRL,763.129.408-96,Câmara Ltda.,Nascimento,RN,2026-05-25 01:16:38
FLOW-0000000542,POL-00000203,CLM-00000526,CLAIM_PAYMENT,PIX,FAILED,2026-04-09,2026-04-10,2325.76,0.0,BRL,381.706.529-95,Souza,Martins,RO,2026-05-25 01:16:38
FLOW-0000000543,POL-00000488,CLM-00000415,CLAIM_PAYMENT,DEBIT,PENDING,2025-12-22,2025-12-27,7506.08,7506.08,BRL,124.367.098-31,Nascimento,Fogaça,PI,2026-05-25 01:16:38
FLOW-0000000544,POL-00000237,CLM-00000105,CLAIM_PAYMENT,BANK_SLIP,PENDING,2025-02-14,2025-02-18,18714.56,18714.56,BRL,174.598.236-19,Porto S.A.,Duarte,SP,2026-05-25 01:16:38
FLOW-0000000545,POL-00000102,CLM-00000844,CLAIM_PAYMENT,DEBIT,PROCESSED,2026-05-14,2026-05-14,348.33,348.33,BRL,437.985.601-10,Cavalcante,Cardoso Grande,RN,2026-05-25 01:16:38
FLOW-0000000546,POL-00000299,CLM-00000601,CANCELLATION,CREDIT_CARD,PENDING,2026-04-04,2026-04-06,17172.82,17172.82,BRL,764.130.952-61,Cavalcante,Sousa de Cirino,RN,2026-05-25 01:16:38
FLOW-0000000547,POL-00000463,CLM-00000662,PREMIUM_PAYMENT,DEBIT,PROCESSED,2024-09-26,2024-09-26,593.91,593.91,BRL,291.370.584-79,Sousa Ltda.,Abreu,TO,2026-05-25 01:16:38
FLOW-0000000548,POL-00000022,CLM-00000965,COMMISSION,DEBIT,PENDING,2024-08-30,2024-08-31,2344.87,2344.87,BRL,385.427.190-50,Novaes,Porto do Oeste,SE,2026-05-25 01:16:38
FLOW-0000000549,POL-00000421,CLM-00000742,REINSURANCE,DEBIT,CANCELLED,2026-02-03,2026-02-03,4241.33,4241.33,BRL,845.069.321-70,Gonçalves,Ribeiro,RS,2026-05-25 01:16:38
FLOW-0000000550,POL-00000089,CLM-00000363,CANCELLATION,BANK_SLIP,CANCELLED,2025-11-23,2025-11-26,785.58,785.58,BRL,543.796.018-20,Jesus,Ribeiro,BA,2026-05-25 01:16:38
FLOW-0000000551,POL-00000018,CLM-00000629,REFUND,BANK_TRANSFER,PROCESSED,2025-09-28,2025-09-29,6910.8,6910.8,BRL,694.025.378-56,Vargas Ltda.,Ribeiro de Ribeiro,DF,2026-05-25 01:16:38
FLOW-0000000552,POL-00000211,CLM-00000904,COMMISSION,BANK_TRANSFER,CANCELLED,2024-08-12,2024-08-16,6182.33,6182.33,BRL,542.768.301-17,Sampaio da Conceição S.A.,das Neves,MA,2026-05-25 01:16:38
FLOW-0000000553,POL-00000071,CLM-00000430,COMMISSION,BANK_SLIP,CANCELLED,2026-02-16,2026-02-19,1571.43,1571.43,BRL,529.483.071-04,Azevedo - EI,Montenegro da Serra,AC,2026-05-25 01:16:38
FLOW-0000000554,POL-00000323,CLM-00000822,REINSURANCE,BANK_TRANSFER,PROCESSED,2025-10-13,2025-10-18,22122.08,22122.08,BRL,763.125.890-21,da Mata,Nunes,RR,2026-05-25 01:16:38
FLOW-0000000555,POL-00000246,CLM-00000558,CANCELLATION,DEBIT,FAILED,2025-09-21,2025-09-21,24735.62,0.0,BRL,183.672.450-08,da Cruz - EI,da Paz das Flores,AM,2026-05-25 01:16:38
FLOW-0000000556,POL-00000199,CLM-00000277,REINSURANCE,BANK_SLIP,FAILED,2026-02-26,2026-02-28,22821.29,0.0,BRL,913.052.468-70,Carvalho,Pires,RO,2026-05-25 01:16:38
FLOW-0000000557,POL-00000459,CLM-00000831,CLAIM_PAYMENT,CREDIT_CARD,PENDING,2024-12-23,2024-12-23,8006.0,8006.0,BRL,863.974.510-20,Viana Mendes - ME,Garcia Alegre,AM,2026-05-25 01:16:38
FLOW-0000000558,POL-00000393,CLM-00000599,REFUND,BANK_SLIP,FAILED,2024-07-12,2024-07-12,20225.91,0.0,BRL,460.798.352-74,Pires,Rodrigues de Vasconcelos,AM,2026-05-25 01:16:38
FLOW-0000000559,POL-00000137,CLM-00000547,CANCELLATION,PIX,PROCESSED,2024-11-01,2024-11-02,2548.35,2548.35,BRL,263.057.819-40,Barbosa Ltda.,Farias,MT,2026-05-25 01:16:38
FLOW-0000000560,POL-00000479,CLM-00000860,REFUND,BANK_SLIP,FAILED,2025-05-22,2025-05-23,14413.52,0.0,BRL,837.504.261-71,Brito,Gonçalves,RO,2026-05-25 01:16:38
FLOW-0000000561,POL-00000468,CLM-00000606,COMMISSION,PIX,FAILED,2025-08-16,2025-08-17,5951.95,0.0,BRL,071.423.596-25,Andrade Ltda.,Farias da Serra,RN,2026-05-25 01:16:38
FLOW-0000000562,POL-00000289,CLM-00000972,REINSURANCE,BANK_SLIP,PROCESSED,2024-10-14,2024-10-19,17528.99,17528.99,BRL,975.086.143-48,Carvalho Marques S.A.,Viana,PB,2026-05-25 01:16:38
FLOW-0000000563,POL-00000020,CLM-00000093,CLAIM_PAYMENT,PIX,CANCELLED,2025-03-31,2025-04-03,13576.01,13576.01,BRL,403.759.681-48,Nascimento,Ribeiro de Novaes,CE,2026-05-25 01:16:38
FLOW-0000000564,POL-00000001,CLM-00000340,PREMIUM_PAYMENT,BANK_TRANSFER,CANCELLED,2025-06-13,2025-06-14,15061.49,15061.49,BRL,530.712.894-05,Albuquerque,Correia do Campo,MS,2026-05-25 01:16:38
FLOW-0000000565,POL-00000471,CLM-00000822,COMMISSION,CREDIT_CARD,PROCESSED,2024-07-22,2024-07-23,20170.81,20170.81,BRL,164.870.329-13,Silveira,Rezende,BA,2026-05-25 01:16:38
FLOW-0000000566,POL-00000397,CLM-00000114,REINSURANCE,BANK_TRANSFER,PROCESSED,2025-12-15,2025-12-15,596.73,596.73,BRL,402.618.759-49,Silveira S/A,Santos Verde,PB,2026-05-25 01:16:38
FLOW-0000000567,POL-00000301,CLM-00000104,COMMISSION,CREDIT_CARD,CANCELLED,2025-05-05,2025-05-07,24015.94,24015.94,BRL,821.567.394-55,Viana Cardoso Ltda.,da Costa da Mata,PA,2026-05-25 01:16:38
FLOW-0000000568,POL-00000406,CLM-00000655,CLAIM_PAYMENT,DEBIT,CANCELLED,2024-12-27,2024-12-29,8098.95,8098.95,BRL,567.924.138-28,Souza,Almeida Grande,ES,2026-05-25 01:16:38
FLOW-0000000569,POL-00000115,CLM-00000682,CANCELLATION,BANK_TRANSFER,FAILED,2025-05-27,2025-06-01,7966.22,0.0,BRL,281.546.037-80,Fernandes,Pires do Sul,GO,2026-05-25 01:16:38
FLOW-0000000570,POL-00000066,CLM-00000182,CANCELLATION,PIX,FAILED,2024-09-27,2024-09-28,9490.68,0.0,BRL,712.490.356-43,Cirino,Vargas das Pedras,GO,2026-05-25 01:16:38
FLOW-0000000571,POL-00000094,CLM-00000617,REFUND,CREDIT_CARD,PENDING,2026-02-11,2026-02-16,23720.02,23720.02,BRL,367.508.912-68,Novais,Peixoto,TO,2026-05-25 01:16:38
FLOW-0000000572,POL-00000480,CLM-00000509,REINSURANCE,BANK_SLIP,PENDING,2025-07-13,2025-07-17,5561.34,5561.34,BRL,354.089.762-38,Aragão S/A,Rodrigues de Goiás,RS,2026-05-25 01:16:38
FLOW-0000000573,POL-00000164,CLM-00000172,CLAIM_PAYMENT,PIX,FAILED,2025-09-19,2025-09-21,18646.32,0.0,BRL,348.012.957-97,da Mata e Filhos,Viana,RO,2026-05-25 01:16:38
FLOW-0000000574,POL-00000229,CLM-00000012,CANCELLATION,CREDIT_CARD,FAILED,2026-04-13,2026-04-18,16767.11,0.0,BRL,459.082.136-24,Albuquerque,Barros do Amparo,AC,2026-05-25 01:16:38
FLOW-0000000575,POL-00000132,CLM-00000806,PREMIUM_PAYMENT,PIX,FAILED,2024-09-21,2024-09-22,6276.04,0.0,BRL,809.743.562-47,Correia da Conceição S.A.,Peixoto,CE,2026-05-25 01:16:38
FLOW-0000000576,POL-00000376,CLM-00000430,REFUND,BANK_SLIP,CANCELLED,2026-03-05,2026-03-10,81.96,81.96,BRL,386.209.417-04,Andrade - EI,Aragão,AL,2026-05-25 01:16:38
FLOW-0000000577,POL-00000280,CLM-00000385,REFUND,PIX,FAILED,2024-12-02,2024-12-05,12352.4,0.0,BRL,194.035.278-97,Teixeira e Filhos,Brito de Oliveira,PI,2026-05-25 01:16:38
FLOW-0000000578,POL-00000084,CLM-00000463,REINSURANCE,PIX,PROCESSED,2025-04-02,2025-04-05,19728.81,19728.81,BRL,574.268.913-64,Barbosa S.A.,Mendes Paulista,MA,2026-05-25 01:16:38
FLOW-0000000579,POL-00000488,CLM-00000108,COMMISSION,PIX,FAILED,2025-06-12,2025-06-12,7407.97,0.0,BRL,749.538.206-65,Sá,Azevedo,RN,2026-05-25 01:16:38
FLOW-0000000580,POL-00000375,CLM-00000077,REFUND,BANK_TRANSFER,PROCESSED,2026-03-14,2026-03-16,4294.12,4294.12,BRL,825.196.073-86,Araújo,da Luz,PB,2026-05-25 01:16:38
FLOW-0000000581,POL-00000361,CLM-00000032,REINSURANCE,DEBIT,CANCELLED,2024-12-14,2024-12-14,8481.87,8481.87,BRL,891.523.046-98,Jesus Rodrigues Ltda.,Jesus de Leão,MA,2026-05-25 01:16:38
FLOW-0000000582,POL-00000028,CLM-00000104,REFUND,CREDIT_CARD,PROCESSED,2025-04-22,2025-04-27,4166.68,4166.68,BRL,172.853.946-37,Vargas Casa Grande S.A.,Fernandes,MA,2026-05-25 01:16:38
FLOW-0000000583,POL-00000339,CLM-00000289,REFUND,CREDIT_CARD,FAILED,2025-08-13,2025-08-14,24361.24,0.0,BRL,158.392.647-09,da Rosa,Freitas de Minas,RS,2026-05-25 01:16:38
FLOW-0000000584,POL-00000079,CLM-00000056,REFUND,CREDIT_CARD,CANCELLED,2025-08-12,2025-08-13,2443.1,2443.1,BRL,803.751.946-57,Casa Grande Farias S/A,Martins,CE,2026-05-25 01:16:38
FLOW-0000000585,POL-00000103,CLM-00000100,COMMISSION,PIX,CANCELLED,2024-06-30,2024-06-30,10718.77,10718.77,BRL,380.697.214-13,Barros S/A,Moraes de Guerra,RR,2026-05-25 01:16:38
FLOW-0000000586,POL-00000243,CLM-00000865,COMMISSION,PIX,PENDING,2026-04-04,2026-04-05,4312.26,4312.26,BRL,501.724.683-53,Monteiro Farias e Filhos,Santos de Alves,DF,2026-05-25 01:16:38
FLOW-0000000587,POL-00000459,CLM-00000677,REFUND,CREDIT_CARD,CANCELLED,2025-08-09,2025-08-11,19632.67,19632.67,BRL,089.352.174-41,Melo,Porto da Praia,AC,2026-05-25 01:16:38
FLOW-0000000588,POL-00000190,CLM-00000907,REFUND,DEBIT,PROCESSED,2025-11-26,2025-11-26,16064.57,16064.57,BRL,659.807.314-66,Santos,Pastor,RS,2026-05-25 01:16:38
FLOW-0000000589,POL-00000226,CLM-00000477,PREMIUM_PAYMENT,CREDIT_CARD,FAILED,2026-05-09,2026-05-11,4705.24,0.0,BRL,643.027.185-44,Costela,da Conceição de Santos,AC,2026-05-25 01:16:38
FLOW-0000000590,POL-00000078,CLM-00000771,REINSURANCE,PIX,PENDING,2026-01-31,2026-02-01,20935.11,20935.11,BRL,875.602.431-26,Lima S/A,Garcia Verde,TO,2026-05-25 01:16:38
FLOW-0000000591,POL-00000498,CLM-00000775,REINSURANCE,BANK_TRANSFER,CANCELLED,2025-08-20,2025-08-20,16720.12,16720.12,BRL,537.869.012-95,da Mata,da Costa de Goiás,PB,2026-05-25 01:16:38
FLOW-0000000592,POL-00000495,CLM-00000549,REFUND,DEBIT,CANCELLED,2026-05-20,2026-05-21,13862.37,13862.37,BRL,397.186.502-02,da Luz - ME,Silveira,SP,2026-05-25 01:16:38
FLOW-0000000593,POL-00000041,CLM-00000405,REFUND,PIX,FAILED,2026-01-08,2026-01-12,22047.26,0.0,BRL,851.230.649-15,Moraes Ltda.,Casa Grande do Amparo,AP,2026-05-25 01:16:38
FLOW-0000000594,POL-00000062,CLM-00000973,REINSURANCE,DEBIT,PROCESSED,2024-07-12,2024-07-16,14301.94,14301.94,BRL,453.762.890-10,Martins - EI,Machado de Cirino,SC,2026-05-25 01:16:38
FLOW-0000000595,POL-00000414,CLM-00000198,CLAIM_PAYMENT,BANK_SLIP,PROCESSED,2024-08-22,2024-08-23,23729.08,23729.08,BRL,847.650.219-20,Rios Ferreira - EI,da Cruz,ES,2026-05-25 01:16:38
FLOW-0000000596,POL-00000104,CLM-00000843,CANCELLATION,BANK_SLIP,CANCELLED,2024-08-09,2024-08-09,10613.2,10613.2,BRL,357.681.904-57,Cavalcante,Cirino,PR,2026-05-25 01:16:38
FLOW-0000000597,POL-00000045,CLM-00000398,CANCELLATION,BANK_TRANSFER,PENDING,2025-02-06,2025-02-10,6484.26,6484.26,BRL,263.781.045-90,da Mata,Vargas de da Cruz,PE,2026-05-25 01:16:38
FLOW-0000000598,POL-00000470,CLM-00000895,COMMISSION,PIX,CANCELLED,2025-10-27,2025-10-30,13823.75,13823.75,BRL,964.832.507-38,Sousa Barbosa e Filhos,Souza dos Dourados,PB,2026-05-25 01:16:38
FLOW-0000000599,POL-00000058,CLM-00000425,REINSURANCE,BANK_SLIP,CANCELLED,2026-03-06,2026-03-11,15595.3,15595.3,BRL,086.524.179-11,Cunha,Machado,MA,2026-05-25 01:16:38
FLOW-0000000600,POL-00000474,CLM-00000109,REINSURANCE,BANK_TRANSFER,PENDING,2025-07-19,2025-07-20,14186.52,14186.52,BRL,435.261.078-07,Cunha,Machado de Cirino,PA,2026-05-25 01:16:38
FLOW-0000000601,POL-00000450,CLM-00000421,REINSURANCE,CREDIT_CARD,FAILED,2024-11-15,2024-11-15,19654.35,0.0,BRL,402.371.658-80,Melo,Sales da Serra,TO,2026-05-25 01:16:38
FLOW-0000000602,POL-00000020,CLM-00000177,REINSURANCE,CREDIT_CARD,CANCELLED,2025-10-13,2025-10-16,16386.95,16386.95,BRL,452.139.680-15,Abreu,Borges,DF,2026-05-25 01:16:38
FLOW-0000000603,POL-00000020,CLM-00000406,REINSURANCE,CREDIT_CARD,CANCELLED,2025-08-19,2025-08-22,3639.12,3639.12,BRL,723.846.501-90,Costa,Castro do Galho,PE,2026-05-25 01:16:38
FLOW-0000000604,POL-00000472,CLM-00000276,CANCELLATION,CREDIT_CARD,CANCELLED,2026-02-07,2026-02-12,5977.6,5977.6,BRL,236.057.984-38,Montenegro,Silva do Galho,DF,2026-05-25 01:16:38
FLOW-0000000605,POL-00000144,CLM-00000864,COMMISSION,DEBIT,FAILED,2025-09-30,2025-09-30,8479.76,0.0,BRL,270.614.538-26,Fonseca,Barbosa das Flores,MA,2026-05-25 01:16:38
FLOW-0000000606,POL-00000154,CLM-00000998,CLAIM_PAYMENT,DEBIT,PROCESSED,2025-07-24,2025-07-29,17137.06,17137.06,BRL,572.190.836-02,Correia,Costa,RJ,2026-05-25 01:16:38
FLOW-0000000607,POL-00000097,CLM-00000453,REFUND,BANK_SLIP,PENDING,2025-03-09,2025-03-11,6772.03,6772.03,BRL,124.580.796-01,Garcia,Carvalho de Ramos,RS,2026-05-25 01:16:38
FLOW-0000000608,POL-00000421,CLM-00000058,REINSURANCE,BANK_TRANSFER,FAILED,2024-05-29,2024-06-01,18536.57,0.0,BRL,298.536.401-98,Pereira Ramos e Filhos,Siqueira,MS,2026-05-25 01:16:38
FLOW-0000000609,POL-00000070,CLM-00000800,CANCELLATION,BANK_TRANSFER,CANCELLED,2025-03-02,2025-03-03,1687.14,1687.14,BRL,139.065.487-75,Montenegro S/A,Pimenta da Mata,MT,2026-05-25 01:16:38
FLOW-0000000610,POL-00000429,CLM-00000060,CLAIM_PAYMENT,BANK_SLIP,PROCESSED,2024-09-16,2024-09-20,772.26,772.26,BRL,476.820.935-10,das Neves,Porto de Sampaio,TO,2026-05-25 01:16:38
FLOW-0000000611,POL-00000141,CLM-00000378,COMMISSION,DEBIT,PROCESSED,2024-11-26,2024-11-26,11438.39,11438.39,BRL,651.297.083-77,Duarte Moura e Filhos,Correia de Minas,BA,2026-05-25 01:16:38
FLOW-0000000612,POL-00000124,CLM-00000382,PREMIUM_PAYMENT,DEBIT,PENDING,2025-07-27,2025-07-31,9953.71,9953.71,BRL,528.694.307-10,Guerra Sampaio - ME,Fonseca,PR,2026-05-25 01:16:38
FLOW-0000000613,POL-00000177,CLM-00000168,REFUND,CREDIT_CARD,FAILED,2024-07-12,2024-07-16,11180.28,0.0,BRL,283.945.607-92,da Mata,Moura,MG,2026-05-25 01:16:38
FLOW-0000000614,POL-00000015,CLM-00000396,PREMIUM_PAYMENT,PIX,FAILED,2025-07-14,2025-07-19,20780.21,0.0,BRL,980.327.456-29,Nogueira Azevedo - EI,Vargas,PI,2026-05-25 01:16:38
FLOW-0000000615,POL-00000332,CLM-00000231,CLAIM_PAYMENT,BANK_SLIP,PROCESSED,2025-12-19,2025-12-20,21352.84,21352.84,BRL,549.081.637-66,Novais,Costela Verde,AL,2026-05-25 01:16:38
FLOW-0000000616,POL-00000443,CLM-00000800,REINSURANCE,PIX,PENDING,2024-07-29,2024-07-31,16307.1,16307.1,BRL,326.805.791-86,Caldeira Brito Ltda.,Cavalcanti,TO,2026-05-25 01:16:38
FLOW-0000000617,POL-00000308,CLM-00000821,CANCELLATION,PIX,PROCESSED,2025-08-20,2025-08-23,22792.31,22792.31,BRL,569.487.302-56,Fernandes - EI,Novais,MT,2026-05-25 01:16:38
FLOW-0000000618,POL-00000217,CLM-00000917,COMMISSION,DEBIT,FAILED,2025-04-25,2025-04-26,6347.14,0.0,BRL,057.348.912-23,da Luz - ME,Pacheco Paulista,CE,2026-05-25 01:16:38
FLOW-0000000619,POL-00000155,CLM-00000694,CLAIM_PAYMENT,BANK_TRANSFER,CANCELLED,2025-11-27,2025-11-29,11502.0,11502.0,BRL,789.142.506-01,Cunha - ME,Viana do Galho,SC,2026-05-25 01:16:38
FLOW-0000000620,POL-00000262,CLM-00000679,PREMIUM_PAYMENT,CREDIT_CARD,PENDING,2024-07-26,2024-07-30,9958.96,9958.96,BRL,348.519.672-09,da Cruz - EI,Melo,PE,2026-05-25 01:16:38
FLOW-0000000621,POL-00000153,CLM-00000701,REINSURANCE,PIX,FAILED,2024-07-10,2024-07-14,16201.19,0.0,BRL,097.845.123-60,Garcia,Ribeiro,PI,2026-05-25 01:16:38
FLOW-0000000622,POL-00000442,CLM-00000284,COMMISSION,CREDIT_CARD,FAILED,2025-12-05,2025-12-08,1642.73,0.0,BRL,789.540.231-50,Porto,da Costa da Praia,PR,2026-05-25 01:16:38
FLOW-0000000623,POL-00000097,CLM-00000154,CANCELLATION,BANK_TRANSFER,FAILED,2025-09-17,2025-09-22,17791.79,0.0,BRL,384.921.056-15,Camargo,Moreira Verde,SP,2026-05-25 01:16:38
FLOW-0000000624,POL-00000339,CLM-00000328,REINSURANCE,BANK_SLIP,CANCELLED,2026-03-08,2026-03-09,22497.19,22497.19,BRL,160.583.274-07,Siqueira,Cirino,PA,2026-05-25 01:16:38
FLOW-0000000625,POL-00000133,CLM-00000929,REFUND,DEBIT,FAILED,2025-08-10,2025-08-15,685.11,0.0,BRL,965.470.231-25,Abreu,Peixoto de da Conceição,MA,2026-05-25 01:16:38
FLOW-0000000626,POL-00000176,CLM-00000744,PREMIUM_PAYMENT,BANK_SLIP,PROCESSED,2025-06-16,2025-06-19,9737.46,9737.46,BRL,923.651.847-82,Sousa S/A,Lopes de Gonçalves,PA,2026-05-25 01:16:38
FLOW-0000000627,POL-00000260,CLM-00000308,REFUND,BANK_SLIP,FAILED,2025-08-08,2025-08-13,13389.15,0.0,BRL,031.625.948-98,Azevedo,Pacheco de Vargas,RN,2026-05-25 01:16:38
FLOW-0000000628,POL-00000050,CLM-00000483,CLAIM_PAYMENT,BANK_SLIP,FAILED,2026-05-04,2026-05-09,21918.54,0.0,BRL,713.062.584-80,Machado,Abreu,SE,2026-05-25 01:16:38
FLOW-0000000629,POL-00000485,CLM-00000697,REINSURANCE,CREDIT_CARD,PROCESSED,2024-10-10,2024-10-15,6503.36,6503.36,BRL,197.346.285-00,Vieira - EI,Correia da Praia,PB,2026-05-25 01:16:38
FLOW-0000000630,POL-00000382,CLM-00000893,COMMISSION,CREDIT_CARD,PROCESSED,2025-04-03,2025-04-08,2278.03,2278.03,BRL,504.389.271-41,Lima Guerra - ME,Cassiano,AP,2026-05-25 01:16:38
FLOW-0000000631,POL-00000134,CLM-00000600,COMMISSION,CREDIT_CARD,FAILED,2026-01-18,2026-01-21,19712.86,0.0,BRL,127.540.986-58,Monteiro,Farias,SP,2026-05-25 01:16:38
FLOW-0000000632,POL-00000444,CLM-00000650,REFUND,BANK_TRANSFER,PENDING,2025-01-31,2025-02-03,21287.79,21287.79,BRL,078.319.642-31,Sousa,da Cunha,PA,2026-05-25 01:16:38
FLOW-0000000633,POL-00000456,CLM-00000200,PREMIUM_PAYMENT,BANK_TRANSFER,CANCELLED,2024-08-05,2024-08-09,23610.31,23610.31,BRL,327.591.486-37,Vieira Viana S.A.,Barros,PR,2026-05-25 01:16:38
FLOW-0000000634,POL-00000212,CLM-00000056,REFUND,BANK_SLIP,FAILED,2025-06-30,2025-06-30,21694.07,0.0,BRL,402.916.758-67,Camargo,Silva,SE,2026-05-25 01:16:38
FLOW-0000000635,POL-00000292,CLM-00000915,COMMISSION,DEBIT,CANCELLED,2024-07-28,2024-07-29,24809.08,24809.08,BRL,025.164.378-62,Abreu Silva S/A,Ribeiro de Oliveira,RN,2026-05-25 01:16:38
FLOW-0000000636,POL-00000399,CLM-00000083,CANCELLATION,DEBIT,PROCESSED,2025-04-09,2025-04-10,7943.77,7943.77,BRL,732.691.480-03,Novais Dias Ltda.,Teixeira,RS,2026-05-25 01:16:38
FLOW-0000000637,POL-00000325,CLM-00000060,CLAIM_PAYMENT,PIX,FAILED,2025-06-06,2025-06-08,15794.27,0.0,BRL,792.605.348-10,Dias,Sampaio Alegre,SC,2026-05-25 01:16:38
FLOW-0000000638,POL-00000251,CLM-00000805,CLAIM_PAYMENT,PIX,PROCESSED,2025-01-21,2025-01-24,6874.52,6874.52,BRL,091.846.735-75,Pacheco Ribeiro Ltda.,Marques,MS,2026-05-25 01:16:38
FLOW-0000000639,POL-00000207,CLM-00000440,CANCELLATION,DEBIT,CANCELLED,2024-06-17,2024-06-18,15381.27,15381.27,BRL,946.738.125-73,da Cunha - ME,Alves do Amparo,SE,2026-05-25 01:16:38
FLOW-0000000640,POL-00000375,CLM-00000383,REINSURANCE,PIX,PROCESSED,2024-11-03,2024-11-06,166.49,166.49,BRL,842.037.965-47,Santos Vasconcelos e Filhos,Dias,PI,2026-05-25 01:16:38
FLOW-0000000641,POL-00000010,CLM-00000693,REINSURANCE,PIX,PROCESSED,2024-06-16,2024-06-18,18933.35,18933.35,BRL,702.619.835-12,Campos,Cassiano de Pinto,RN,2026-05-25 01:16:38
FLOW-0000000642,POL-00000160,CLM-00000133,CLAIM_PAYMENT,PIX,FAILED,2025-05-23,2025-05-28,18353.4,0.0,BRL,837.560.124-17,Cunha e Filhos,da Paz,PR,2026-05-25 01:16:38
FLOW-0000000643,POL-00000034,CLM-00000844,COMMISSION,PIX,PROCESSED,2024-07-22,2024-07-25,12608.25,12608.25,BRL,873.605.142-07,Gonçalves,das Neves de Albuquerque,MG,2026-05-25 01:16:38
FLOW-0000000644,POL-00000223,CLM-00000910,REFUND,BANK_SLIP,FAILED,2026-01-09,2026-01-11,23714.16,0.0,BRL,953.284.706-56,Barros - ME,da Rocha,PA,2026-05-25 01:16:38
FLOW-0000000645,POL-00000385,CLM-00000193,REFUND,BANK_SLIP,FAILED,2025-04-24,2025-04-26,24903.67,0.0,BRL,594.268.170-85,da Rocha e Filhos,Souza,RR,2026-05-25 01:16:38
FLOW-0000000646,POL-00000109,CLM-00000752,CLAIM_PAYMENT,PIX,PROCESSED,2025-12-22,2025-12-25,527.16,527.16,BRL,865.217.043-62,Vargas Santos Ltda.,Câmara da Praia,PI,2026-05-25 01:16:38
FLOW-0000000647,POL-00000365,CLM-00000667,PREMIUM_PAYMENT,PIX,FAILED,2025-05-26,2025-05-30,12640.61,0.0,BRL,038.695.417-84,Gonçalves,Macedo,PE,2026-05-25 01:16:38
FLOW-0000000648,POL-00000305,CLM-00000050,COMMISSION,PIX,PENDING,2026-02-18,2026-02-21,21919.78,21919.78,BRL,675.209.431-43,Machado Mendonça Ltda.,Freitas de Goiás,RJ,2026-05-25 01:16:38
FLOW-0000000649,POL-00000214,CLM-00000455,PREMIUM_PAYMENT,DEBIT,PENDING,2024-11-02,2024-11-07,20911.19,20911.19,BRL,480.715.396-00,Araújo,Castro,CE,2026-05-25 01:16:38
FLOW-0000000650,POL-00000106,CLM-00000712,REFUND,PIX,PROCESSED,2024-09-03,2024-09-03,13704.7,13704.7,BRL,210.387.649-04,Caldeira Campos S.A.,Pastor Alegre,ES,2026-05-25 01:16:38
FLOW-0000000651,POL-00000319,CLM-00000621,PREMIUM_PAYMENT,BANK_SLIP,FAILED,2025-05-04,2025-05-06,10550.74,0.0,BRL,379.045.816-39,Siqueira Lima e Filhos,Silveira do Campo,BA,2026-05-25 01:16:38
FLOW-0000000652,POL-00000145,CLM-00000117,PREMIUM_PAYMENT,PIX,PENDING,2024-08-30,2024-09-02,20774.79,20774.79,BRL,860.397.452-74,Pereira,Rodrigues,AM,2026-05-25 01:16:38
FLOW-0000000653,POL-00000426,CLM-00000536,CLAIM_PAYMENT,BANK_SLIP,FAILED,2025-10-30,2025-11-02,5006.23,0.0,BRL,842.351.067-08,Borges,Pastor do Norte,MT,2026-05-25 01:16:38
FLOW-0000000654,POL-00000021,CLM-00000562,COMMISSION,DEBIT,PROCESSED,2024-09-06,2024-09-08,17600.75,17600.75,BRL,891.243.507-88,Alves,Moura,RR,2026-05-25 01:16:38
FLOW-0000000655,POL-00000121,CLM-00000003,REFUND,PIX,FAILED,2025-01-06,2025-01-07,17220.69,0.0,BRL,617.930.825-02,Gonçalves Vasconcelos - EI,Pacheco,ES,2026-05-25 01:16:38
FLOW-0000000656,POL-00000077,CLM-00000973,PREMIUM_PAYMENT,PIX,CANCELLED,2025-05-08,2025-05-13,2270.62,2270.62,BRL,287.609.453-38,Nogueira,Souza do Amparo,PA,2026-05-25 01:16:38
FLOW-0000000657,POL-00000464,CLM-00000263,CANCELLATION,BANK_SLIP,PENDING,2024-06-04,2024-06-08,1922.45,1922.45,BRL,942.018.365-33,Araújo - EI,Azevedo,AP,2026-05-25 01:16:38
FLOW-0000000658,POL-00000238,CLM-00000052,COMMISSION,PIX,FAILED,2025-05-24,2025-05-27,24717.21,0.0,BRL,581.306.479-66,Gomes Gonçalves - EI,Silveira Grande,RR,2026-05-25 01:16:38
FLOW-0000000659,POL-00000411,CLM-00000694,COMMISSION,CREDIT_CARD,FAILED,2024-06-21,2024-06-22,21859.8,0.0,BRL,801.325.647-26,Fogaça,da Rocha Verde,ES,2026-05-25 01:16:38
FLOW-0000000660,POL-00000005,CLM-00000873,PREMIUM_PAYMENT,BANK_SLIP,PENDING,2026-02-10,2026-02-13,18476.58,18476.58,BRL,143.782.059-04,Vieira,das Neves do Amparo,CE,2026-05-25 01:16:38
FLOW-0000000661,POL-00000458,CLM-00000449,COMMISSION,BANK_TRANSFER,FAILED,2025-03-15,2025-03-20,16197.61,0.0,BRL,280.796.341-22,da Rosa Fonseca - EI,Gomes de Moreira,CE,2026-05-25 01:16:38
FLOW-0000000662,POL-00000418,CLM-00000351,PREMIUM_PAYMENT,BANK_SLIP,FAILED,2025-12-26,2025-12-28,21967.96,0.0,BRL,089.254.716-20,Sá,Moura,AL,2026-05-25 01:16:38
FLOW-0000000663,POL-00000428,CLM-00000395,REFUND,DEBIT,FAILED,2026-03-09,2026-03-09,10049.4,0.0,BRL,896.341.257-19,Fernandes S.A.,Costela,PB,2026-05-25 01:16:38
FLOW-0000000664,POL-00000068,CLM-00000713,CLAIM_PAYMENT,PIX,PENDING,2025-11-24,2025-11-27,16238.72,16238.72,BRL,679.205.813-03,Silveira,Moraes,SC,2026-05-25 01:16:38
FLOW-0000000665,POL-00000411,CLM-00000583,REINSURANCE,DEBIT,CANCELLED,2026-01-15,2026-01-16,2637.64,2637.64,BRL,718.024.936-03,Correia,Sá de Silva,AM,2026-05-25 01:16:38
FLOW-0000000666,POL-00000442,CLM-00000701,COMMISSION,BANK_SLIP,PENDING,2026-01-28,2026-01-29,15302.51,15302.51,BRL,982.054.136-06,Aragão Cavalcante e Filhos,Jesus,DF,2026-05-25 01:16:38
FLOW-0000000667,POL-00000226,CLM-00000048,PREMIUM_PAYMENT,PIX,CANCELLED,2025-12-29,2026-01-01,23013.93,23013.93,BRL,013.274.895-97,Barbosa,Vasconcelos,AP,2026-05-25 01:16:38
FLOW-0000000668,POL-00000490,CLM-00000686,PREMIUM_PAYMENT,CREDIT_CARD,PROCESSED,2026-05-16,2026-05-18,16391.59,16391.59,BRL,219.674.805-67,Barros Ribeiro Ltda.,Pimenta,PE,2026-05-25 01:16:38
FLOW-0000000669,POL-00000222,CLM-00000678,CANCELLATION,BANK_SLIP,PENDING,2026-05-06,2026-05-10,13101.42,13101.42,BRL,197.652.048-76,Garcia Casa Grande S/A,Araújo,TO,2026-05-25 01:16:38
FLOW-0000000670,POL-00000077,CLM-00000860,CANCELLATION,BANK_TRANSFER,CANCELLED,2024-11-12,2024-11-15,8676.45,8676.45,BRL,217.453.986-19,Ramos Porto S/A,da Mota da Prata,RS,2026-05-25 01:16:38
FLOW-0000000671,POL-00000259,CLM-00000870,CANCELLATION,DEBIT,PROCESSED,2025-02-20,2025-02-24,1411.42,1411.42,BRL,875.603.412-17,Correia,Castro de Casa Grande,PA,2026-05-25 01:16:38
FLOW-0000000672,POL-00000165,CLM-00000247,PREMIUM_PAYMENT,CREDIT_CARD,CANCELLED,2026-03-25,2026-03-28,21741.92,21741.92,BRL,825.103.469-89,Araújo - EI,Aparecida Verde,MA,2026-05-25 01:16:38
FLOW-0000000673,POL-00000207,CLM-00000837,CLAIM_PAYMENT,BANK_SLIP,CANCELLED,2024-10-22,2024-10-24,1306.25,1306.25,BRL,082.513.496-05,Sampaio Pastor S.A.,Cassiano de Caldeira,RN,2026-05-25 01:16:38
FLOW-0000000674,POL-00000046,CLM-00000878,REINSURANCE,DEBIT,CANCELLED,2025-11-10,2025-11-10,11504.41,11504.41,BRL,429.836.705-38,Vieira S/A,Machado,PR,2026-05-25 01:16:38
FLOW-0000000675,POL-00000053,CLM-00000414,REFUND,DEBIT,PENDING,2025-05-14,2025-05-17,7935.74,7935.74,BRL,213.547.869-55,Castro,Montenegro do Sul,MS,2026-05-25 01:16:38
FLOW-0000000676,POL-00000406,CLM-00000619,PREMIUM_PAYMENT,BANK_TRANSFER,PENDING,2024-08-11,2024-08-11,13950.42,13950.42,BRL,457.681.093-66,da Cunha Araújo S.A.,Cirino,PE,2026-05-25 01:16:38
FLOW-0000000677,POL-00000336,CLM-00000688,REINSURANCE,DEBIT,PROCESSED,2025-01-14,2025-01-19,7649.72,7649.72,BRL,126.934.708-03,Porto,Rocha Alegre,PA,2026-05-25 01:16:38
FLOW-0000000678,POL-00000433,CLM-00000466,PREMIUM_PAYMENT,CREDIT_CARD,PROCESSED,2025-05-25,2025-05-27,9115.39,9115.39,BRL,305.749.218-50,Abreu,Freitas,RS,2026-05-25 01:16:38
FLOW-0000000679,POL-00000367,CLM-00000673,REINSURANCE,CREDIT_CARD,CANCELLED,2026-01-04,2026-01-08,19197.04,19197.04,BRL,052.493.761-34,Nunes,Moura do Campo,SP,2026-05-25 01:16:38
FLOW-0000000680,POL-00000002,CLM-00000350,PREMIUM_PAYMENT,CREDIT_CARD,PROCESSED,2026-02-20,2026-02-25,11340.68,11340.68,BRL,945.081.276-49,Peixoto,Ramos,MS,2026-05-25 01:16:38
FLOW-0000000681,POL-00000360,CLM-00000109,COMMISSION,PIX,FAILED,2024-11-09,2024-11-14,24112.62,0.0,BRL,106.384.527-08,Pires,Martins,TO,2026-05-25 01:16:38
FLOW-0000000682,POL-00000055,CLM-00000261,CANCELLATION,BANK_TRANSFER,CANCELLED,2026-02-04,2026-02-05,12335.93,12335.93,BRL,018.537.924-97,Garcia S.A.,da Costa de Goiás,RR,2026-05-25 01:16:38
FLOW-0000000683,POL-00000235,CLM-00000845,REFUND,BANK_SLIP,PROCESSED,2025-01-27,2025-01-28,4729.21,4729.21,BRL,438.215.976-82,Porto,Barbosa das Pedras,RO,2026-05-25 01:16:38
FLOW-0000000684,POL-00000475,CLM-00000649,REFUND,BANK_TRANSFER,PENDING,2025-02-26,2025-03-03,8481.44,8481.44,BRL,306.154.287-62,da Rocha,da Cunha Alegre,PR,2026-05-25 01:16:38
FLOW-0000000685,POL-00000338,CLM-00000604,REFUND,BANK_TRANSFER,CANCELLED,2025-02-17,2025-02-17,19315.02,19315.02,BRL,683.109.472-40,Camargo Oliveira S.A.,Fonseca de Pinto,SC,2026-05-25 01:16:38
FLOW-0000000686,POL-00000284,CLM-00000958,PREMIUM_PAYMENT,DEBIT,PENDING,2025-07-23,2025-07-24,24098.18,24098.18,BRL,514.029.673-06,Nogueira Rocha Ltda.,Cirino,PA,2026-05-25 01:16:38
FLOW-0000000687,POL-00000355,CLM-00000593,REINSURANCE,BANK_SLIP,PROCESSED,2024-07-08,2024-07-12,12099.15,12099.15,BRL,504.793.862-00,Caldeira Rezende - ME,Abreu,PB,2026-05-25 01:16:38
FLOW-0000000688,POL-00000337,CLM-00000615,PREMIUM_PAYMENT,BANK_TRANSFER,CANCELLED,2025-07-28,2025-08-02,20390.34,20390.34,BRL,259.304.817-41,Sales S.A.,da Paz,MG,2026-05-25 01:16:38
FLOW-0000000689,POL-00000312,CLM-00000938,REFUND,BANK_SLIP,CANCELLED,2026-02-23,2026-02-25,12627.55,12627.55,BRL,253.714.690-52,Souza,Campos do Galho,AM,2026-05-25 01:16:38
FLOW-0000000690,POL-00000232,CLM-00000825,COMMISSION,BANK_SLIP,FAILED,2024-07-08,2024-07-10,9976.86,0.0,BRL,730.259.168-77,Rocha S.A.,Cirino,RS,2026-05-25 01:16:38
FLOW-0000000691,POL-00000432,CLM-00000719,CANCELLATION,BANK_TRANSFER,FAILED,2025-06-25,2025-06-26,10348.0,0.0,BRL,953.217.864-37,Fernandes da Paz e Filhos,Cardoso de Teixeira,PE,2026-05-25 01:16:38
FLOW-0000000692,POL-00000103,CLM-00000215,REINSURANCE,BANK_TRANSFER,PROCESSED,2024-11-01,2024-11-03,17811.27,17811.27,BRL,279.345.106-16,da Mota,Pinto,MG,2026-05-25 01:16:38
FLOW-0000000693,POL-00000364,CLM-00000666,COMMISSION,BANK_SLIP,PROCESSED,2025-06-15,2025-06-20,7299.96,7299.96,BRL,804.176.239-50,Sampaio S/A,Fernandes,RS,2026-05-25 01:16:38
FLOW-0000000694,POL-00000364,CLM-00000119,CANCELLATION,CREDIT_CARD,FAILED,2025-10-06,2025-10-10,13585.16,0.0,BRL,250.836.741-90,Souza,Souza da Mata,SE,2026-05-25 01:16:38
FLOW-0000000695,POL-00000346,CLM-00000766,REINSURANCE,BANK_TRANSFER,CANCELLED,2025-08-23,2025-08-27,12035.23,12035.23,BRL,564.210.873-53,Albuquerque Fonseca Ltda.,Rocha do Sul,MT,2026-05-25 01:16:38
FLOW-0000000696,POL-00000268,CLM-00000110,REFUND,PIX,PENDING,2025-06-12,2025-06-14,21943.06,21943.06,BRL,509.261.843-42,Cavalcanti da Rosa - ME,Aparecida,CE,2026-05-25 01:16:38
FLOW-0000000697,POL-00000103,CLM-00000274,CANCELLATION,BANK_SLIP,PENDING,2025-04-18,2025-04-21,3675.9,3675.9,BRL,741.329.580-60,Pereira Peixoto S.A.,da Cunha de Sampaio,SP,2026-05-25 01:16:38
FLOW-0000000698,POL-00000354,CLM-00000804,CLAIM_PAYMENT,CREDIT_CARD,PENDING,2026-05-23,2026-05-25,17100.59,17100.59,BRL,372.091.564-61,Freitas,Camargo,SC,2026-05-25 01:16:38
FLOW-0000000699,POL-00000417,CLM-00000464,PREMIUM_PAYMENT,PIX,FAILED,2025-08-23,2025-08-24,18852.17,0.0,BRL,809.173.246-50,da Paz e Filhos,Fogaça,PB,2026-05-25 01:16:38
FLOW-0000000700,POL-00000381,CLM-00000663,CANCELLATION,BANK_TRANSFER,PROCESSED,2024-06-01,2024-06-05,21707.48,21707.48,BRL,092.768.145-58,Porto Montenegro e Filhos,Souza,MA,2026-05-25 01:16:38
FLOW-0000000701,POL-00000355,CLM-00000681,CANCELLATION,PIX,FAILED,2024-07-23,2024-07-26,5978.01,0.0,BRL,089.135.276-77,Pereira,Gonçalves de Gonçalves,PA,2026-05-25 01:16:38
FLOW-0000000702,POL-00000495,CLM-00000566,CANCELLATION,PIX,FAILED,2025-05-15,2025-05-18,9719.49,0.0,BRL,064.592.387-74,Costa Freitas Ltda.,da Conceição Alegre,PI,2026-05-25 01:16:38
FLOW-0000000703,POL-00000425,CLM-00000231,CLAIM_PAYMENT,CREDIT_CARD,CANCELLED,2025-04-07,2025-04-07,18604.57,18604.57,BRL,546.318.207-80,Rios Almeida - ME,Sá,RN,2026-05-25 01:16:38
FLOW-0000000704,POL-00000398,CLM-00000743,REINSURANCE,BANK_SLIP,PROCESSED,2024-08-10,2024-08-14,13688.05,13688.05,BRL,624.091.753-25,Azevedo Nascimento e Filhos,Novaes,RO,2026-05-25 01:16:38
FLOW-0000000705,POL-00000096,CLM-00000986,CANCELLATION,BANK_SLIP,PENDING,2024-05-30,2024-06-01,11247.93,11247.93,BRL,431.980.752-97,Brito,Pacheco de Macedo,SE,2026-05-25 01:16:38
FLOW-0000000706,POL-00000220,CLM-00000286,REFUND,BANK_TRANSFER,PENDING,2025-11-05,2025-11-10,12870.48,12870.48,BRL,967.581.340-75,Barros,da Costa,BA,2026-05-25 01:16:38
FLOW-0000000707,POL-00000003,CLM-00000339,REINSURANCE,DEBIT,FAILED,2025-12-25,2025-12-27,3295.16,0.0,BRL,869.425.731-91,Jesus,Nascimento da Prata,AP,2026-05-25 01:16:38
FLOW-0000000708,POL-00000476,CLM-00000331,PREMIUM_PAYMENT,BANK_TRANSFER,PROCESSED,2025-10-30,2025-11-04,23440.49,23440.49,BRL,195.376.482-73,da Conceição,Garcia das Pedras,GO,2026-05-25 01:16:38
FLOW-0000000709,POL-00000252,CLM-00000809,CANCELLATION,BANK_TRANSFER,FAILED,2025-06-29,2025-06-29,19352.84,0.0,BRL,781.963.024-87,Aragão,Almeida de Minas,PR,2026-05-25 01:16:38
FLOW-0000000710,POL-00000270,CLM-00000226,CANCELLATION,BANK_SLIP,FAILED,2025-09-12,2025-09-16,8984.24,0.0,BRL,546.281.309-06,Vieira S/A,Martins do Galho,PB,2026-05-25 01:16:38
FLOW-0000000711,POL-00000213,CLM-00000557,REINSURANCE,BANK_TRANSFER,PROCESSED,2025-01-30,2025-02-03,1751.0,1751.0,BRL,603.127.845-62,Souza,Araújo do Campo,RS,2026-05-25 01:16:38
FLOW-0000000712,POL-00000340,CLM-00000340,CLAIM_PAYMENT,CREDIT_CARD,PROCESSED,2025-08-26,2025-08-29,2344.04,2344.04,BRL,178.639.452-91,Rezende,Novaes,RR,2026-05-25 01:16:38
FLOW-0000000713,POL-00000288,CLM-00000844,REINSURANCE,PIX,CANCELLED,2025-05-21,2025-05-23,7374.68,7374.68,BRL,649.305.178-93,Araújo,Ramos,AL,2026-05-25 01:16:38
FLOW-0000000714,POL-00000464,CLM-00000658,REFUND,BANK_TRANSFER,PROCESSED,2024-10-16,2024-10-16,16740.01,16740.01,BRL,754.320.168-26,Fernandes Farias S/A,Rezende das Pedras,PI,2026-05-25 01:16:38
FLOW-0000000715,POL-00000196,CLM-00000938,PREMIUM_PAYMENT,PIX,FAILED,2026-03-31,2026-04-04,6133.49,0.0,BRL,540.926.138-06,Fogaça,da Luz,PE,2026-05-25 01:16:38
FLOW-0000000716,POL-00000013,CLM-00000934,CANCELLATION,BANK_TRANSFER,FAILED,2025-04-02,2025-04-05,6451.93,0.0,BRL,502.187.346-62,Fogaça,Nascimento,RO,2026-05-25 01:16:38
FLOW-0000000717,POL-00000250,CLM-00000045,REINSURANCE,CREDIT_CARD,CANCELLED,2025-10-14,2025-10-16,12882.01,12882.01,BRL,013.689.457-75,Viana - ME,Vargas do Sul,BA,2026-05-25 01:16:38
FLOW-0000000718,POL-00000486,CLM-00000099,REINSURANCE,BANK_SLIP,PENDING,2026-03-26,2026-03-31,4853.18,4853.18,BRL,374.208.915-32,Castro S/A,da Paz,PI,2026-05-25 01:16:38
FLOW-0000000719,POL-00000108,CLM-00000687,CANCELLATION,BANK_SLIP,PENDING,2024-07-29,2024-08-02,13353.49,13353.49,BRL,936.125.047-70,da Paz Melo S/A,Guerra do Oeste,MG,2026-05-25 01:16:38
FLOW-0000000720,POL-00000276,CLM-00000849,PREMIUM_PAYMENT,DEBIT,PROCESSED,2026-04-17,2026-04-22,10634.03,10634.03,BRL,198.306.752-03,Fogaça,Abreu,DF,2026-05-25 01:16:38
FLOW-0000000721,POL-00000013,CLM-00000471,PREMIUM_PAYMENT,CREDIT_CARD,PROCESSED,2024-09-28,2024-10-03,20428.02,20428.02,BRL,870.561.249-76,Lopes,Marques da Praia,PR,2026-05-25 01:16:38
FLOW-0000000722,POL-00000407,CLM-00000258,PREMIUM_PAYMENT,BANK_TRANSFER,PROCESSED,2024-12-27,2024-12-27,2233.65,2233.65,BRL,726.458.910-20,Oliveira,Moreira,AM,2026-05-25 01:16:38
FLOW-0000000723,POL-00000209,CLM-00000398,CLAIM_PAYMENT,DEBIT,FAILED,2026-02-18,2026-02-18,14395.31,0.0,BRL,012.694.538-15,Porto Jesus Ltda.,Cavalcanti,SP,2026-05-25 01:16:38
FLOW-0000000724,POL-00000200,CLM-00000690,COMMISSION,PIX,PENDING,2025-04-08,2025-04-13,10140.98,10140.98,BRL,729.105.386-21,da Conceição Marques - EI,Nunes,PA,2026-05-25 01:16:38
FLOW-0000000725,POL-00000388,CLM-00000764,CANCELLATION,BANK_TRANSFER,PENDING,2025-11-26,2025-11-30,197.18,197.18,BRL,480.265.917-20,Cassiano,Peixoto Verde,AC,2026-05-25 01:16:38
FLOW-0000000726,POL-00000476,CLM-00000515,PREMIUM_PAYMENT,PIX,FAILED,2025-07-29,2025-07-29,17537.01,0.0,BRL,209.143.765-43,Novais,Azevedo,PE,2026-05-25 01:16:38
FLOW-0000000727,POL-00000145,CLM-00000784,COMMISSION,DEBIT,PENDING,2024-12-17,2024-12-19,19682.95,19682.95,BRL,346.705.982-10,Novaes da Mata e Filhos,Câmara da Mata,RN,2026-05-25 01:16:38
FLOW-0000000728,POL-00000243,CLM-00000161,CANCELLATION,BANK_TRANSFER,PENDING,2024-10-03,2024-10-06,9908.08,9908.08,BRL,279.836.401-96,Pereira,Casa Grande da Prata,MT,2026-05-25 01:16:38
FLOW-0000000729,POL-00000492,CLM-00000650,REFUND,BANK_SLIP,FAILED,2024-09-08,2024-09-09,3452.72,0.0,BRL,820.674.591-20,Nunes,Pimenta,GO,2026-05-25 01:16:38
FLOW-0000000730,POL-00000491,CLM-00000973,CANCELLATION,PIX,FAILED,2025-01-20,2025-01-22,16948.36,0.0,BRL,102.647.395-07,Cardoso S.A.,Fogaça,DF,2026-05-25 01:16:38
FLOW-0000000731,POL-00000022,CLM-00000006,CLAIM_PAYMENT,BANK_TRANSFER,PENDING,2024-12-27,2024-12-31,21875.43,21875.43,BRL,651.097.842-30,da Costa,Albuquerque,PB,2026-05-25 01:16:38
FLOW-0000000732,POL-00000157,CLM-00000216,REINSURANCE,CREDIT_CARD,PENDING,2026-04-30,2026-05-04,9882.34,9882.34,BRL,395.107.486-84,Rezende Duarte e Filhos,Vargas de Goiás,CE,2026-05-25 01:16:38
FLOW-0000000733,POL-00000083,CLM-00000189,CANCELLATION,BANK_SLIP,PROCESSED,2025-12-25,2025-12-26,10345.73,10345.73,BRL,938.217.605-59,Almeida Alves e Filhos,Moura dos Dourados,RS,2026-05-25 01:16:38
FLOW-0000000734,POL-00000093,CLM-00000688,CLAIM_PAYMENT,BANK_TRANSFER,PENDING,2024-12-10,2024-12-14,20876.97,20876.97,BRL,786.419.205-01,Brito S.A.,da Mota,MT,2026-05-25 01:16:38
FLOW-0000000735,POL-00000331,CLM-00000563,REINSURANCE,PIX,CANCELLED,2024-07-26,2024-07-26,21292.12,21292.12,BRL,906.752.381-02,Novaes S/A,Sá de Rocha,PR,2026-05-25 01:16:38
FLOW-0000000736,POL-00000102,CLM-00000744,COMMISSION,BANK_TRANSFER,PENDING,2024-07-18,2024-07-20,16808.55,16808.55,BRL,713.620.859-95,Moreira e Filhos,Casa Grande da Prata,RO,2026-05-25 01:16:38
FLOW-0000000737,POL-00000344,CLM-00000672,COMMISSION,BANK_SLIP,PROCESSED,2026-05-15,2026-05-18,23790.92,23790.92,BRL,453.298.160-33,Pastor S/A,da Luz Paulista,AM,2026-05-25 01:16:38
FLOW-0000000738,POL-00000163,CLM-00000498,PREMIUM_PAYMENT,DEBIT,PROCESSED,2025-09-18,2025-09-18,7164.17,7164.17,BRL,954.786.201-49,Cardoso da Costa e Filhos,Azevedo,TO,2026-05-25 01:16:38
FLOW-0000000739,POL-00000290,CLM-00000581,COMMISSION,CREDIT_CARD,PROCESSED,2024-11-19,2024-11-21,15427.74,15427.74,BRL,140.736.852-44,Casa Grande,Silveira,PE,2026-05-25 01:16:38
FLOW-0000000740,POL-00000161,CLM-00000253,CLAIM_PAYMENT,BANK_SLIP,PENDING,2025-05-01,2025-05-03,23968.54,23968.54,BRL,326.084.917-31,Pereira S.A.,Cunha da Serra,DF,2026-05-25 01:16:38
FLOW-0000000741,POL-00000431,CLM-00000369,REFUND,BANK_SLIP,FAILED,2025-11-17,2025-11-22,18508.41,0.0,BRL,270.653.819-86,Almeida - EI,Casa Grande,CE,2026-05-25 01:16:38
FLOW-0000000742,POL-00000229,CLM-00000368,REFUND,CREDIT_CARD,CANCELLED,2025-12-30,2026-01-04,18337.67,18337.67,BRL,032.491.586-15,Camargo Castro S/A,Rezende de Minas,CE,2026-05-25 01:16:38
FLOW-0000000743,POL-00000431,CLM-00000288,CLAIM_PAYMENT,BANK_SLIP,PENDING,2025-11-28,2025-12-01,13814.21,13814.21,BRL,641.238.970-96,Gomes - ME,Camargo,MG,2026-05-25 01:16:38
FLOW-0000000744,POL-00000373,CLM-00000078,CANCELLATION,PIX,PENDING,2026-01-12,2026-01-16,4950.98,4950.98,BRL,387.519.426-82,Castro Siqueira Ltda.,Correia,AC,2026-05-25 01:16:38
FLOW-0000000745,POL-00000394,CLM-00000605,REINSURANCE,BANK_SLIP,CANCELLED,2026-04-11,2026-04-15,15809.08,15809.08,BRL,123.968.475-46,Casa Grande e Filhos,Borges da Praia,AP,2026-05-25 01:16:38
FLOW-0000000746,POL-00000335,CLM-00000794,REINSURANCE,BANK_SLIP,CANCELLED,2025-05-10,2025-05-10,13812.27,13812.27,BRL,598.160.374-75,Melo,Cassiano,CE,2026-05-25 01:16:38
FLOW-0000000747,POL-00000069,CLM-00000476,REINSURANCE,BANK_TRANSFER,FAILED,2025-08-08,2025-08-10,9842.83,0.0,BRL,087.523.641-35,Ribeiro,Câmara de Siqueira,DF,2026-05-25 01:16:38
FLOW-0000000748,POL-00000340,CLM-00000245,COMMISSION,BANK_TRANSFER,PENDING,2024-06-04,2024-06-08,2309.32,2309.32,BRL,852.147.963-82,Pires,Pinto da Praia,DF,2026-05-25 01:16:38
FLOW-0000000749,POL-00000229,CLM-00000164,REINSURANCE,BANK_SLIP,PROCESSED,2024-11-09,2024-11-14,4187.8,4187.8,BRL,493.816.027-78,Teixeira,da Rocha de Carvalho,RO,2026-05-25 01:16:38
FLOW-0000000750,POL-00000377,CLM-00000750,CANCELLATION,DEBIT,PROCESSED,2024-09-08,2024-09-12,23720.36,23720.36,BRL,013.986.274-96,Mendes,Melo,PB,2026-05-25 01:16:38
FLOW-0000000751,POL-00000033,CLM-00000271,REFUND,CREDIT_CARD,PROCESSED,2025-06-03,2025-06-05,1058.47,1058.47,BRL,709.531.826-30,das Neves - ME,Siqueira,RO,2026-05-25 01:16:38
FLOW-0000000752,POL-00000199,CLM-00000481,CLAIM_PAYMENT,DEBIT,FAILED,2025-03-24,2025-03-25,1118.07,0.0,BRL,693.874.052-65,Aragão,Pacheco da Serra,AM,2026-05-25 01:16:38
FLOW-0000000753,POL-00000053,CLM-00000721,CANCELLATION,BANK_TRANSFER,FAILED,2025-11-01,2025-11-01,1045.62,0.0,BRL,137.469.802-40,Macedo Campos e Filhos,Mendonça,PI,2026-05-25 01:16:38
FLOW-0000000754,POL-00000297,CLM-00000558,CANCELLATION,BANK_TRANSFER,FAILED,2024-12-05,2024-12-10,20749.7,0.0,BRL,674.095.328-74,Sales - ME,da Rocha,DF,2026-05-25 01:16:38
FLOW-0000000755,POL-00000301,CLM-00000670,REFUND,PIX,FAILED,2025-05-18,2025-05-19,9447.66,0.0,BRL,013.247.689-40,Melo,Sousa das Flores,BA,2026-05-25 01:16:38
FLOW-0000000756,POL-00000181,CLM-00000837,CLAIM_PAYMENT,CREDIT_CARD,CANCELLED,2024-09-07,2024-09-11,6327.08,6327.08,BRL,617.352.890-86,Rocha Correia S.A.,Martins do Norte,RR,2026-05-25 01:16:38
FLOW-0000000757,POL-00000257,CLM-00000904,REINSURANCE,BANK_SLIP,PENDING,2024-06-04,2024-06-07,19826.8,19826.8,BRL,580.164.297-85,Pimenta,Santos do Campo,TO,2026-05-25 01:16:38
FLOW-0000000758,POL-00000109,CLM-00000154,PREMIUM_PAYMENT,BANK_SLIP,FAILED,2026-04-16,2026-04-19,4181.87,0.0,BRL,390.146.257-07,Ferreira Machado - ME,Pinto de Minas,CE,2026-05-25 01:16:38
FLOW-0000000759,POL-00000339,CLM-00000236,CANCELLATION,DEBIT,PENDING,2025-06-13,2025-06-14,9087.46,9087.46,BRL,264.093.518-60,Duarte Barbosa Ltda.,Brito do Norte,MA,2026-05-25 01:16:38
FLOW-0000000760,POL-00000246,CLM-00000216,REFUND,BANK_TRANSFER,CANCELLED,2025-07-12,2025-07-14,18020.38,18020.38,BRL,851.297.306-40,Pinto,Cavalcanti,PE,2026-05-25 01:16:38
FLOW-0000000761,POL-00000125,CLM-00000045,REFUND,BANK_SLIP,PENDING,2026-04-14,2026-04-15,16199.12,16199.12,BRL,738.249.015-79,da Luz,Rocha do Galho,RO,2026-05-25 01:16:38
FLOW-0000000762,POL-00000457,CLM-00000587,CLAIM_PAYMENT,BANK_SLIP,PENDING,2025-04-03,2025-04-07,14829.07,14829.07,BRL,173.864.209-78,Pacheco,Rocha,TO,2026-05-25 01:16:38
FLOW-0000000763,POL-00000307,CLM-00000993,CLAIM_PAYMENT,BANK_TRANSFER,CANCELLED,2024-06-11,2024-06-11,4200.22,4200.22,BRL,146.793.208-69,Costela Ltda.,Jesus,RR,2026-05-25 01:16:38
FLOW-0000000764,POL-00000485,CLM-00000088,CANCELLATION,BANK_SLIP,FAILED,2025-01-04,2025-01-09,514.57,0.0,BRL,846.259.370-00,Vasconcelos S/A,Rios,RO,2026-05-25 01:16:38
FLOW-0000000765,POL-00000088,CLM-00000225,REFUND,DEBIT,CANCELLED,2024-08-23,2024-08-26,15182.82,15182.82,BRL,078.136.254-71,Pereira,da Costa do Amparo,DF,2026-05-25 01:16:38
FLOW-0000000766,POL-00000320,CLM-00000676,REINSURANCE,BANK_TRANSFER,PROCESSED,2025-10-04,2025-10-08,3610.67,3610.67,BRL,374.926.810-03,Costa - EI,Costa,AP,2026-05-25 01:16:38
FLOW-0000000767,POL-00000473,CLM-00000465,CANCELLATION,BANK_TRANSFER,FAILED,2024-11-18,2024-11-20,4234.66,0.0,BRL,985.246.017-01,Aragão Cavalcante Ltda.,Aparecida,MT,2026-05-25 01:16:38
FLOW-0000000768,POL-00000068,CLM-00000112,REFUND,PIX,CANCELLED,2024-08-29,2024-09-02,1767.63,1767.63,BRL,945.207.138-97,Abreu S.A.,Gomes da Mata,BA,2026-05-25 01:16:38
FLOW-0000000769,POL-00000424,CLM-00000154,REINSURANCE,BANK_TRANSFER,CANCELLED,2025-05-14,2025-05-15,13091.65,13091.65,BRL,418.023.759-88,Mendes,Aragão de Castro,PB,2026-05-25 01:16:38
FLOW-0000000770,POL-00000450,CLM-00000803,REINSURANCE,BANK_TRANSFER,PENDING,2024-11-17,2024-11-17,4476.68,4476.68,BRL,425.781.960-01,Nascimento,Nunes da Mata,SC,2026-05-25 01:16:38
FLOW-0000000771,POL-00000338,CLM-00000134,PREMIUM_PAYMENT,BANK_TRANSFER,CANCELLED,2025-12-21,2025-12-25,18821.96,18821.96,BRL,183.207.495-14,Costela,Monteiro,RR,2026-05-25 01:16:38
FLOW-0000000772,POL-00000268,CLM-00000431,CANCELLATION,CREDIT_CARD,CANCELLED,2026-05-23,2026-05-27,20696.67,20696.67,BRL,489.753.612-09,Rezende S.A.,Fogaça,CE,2026-05-25 01:16:38
FLOW-0000000773,POL-00000481,CLM-00000822,REFUND,DEBIT,PROCESSED,2025-06-20,2025-06-20,17456.19,17456.19,BRL,391.784.065-01,Pacheco,Sousa do Amparo,PA,2026-05-25 01:16:38
FLOW-0000000774,POL-00000218,CLM-00000138,CANCELLATION,CREDIT_CARD,PENDING,2025-12-19,2025-12-22,8795.42,8795.42,BRL,854.013.726-71,Sampaio,Moraes,AC,2026-05-25 01:16:38
FLOW-0000000775,POL-00000307,CLM-00000898,PREMIUM_PAYMENT,BANK_TRANSFER,FAILED,2026-03-16,2026-03-19,19158.18,0.0,BRL,408.195.237-04,Borges,da Mota Grande,MG,2026-05-25 01:16:38
FLOW-0000000776,POL-00000296,CLM-00000536,PREMIUM_PAYMENT,PIX,PENDING,2024-06-20,2024-06-23,6482.23,6482.23,BRL,850.417.632-08,Cassiano da Costa - EI,Jesus Verde,PA,2026-05-25 01:16:38
FLOW-0000000777,POL-00000353,CLM-00000824,CANCELLATION,CREDIT_CARD,PROCESSED,2025-08-27,2025-08-31,229.49,229.49,BRL,153.708.649-93,Nogueira,Costa,SC,2026-05-25 01:16:38
FLOW-0000000778,POL-00000334,CLM-00000600,CLAIM_PAYMENT,CREDIT_CARD,CANCELLED,2024-07-07,2024-07-10,9088.63,9088.63,BRL,942.057.163-70,Souza Nogueira S/A,Martins do Amparo,MA,2026-05-25 01:16:38
FLOW-0000000779,POL-00000314,CLM-00000283,REFUND,DEBIT,FAILED,2025-06-24,2025-06-26,21381.67,0.0,BRL,618.254.790-11,Farias,Moreira,DF,2026-05-25 01:16:38
FLOW-0000000780,POL-00000092,CLM-00000380,REINSURANCE,BANK_TRANSFER,CANCELLED,2024-07-25,2024-07-26,10360.04,10360.04,BRL,728.409.531-88,das Neves,Fernandes do Sul,PB,2026-05-25 01:16:38
FLOW-0000000781,POL-00000397,CLM-00000723,COMMISSION,DEBIT,FAILED,2024-11-22,2024-11-26,12119.82,0.0,BRL,902.514.768-20,Andrade Pires e Filhos,da Rosa,PB,2026-05-25 01:16:38
FLOW-0000000782,POL-00000383,CLM-00000236,CANCELLATION,DEBIT,PENDING,2024-12-30,2025-01-04,3494.81,3494.81,BRL,014.935.287-50,Machado Nunes Ltda.,Ramos,PR,2026-05-25 01:16:38
FLOW-0000000783,POL-00000261,CLM-00000411,PREMIUM_PAYMENT,CREDIT_CARD,PROCESSED,2025-05-23,2025-05-28,23733.67,23733.67,BRL,543.971.602-52,Viana,Albuquerque de Casa Grande,SP,2026-05-25 01:16:38
FLOW-0000000784,POL-00000083,CLM-00000399,CANCELLATION,PIX,PENDING,2024-09-20,2024-09-24,15369.93,15369.93,BRL,894.125.763-82,Viana,Gonçalves da Mata,AP,2026-05-25 01:16:38
FLOW-0000000785,POL-00000046,CLM-00000066,REFUND,CREDIT_CARD,CANCELLED,2025-02-17,2025-02-17,20590.22,20590.22,BRL,803.956.714-93,Macedo,Nunes,MT,2026-05-25 01:16:38
FLOW-0000000786,POL-00000371,CLM-00000394,REINSURANCE,DEBIT,PENDING,2026-05-11,2026-05-12,9302.34,9302.34,BRL,547.286.093-83,Porto Rocha e Filhos,Cavalcanti do Sul,MG,2026-05-25 01:16:38
FLOW-0000000787,POL-00000485,CLM-00000793,COMMISSION,BANK_SLIP,PENDING,2024-11-27,2024-12-01,16421.57,16421.57,BRL,753.148.062-07,Souza,Sales da Serra,MG,2026-05-25 01:16:38
FLOW-0000000788,POL-00000436,CLM-00000673,PREMIUM_PAYMENT,BANK_TRANSFER,PROCESSED,2026-05-17,2026-05-22,12384.49,12384.49,BRL,469.721.058-11,Souza,Pires do Galho,AP,2026-05-25 01:16:38
FLOW-0000000789,POL-00000315,CLM-00000174,REINSURANCE,PIX,PROCESSED,2025-03-28,2025-03-30,4908.93,4908.93,BRL,849.217.560-58,Viana,Aragão,TO,2026-05-25 01:16:38
FLOW-0000000790,POL-00000045,CLM-00000283,PREMIUM_PAYMENT,DEBIT,PROCESSED,2024-11-30,2024-12-02,6019.45,6019.45,BRL,203.761.954-52,Gomes - ME,Almeida Paulista,PB,2026-05-25 01:16:38
FLOW-0000000791,POL-00000266,CLM-00000016,REFUND,PIX,PROCESSED,2025-09-23,2025-09-25,16758.07,16758.07,BRL,475.260.913-43,da Mata,Costela,RS,2026-05-25 01:16:38
FLOW-0000000792,POL-00000178,CLM-00000987,CANCELLATION,CREDIT_CARD,FAILED,2025-09-01,2025-09-01,13762.34,0.0,BRL,926.081.537-12,da Cunha,Peixoto,PB,2026-05-25 01:16:38
FLOW-0000000793,POL-00000477,CLM-00000414,CLAIM_PAYMENT,BANK_TRANSFER,CANCELLED,2024-12-04,2024-12-05,15178.77,15178.77,BRL,231.980.754-32,Nunes,Cavalcanti,PA,2026-05-25 01:16:38
FLOW-0000000794,POL-00000287,CLM-00000075,REFUND,BANK_TRANSFER,PENDING,2025-07-09,2025-07-09,6564.63,6564.63,BRL,709.451.326-70,da Rocha Ltda.,da Paz Verde,RN,2026-05-25 01:16:38
FLOW-0000000795,POL-00000449,CLM-00000551,PREMIUM_PAYMENT,BANK_TRANSFER,FAILED,2026-05-21,2026-05-23,8532.15,0.0,BRL,753.890.142-60,da Rosa Ltda.,Ramos,MA,2026-05-25 01:16:38
FLOW-0000000796,POL-00000395,CLM-00000250,REFUND,CREDIT_CARD,CANCELLED,2024-11-13,2024-11-15,17370.09,17370.09,BRL,413.792.856-82,Sales,Garcia de da Paz,GO,2026-05-25 01:16:38
FLOW-0000000797,POL-00000247,CLM-00000120,REINSURANCE,CREDIT_CARD,PENDING,2025-07-01,2025-07-04,17055.79,17055.79,BRL,683.057.924-47,Guerra,Pinto do Amparo,PI,2026-05-25 01:16:38
FLOW-0000000798,POL-00000410,CLM-00000324,CLAIM_PAYMENT,DEBIT,PROCESSED,2024-08-25,2024-08-25,9597.7,9597.7,BRL,804.613.975-01,Alves,Fonseca,SP,2026-05-25 01:16:38
FLOW-0000000799,POL-00000128,CLM-00000295,PREMIUM_PAYMENT,PIX,FAILED,2024-12-08,2024-12-10,12936.78,0.0,BRL,607.321.548-71,Rocha - ME,Brito de Pacheco,TO,2026-05-25 01:16:38
FLOW-0000000800,POL-00000284,CLM-00000954,COMMISSION,BANK_SLIP,PENDING,2025-05-06,2025-05-09,16858.76,16858.76,BRL,829.375.601-21,Moura,Borges,RJ,2026-05-25 01:16:38
FLOW-0000000801,POL-00000094,CLM-00000970,CLAIM_PAYMENT,BANK_SLIP,FAILED,2025-11-08,2025-11-11,7881.13,0.0,BRL,637.924.108-69,Moraes - EI,Nunes,MA,2026-05-25 01:16:38
FLOW-0000000802,POL-00000447,CLM-00000272,CLAIM_PAYMENT,BANK_SLIP,PROCESSED,2026-01-05,2026-01-08,18440.95,18440.95,BRL,012.946.583-60,da Luz,Monteiro,AM,2026-05-25 01:16:38
FLOW-0000000803,POL-00000080,CLM-00000798,CLAIM_PAYMENT,PIX,FAILED,2025-03-19,2025-03-20,5109.03,0.0,BRL,186.729.350-12,Aragão,da Paz,MT,2026-05-25 01:16:38
FLOW-0000000804,POL-00000315,CLM-00000007,CANCELLATION,BANK_TRANSFER,CANCELLED,2025-06-10,2025-06-10,23008.69,23008.69,BRL,349.152.768-64,Sales,Andrade da Praia,SE,2026-05-25 01:16:38
FLOW-0000000805,POL-00000253,CLM-00000920,COMMISSION,BANK_TRANSFER,FAILED,2025-01-10,2025-01-10,21207.86,0.0,BRL,960.314.875-00,Mendes,Aparecida,SP,2026-05-25 01:16:38
FLOW-0000000806,POL-00000204,CLM-00000228,REINSURANCE,BANK_TRANSFER,FAILED,2025-07-03,2025-07-05,12295.59,0.0,BRL,297.015.863-95,Rios,da Conceição do Oeste,BA,2026-05-25 01:16:38
FLOW-0000000807,POL-00000482,CLM-00000554,REFUND,PIX,CANCELLED,2025-11-06,2025-11-07,1401.0,1401.0,BRL,250.416.938-89,Nogueira Gomes e Filhos,Leão,GO,2026-05-25 01:16:38
FLOW-0000000808,POL-00000235,CLM-00001000,CANCELLATION,PIX,PROCESSED,2025-11-09,2025-11-13,8714.86,8714.86,BRL,320.984.615-42,Jesus,Moura,RN,2026-05-25 01:16:38
FLOW-0000000809,POL-00000007,CLM-00000691,COMMISSION,BANK_SLIP,PENDING,2026-02-26,2026-03-03,12979.22,12979.22,BRL,712.468.390-40,da Conceição - EI,Mendonça,RJ,2026-05-25 01:16:38
FLOW-0000000810,POL-00000314,CLM-00000883,COMMISSION,CREDIT_CARD,FAILED,2025-01-03,2025-01-06,14546.16,0.0,BRL,420.317.869-03,Aparecida,Cirino,AC,2026-05-25 01:16:38
FLOW-0000000811,POL-00000242,CLM-00000982,CLAIM_PAYMENT,BANK_TRANSFER,FAILED,2025-12-13,2025-12-14,13736.66,0.0,BRL,978.560.243-56,Pastor,Barros do Sul,SC,2026-05-25 01:16:38
FLOW-0000000812,POL-00000108,CLM-00000430,REFUND,CREDIT_CARD,CANCELLED,2026-01-16,2026-01-18,9179.81,9179.81,BRL,139.675.208-03,Mendes,Oliveira do Galho,RR,2026-05-25 01:16:38
FLOW-0000000813,POL-00000093,CLM-00000586,COMMISSION,BANK_SLIP,CANCELLED,2025-04-28,2025-04-30,21365.44,21365.44,BRL,476.835.190-57,Guerra,Andrade,AP,2026-05-25 01:16:38
FLOW-0000000814,POL-00000412,CLM-00000242,PREMIUM_PAYMENT,BANK_TRANSFER,FAILED,2025-06-07,2025-06-11,17166.0,0.0,BRL,278.319.506-21,Garcia S/A,Câmara do Sul,ES,2026-05-25 01:16:38
FLOW-0000000815,POL-00000410,CLM-00000983,CLAIM_PAYMENT,BANK_SLIP,PROCESSED,2025-10-15,2025-10-18,21414.9,21414.9,BRL,064.957.132-07,Andrade Souza - ME,das Neves Verde,DF,2026-05-25 01:16:38
FLOW-0000000816,POL-00000256,CLM-00000138,CLAIM_PAYMENT,BANK_TRANSFER,CANCELLED,2024-07-07,2024-07-10,20151.43,20151.43,BRL,713.842.906-13,Leão,Barbosa do Campo,AP,2026-05-25 01:16:38
FLOW-0000000817,POL-00000129,CLM-00000576,REFUND,BANK_TRANSFER,FAILED,2024-12-23,2024-12-27,18027.98,0.0,BRL,671.809.542-76,Siqueira,Brito das Pedras,GO,2026-05-25 01:16:38
FLOW-0000000818,POL-00000031,CLM-00000221,CANCELLATION,CREDIT_CARD,PROCESSED,2026-02-18,2026-02-18,9990.13,9990.13,BRL,648.235.910-89,Casa Grande,Leão do Campo,SC,2026-05-25 01:16:38
FLOW-0000000819,POL-00000382,CLM-00000343,PREMIUM_PAYMENT,CREDIT_CARD,CANCELLED,2025-02-17,2025-02-20,20982.34,20982.34,BRL,340.781.659-66,Azevedo,Lopes,DF,2026-05-25 01:16:38
FLOW-0000000820,POL-00000177,CLM-00000021,REINSURANCE,DEBIT,FAILED,2024-11-16,2024-11-18,9039.65,0.0,BRL,293.685.710-40,da Cruz,Araújo,RR,2026-05-25 01:16:38
FLOW-0000000821,POL-00000296,CLM-00000590,CANCELLATION,BANK_TRANSFER,PROCESSED,2026-03-13,2026-03-13,8809.71,8809.71,BRL,265.130.497-25,Pimenta Garcia - ME,Silveira do Campo,RO,2026-05-25 01:16:38
FLOW-0000000822,POL-00000167,CLM-00000690,COMMISSION,BANK_TRANSFER,FAILED,2025-01-21,2025-01-22,24485.36,0.0,BRL,014.623.758-71,das Neves Leão - EI,Duarte,AL,2026-05-25 01:16:38
FLOW-0000000823,POL-00000196,CLM-00000629,REFUND,CREDIT_CARD,PENDING,2024-07-03,2024-07-06,19379.87,19379.87,BRL,318.920.764-03,Cirino,Novais das Pedras,TO,2026-05-25 01:16:38
FLOW-0000000824,POL-00000328,CLM-00000828,CLAIM_PAYMENT,CREDIT_CARD,PROCESSED,2026-05-08,2026-05-11,15811.22,15811.22,BRL,872.415.063-08,Vargas,Martins,ES,2026-05-25 01:16:38
FLOW-0000000825,POL-00000435,CLM-00000929,REINSURANCE,PIX,CANCELLED,2026-03-02,2026-03-05,15800.27,15800.27,BRL,841.659.273-09,Sousa - ME,Lima,MT,2026-05-25 01:16:38
FLOW-0000000826,POL-00000163,CLM-00000669,CLAIM_PAYMENT,CREDIT_CARD,FAILED,2025-10-28,2025-10-28,4091.89,0.0,BRL,378.164.205-44,Moreira,Cassiano,SP,2026-05-25 01:16:38
FLOW-0000000827,POL-00000139,CLM-00000909,CANCELLATION,DEBIT,CANCELLED,2025-12-03,2025-12-08,6723.44,6723.44,BRL,801.623.795-95,Melo,Costela,CE,2026-05-25 01:16:38
FLOW-0000000828,POL-00000212,CLM-00000172,REINSURANCE,BANK_SLIP,CANCELLED,2026-03-19,2026-03-21,18709.99,18709.99,BRL,894.267.051-20,Vasconcelos,Moreira,SC,2026-05-25 01:16:38
FLOW-0000000829,POL-00000482,CLM-00000762,CLAIM_PAYMENT,PIX,FAILED,2026-04-09,2026-04-09,3169.75,0.0,BRL,457.132.089-23,Moraes Sales e Filhos,da Mata do Norte,ES,2026-05-25 01:16:38
FLOW-0000000830,POL-00000033,CLM-00000960,PREMIUM_PAYMENT,DEBIT,PENDING,2025-10-24,2025-10-25,4214.42,4214.42,BRL,051.734.968-00,Silva Araújo - ME,Aparecida do Galho,AP,2026-05-25 01:16:38
FLOW-0000000831,POL-00000054,CLM-00000269,REFUND,BANK_TRANSFER,PENDING,2026-05-09,2026-05-13,1392.94,1392.94,BRL,613.057.924-16,Araújo Porto e Filhos,Camargo de Correia,TO,2026-05-25 01:16:38
FLOW-0000000832,POL-00000118,CLM-00000254,REFUND,CREDIT_CARD,FAILED,2025-08-03,2025-08-04,2153.57,0.0,BRL,436.527.819-37,Rocha,Martins,ES,2026-05-25 01:16:38
FLOW-0000000833,POL-00000015,CLM-00000036,CLAIM_PAYMENT,CREDIT_CARD,PROCESSED,2024-12-24,2024-12-27,15680.69,15680.69,BRL,709.536.214-99,Ribeiro,Oliveira,MA,2026-05-25 01:16:38
FLOW-0000000834,POL-00000281,CLM-00000456,REFUND,BANK_SLIP,FAILED,2025-09-22,2025-09-24,21612.82,0.0,BRL,461.805.972-94,Macedo,Pinto Verde,RO,2026-05-25 01:16:38
FLOW-0000000835,POL-00000324,CLM-00000767,REINSURANCE,BANK_TRANSFER,CANCELLED,2025-06-16,2025-06-21,13505.22,13505.22,BRL,295.843.670-56,Araújo Santos - ME,Correia,SP,2026-05-25 01:16:38
FLOW-0000000836,POL-00000466,CLM-00000356,CANCELLATION,DEBIT,FAILED,2026-03-18,2026-03-21,13110.32,0.0,BRL,867.329.415-00,Cavalcante - EI,Vieira de Andrade,MS,2026-05-25 01:16:38
FLOW-0000000837,POL-00000158,CLM-00000375,PREMIUM_PAYMENT,DEBIT,CANCELLED,2026-03-18,2026-03-22,5716.85,5716.85,BRL,179.204.653-70,da Rocha Mendonça S/A,Teixeira de da Luz,PB,2026-05-25 01:16:38
FLOW-0000000838,POL-00000268,CLM-00000835,PREMIUM_PAYMENT,BANK_SLIP,PENDING,2024-08-22,2024-08-24,3935.15,3935.15,BRL,584.239.607-65,Vasconcelos,Sales da Serra,MG,2026-05-25 01:16:38
FLOW-0000000839,POL-00000353,CLM-00000945,REINSURANCE,DEBIT,PENDING,2025-08-23,2025-08-25,7204.72,7204.72,BRL,826.139.540-51,Camargo,Casa Grande do Galho,GO,2026-05-25 01:16:38
FLOW-0000000840,POL-00000306,CLM-00000237,REFUND,PIX,FAILED,2025-05-18,2025-05-21,7525.28,0.0,BRL,914.687.305-84,Cavalcante S.A.,da Rosa,MG,2026-05-25 01:16:38
FLOW-0000000841,POL-00000203,CLM-00000256,REFUND,BANK_SLIP,CANCELLED,2025-12-14,2025-12-18,9372.41,9372.41,BRL,853.014.926-24,da Paz,Novaes,DF,2026-05-25 01:16:38
FLOW-0000000842,POL-00000113,CLM-00000270,REFUND,PIX,CANCELLED,2024-10-10,2024-10-15,18441.09,18441.09,BRL,584.736.201-35,Aragão,Viana,AP,2026-05-25 01:16:38
FLOW-0000000843,POL-00000146,CLM-00000665,REINSURANCE,BANK_TRANSFER,FAILED,2026-05-09,2026-05-12,15651.81,0.0,BRL,701.238.946-03,da Paz e Filhos,Barbosa,RJ,2026-05-25 01:16:38
FLOW-0000000844,POL-00000070,CLM-00000297,PREMIUM_PAYMENT,PIX,PROCESSED,2025-04-23,2025-04-25,10351.95,10351.95,BRL,547.326.908-74,Aragão Nunes S/A,Souza Grande,DF,2026-05-25 01:16:38
FLOW-0000000845,POL-00000359,CLM-00000638,REFUND,DEBIT,FAILED,2025-06-30,2025-07-05,11410.81,0.0,BRL,732.596.814-00,Dias e Filhos,Rocha de Cavalcante,GO,2026-05-25 01:16:38
FLOW-0000000846,POL-00000497,CLM-00000548,CLAIM_PAYMENT,PIX,PENDING,2024-07-08,2024-07-09,8050.06,8050.06,BRL,751.963.248-28,Azevedo Câmara - EI,Moraes da Mata,AC,2026-05-25 01:16:38
FLOW-0000000847,POL-00000065,CLM-00000733,COMMISSION,DEBIT,FAILED,2024-06-11,2024-06-12,24309.7,0.0,BRL,830.546.917-48,Borges Pinto S.A.,da Luz da Prata,PR,2026-05-25 01:16:38
FLOW-0000000848,POL-00000008,CLM-00000506,PREMIUM_PAYMENT,BANK_SLIP,PROCESSED,2024-11-11,2024-11-16,254.69,254.69,BRL,731.590.628-21,Albuquerque Moraes - EI,da Paz de Goiás,MT,2026-05-25 01:16:38
FLOW-0000000849,POL-00000238,CLM-00000714,REFUND,PIX,FAILED,2026-01-13,2026-01-15,10535.06,0.0,BRL,972.081.345-88,Vieira S.A.,Mendes Verde,PR,2026-05-25 01:16:38
FLOW-0000000850,POL-00000137,CLM-00000795,CLAIM_PAYMENT,DEBIT,PENDING,2025-04-07,2025-04-09,2051.57,2051.57,BRL,064.197.538-48,Jesus,Costa da Serra,SE,2026-05-25 01:16:38
FLOW-0000000851,POL-00000459,CLM-00000862,CLAIM_PAYMENT,CREDIT_CARD,PROCESSED,2025-11-14,2025-11-14,13602.64,13602.64,BRL,758.214.069-94,Ferreira e Filhos,Carvalho,PI,2026-05-25 01:16:38
FLOW-0000000852,POL-00000198,CLM-00000790,PREMIUM_PAYMENT,DEBIT,PROCESSED,2025-12-23,2025-12-26,20714.89,20714.89,BRL,468.209.731-87,Lopes,Costela,RO,2026-05-25 01:16:38
FLOW-0000000853,POL-00000236,CLM-00000753,PREMIUM_PAYMENT,PIX,PROCESSED,2025-12-06,2025-12-07,18453.59,18453.59,BRL,269.310.784-96,Cirino,Mendes dos Dourados,PR,2026-05-25 01:16:38
FLOW-0000000854,POL-00000200,CLM-00000698,CLAIM_PAYMENT,CREDIT_CARD,CANCELLED,2025-01-18,2025-01-22,16666.9,16666.9,BRL,380.672.154-80,Sales S.A.,Nunes,MA,2026-05-25 01:16:38
FLOW-0000000855,POL-00000382,CLM-00000960,CANCELLATION,BANK_TRANSFER,PENDING,2025-11-04,2025-11-06,4007.36,4007.36,BRL,748.961.320-50,Camargo,Garcia,RO,2026-05-25 01:16:38
FLOW-0000000856,POL-00000102,CLM-00000370,REFUND,PIX,FAILED,2024-10-07,2024-10-11,3097.43,0.0,BRL,216.037.549-70,da Mata,Siqueira,RO,2026-05-25 01:16:38
FLOW-0000000857,POL-00000325,CLM-00000445,PREMIUM_PAYMENT,CREDIT_CARD,PROCESSED,2025-08-03,2025-08-08,5483.82,5483.82,BRL,749.628.510-20,Cunha,Teixeira de Brito,MS,2026-05-25 01:16:38
FLOW-0000000858,POL-00000203,CLM-00000809,COMMISSION,BANK_SLIP,PENDING,2026-04-24,2026-04-24,4225.64,4225.64,BRL,973.814.265-28,Sales,Ribeiro,SC,2026-05-25 01:16:38
FLOW-0000000859,POL-00000353,CLM-00000611,REINSURANCE,BANK_SLIP,CANCELLED,2024-05-26,2024-05-26,24222.43,24222.43,BRL,705.213.689-95,Vargas Vieira - ME,Mendes,RN,2026-05-25 01:16:38
FLOW-0000000860,POL-00000256,CLM-00000094,CLAIM_PAYMENT,BANK_TRANSFER,PROCESSED,2025-08-17,2025-08-19,19281.39,19281.39,BRL,026.517.983-12,Fogaça Oliveira - ME,Carvalho dos Dourados,RN,2026-05-25 01:16:38
FLOW-0000000861,POL-00000031,CLM-00000365,CANCELLATION,BANK_SLIP,PENDING,2025-04-25,2025-04-27,23274.68,23274.68,BRL,172.430.856-44,Câmara,Silva do Campo,PE,2026-05-25 01:16:38
FLOW-0000000862,POL-00000250,CLM-00000239,PREMIUM_PAYMENT,CREDIT_CARD,PROCESSED,2025-10-31,2025-11-05,13432.02,13432.02,BRL,206.943.781-78,Borges Gonçalves Ltda.,Borges do Amparo,RS,2026-05-25 01:16:38
FLOW-0000000863,POL-00000376,CLM-00000198,COMMISSION,PIX,CANCELLED,2026-02-28,2026-03-04,19724.62,19724.62,BRL,681.729.430-40,das Neves,Mendes,MS,2026-05-25 01:16:38
FLOW-0000000864,POL-00000129,CLM-00000921,CANCELLATION,PIX,PROCESSED,2025-01-07,2025-01-12,9475.33,9475.33,BRL,046.952.781-11,Sales,Nunes da Prata,AP,2026-05-25 01:16:38
FLOW-0000000865,POL-00000278,CLM-00000714,REINSURANCE,DEBIT,FAILED,2024-11-27,2024-11-30,17680.32,0.0,BRL,574.613.028-17,da Cruz,Leão das Flores,RJ,2026-05-25 01:16:38
FLOW-0000000866,POL-00000166,CLM-00000750,REINSURANCE,DEBIT,FAILED,2025-08-07,2025-08-08,14189.21,0.0,BRL,476.819.053-75,Machado S.A.,Almeida,RO,2026-05-25 01:16:38
FLOW-0000000867,POL-00000036,CLM-00000544,REINSURANCE,BANK_SLIP,PROCESSED,2025-01-11,2025-01-13,21698.16,21698.16,BRL,175.840.926-67,Moraes,da Paz da Mata,RO,2026-05-25 01:16:38
FLOW-0000000868,POL-00000233,CLM-00000001,COMMISSION,BANK_TRANSFER,FAILED,2024-10-11,2024-10-14,7427.03,0.0,BRL,935.287.604-00,Nascimento S.A.,Duarte,AC,2026-05-25 01:16:38
FLOW-0000000869,POL-00000398,CLM-00000636,PREMIUM_PAYMENT,BANK_SLIP,FAILED,2025-12-06,2025-12-09,18354.76,0.0,BRL,408.937.265-83,Melo Novais Ltda.,Macedo Grande,RR,2026-05-25 01:16:38
FLOW-0000000870,POL-00000098,CLM-00000537,CANCELLATION,DEBIT,CANCELLED,2025-08-03,2025-08-05,18039.04,18039.04,BRL,185.960.247-94,Câmara da Paz S/A,Moura,AM,2026-05-25 01:16:38
FLOW-0000000871,POL-00000210,CLM-00000657,COMMISSION,CREDIT_CARD,FAILED,2024-07-14,2024-07-18,3895.58,0.0,BRL,697.532.048-92,da Conceição Albuquerque S/A,Silva de Guerra,PA,2026-05-25 01:16:38
FLOW-0000000872,POL-00000023,CLM-00000856,CANCELLATION,BANK_SLIP,PENDING,2025-04-22,2025-04-22,2451.59,2451.59,BRL,187.064.235-07,Siqueira,Caldeira,MG,2026-05-25 01:16:38
FLOW-0000000873,POL-00000249,CLM-00000197,CLAIM_PAYMENT,PIX,PENDING,2025-03-05,2025-03-06,21843.64,21843.64,BRL,438.102.795-79,Caldeira S.A.,da Cruz,AL,2026-05-25 01:16:38
FLOW-0000000874,POL-00000270,CLM-00000639,REFUND,BANK_TRANSFER,CANCELLED,2026-01-27,2026-01-27,14296.75,14296.75,BRL,974.680.532-00,Mendes,da Conceição,TO,2026-05-25 01:16:38
FLOW-0000000875,POL-00000007,CLM-00000953,CLAIM_PAYMENT,BANK_SLIP,PENDING,2025-04-24,2025-04-26,1274.69,1274.69,BRL,738.204.695-83,da Mota - ME,Costela,MA,2026-05-25 01:16:38
FLOW-0000000876,POL-00000411,CLM-00000655,PREMIUM_PAYMENT,PIX,CANCELLED,2024-12-18,2024-12-23,12310.57,12310.57,BRL,536.049.812-98,Nunes Porto - ME,Vieira do Oeste,BA,2026-05-25 01:16:38
FLOW-0000000877,POL-00000407,CLM-00000726,REFUND,PIX,FAILED,2025-04-15,2025-04-17,13972.6,0.0,BRL,197.480.526-30,Brito - EI,Peixoto,MG,2026-05-25 01:16:38
FLOW-0000000878,POL-00000428,CLM-00000312,PREMIUM_PAYMENT,PIX,PENDING,2025-08-30,2025-09-03,6682.1,6682.1,BRL,753.498.061-57,da Cunha e Filhos,Vasconcelos do Norte,RN,2026-05-25 01:16:38
FLOW-0000000879,POL-00000372,CLM-00000237,PREMIUM_PAYMENT,BANK_TRANSFER,PENDING,2026-04-06,2026-04-07,24016.64,24016.64,BRL,768.051.429-11,Sá,Moraes,SP,2026-05-25 01:16:38
FLOW-0000000880,POL-00000292,CLM-00000641,REINSURANCE,BANK_SLIP,PROCESSED,2024-09-30,2024-10-03,4777.04,4777.04,BRL,618.357.209-86,Ramos Novaes Ltda.,Lopes das Flores,AM,2026-05-25 01:16:38
FLOW-0000000881,POL-00000393,CLM-00000654,REFUND,BANK_TRANSFER,PENDING,2025-02-11,2025-02-15,18742.4,18742.4,BRL,295.483.760-83,Abreu S.A.,Campos de Goiás,TO,2026-05-25 01:16:38
FLOW-0000000882,POL-00000453,CLM-00000107,CANCELLATION,BANK_SLIP,CANCELLED,2026-02-18,2026-02-20,16878.59,16878.59,BRL,782.305.194-04,Moraes Pereira - ME,Macedo das Flores,PE,2026-05-25 01:16:38
FLOW-0000000883,POL-00000337,CLM-00000162,REINSURANCE,BANK_TRANSFER,FAILED,2024-10-14,2024-10-15,13771.64,0.0,BRL,941.230.658-05,Porto,Lopes,MS,2026-05-25 01:16:38
FLOW-0000000884,POL-00000282,CLM-00000333,COMMISSION,CREDIT_CARD,FAILED,2025-06-20,2025-06-24,11103.15,0.0,BRL,763.402.851-71,Macedo Monteiro S/A,Leão de Novais,CE,2026-05-25 01:16:38
FLOW-0000000885,POL-00000312,CLM-00000247,REFUND,BANK_TRANSFER,FAILED,2025-12-19,2025-12-22,19116.4,0.0,BRL,405.283.791-60,Almeida,Borges de Cassiano,RJ,2026-05-25 01:16:38
FLOW-0000000886,POL-00000185,CLM-00000985,REINSURANCE,DEBIT,FAILED,2024-09-06,2024-09-10,5387.51,0.0,BRL,458.102.369-60,Cirino Brito S/A,da Rocha,PR,2026-05-25 01:16:38
FLOW-0000000887,POL-00000146,CLM-00000611,PREMIUM_PAYMENT,PIX,PENDING,2024-12-24,2024-12-27,23997.62,23997.62,BRL,532.689.107-77,Santos,Cunha de Cassiano,MS,2026-05-25 01:16:38
FLOW-0000000888,POL-00000154,CLM-00000228,COMMISSION,BANK_SLIP,PENDING,2025-12-20,2025-12-24,3420.39,3420.39,BRL,936.512.807-21,Brito - ME,Pastor,PE,2026-05-25 01:16:38
FLOW-0000000889,POL-00000471,CLM-00000567,CANCELLATION,BANK_TRANSFER,FAILED,2026-05-13,2026-05-15,591.45,0.0,BRL,084.695.712-49,Abreu,Souza de Machado,SE,2026-05-25 01:16:38
FLOW-0000000890,POL-00000049,CLM-00000039,REINSURANCE,DEBIT,PROCESSED,2026-01-10,2026-01-14,14288.17,14288.17,BRL,698.125.407-76,Ramos,Gonçalves,TO,2026-05-25 01:16:38
FLOW-0000000891,POL-00000456,CLM-00000597,COMMISSION,BANK_SLIP,FAILED,2025-08-05,2025-08-07,3944.87,0.0,BRL,249.173.508-32,Pinto,Novais de Minas,PR,2026-05-25 01:16:38
FLOW-0000000892,POL-00000293,CLM-00000410,COMMISSION,BANK_TRANSFER,PENDING,2024-11-19,2024-11-20,6443.28,6443.28,BRL,982.356.710-77,Rezende Nogueira S/A,Cavalcanti,PI,2026-05-25 01:16:38
FLOW-0000000893,POL-00000406,CLM-00000495,CANCELLATION,BANK_SLIP,FAILED,2025-09-07,2025-09-08,18369.94,0.0,BRL,602.135.847-35,Ramos - ME,Abreu,TO,2026-05-25 01:16:38
FLOW-0000000894,POL-00000305,CLM-00000658,CANCELLATION,CREDIT_CARD,PENDING,2025-01-29,2025-02-01,20651.35,20651.35,BRL,806.972.543-56,Pacheco,Macedo Verde,SC,2026-05-25 01:16:38
FLOW-0000000895,POL-00000041,CLM-00000799,REINSURANCE,PIX,CANCELLED,2025-02-26,2025-02-26,18283.19,18283.19,BRL,127.498.653-28,Campos,Novaes,MA,2026-05-25 01:16:38
FLOW-0000000896,POL-00000477,CLM-00000889,REFUND,PIX,CANCELLED,2024-09-18,2024-09-20,8730.86,8730.86,BRL,239.106.478-04,Ferreira e Filhos,Aragão de Câmara,RS,2026-05-25 01:16:38
FLOW-0000000897,POL-00000325,CLM-00000797,REINSURANCE,DEBIT,PENDING,2024-09-23,2024-09-24,18704.58,18704.58,BRL,981.527.634-46,Costa,Moura de da Paz,GO,2026-05-25 01:16:38
FLOW-0000000898,POL-00000277,CLM-00000579,PREMIUM_PAYMENT,BANK_SLIP,FAILED,2025-01-02,2025-01-02,7654.35,0.0,BRL,610.729.845-20,Garcia,Câmara,AP,2026-05-25 01:16:38
FLOW-0000000899,POL-00000026,CLM-00000690,CLAIM_PAYMENT,DEBIT,PROCESSED,2024-08-28,2024-08-30,12584.92,12584.92,BRL,397.264.081-13,Albuquerque Vasconcelos - ME,Peixoto,PA,2026-05-25 01:16:38
FLOW-0000000900,POL-00000114,CLM-00000443,REINSURANCE,CREDIT_CARD,PENDING,2026-01-18,2026-01-21,18833.36,18833.36,BRL,276.105.483-08,Abreu,Rezende,MT,2026-05-25 01:16:38
FLOW-0000000901,POL-00000244,CLM-00000586,COMMISSION,PIX,PENDING,2025-08-23,2025-08-26,3742.91,3742.91,BRL,962.431.078-50,das Neves S/A,Sá,PI,2026-05-25 01:16:38
FLOW-0000000902,POL-00000257,CLM-00000445,PREMIUM_PAYMENT,BANK_SLIP,CANCELLED,2026-04-07,2026-04-11,10009.82,10009.82,BRL,810.639.574-00,Alves Farias S.A.,Castro da Prata,PR,2026-05-25 01:16:38
FLOW-0000000903,POL-00000203,CLM-00000668,CLAIM_PAYMENT,BANK_TRANSFER,CANCELLED,2024-06-03,2024-06-04,12049.02,12049.02,BRL,827.019.345-32,Borges,Brito,PB,2026-05-25 01:16:38
FLOW-0000000904,POL-00000125,CLM-00000074,CANCELLATION,CREDIT_CARD,PROCESSED,2024-11-19,2024-11-20,14051.13,14051.13,BRL,175.680.329-30,Guerra Moura - ME,Rezende,PA,2026-05-25 01:16:38
FLOW-0000000905,POL-00000058,CLM-00000688,REINSURANCE,DEBIT,PENDING,2025-09-15,2025-09-18,8119.12,8119.12,BRL,397.510.482-14,Ferreira,Rocha do Sul,MA,2026-05-25 01:16:38
FLOW-0000000906,POL-00000177,CLM-00000609,CLAIM_PAYMENT,PIX,FAILED,2025-06-14,2025-06-17,9163.43,0.0,BRL,234.670.519-52,Gonçalves,Silva,AC,2026-05-25 01:16:38
FLOW-0000000907,POL-00000320,CLM-00000150,COMMISSION,DEBIT,CANCELLED,2024-10-25,2024-10-27,4272.92,4272.92,BRL,490.628.137-04,Silva,Silveira de da Mota,ES,2026-05-25 01:16:38
FLOW-0000000908,POL-00000351,CLM-00000383,CLAIM_PAYMENT,BANK_SLIP,PROCESSED,2025-04-10,2025-04-10,23109.12,23109.12,BRL,410.892.637-40,Novais,da Conceição,AP,2026-05-25 01:16:38
FLOW-0000000909,POL-00000125,CLM-00000972,PREMIUM_PAYMENT,BANK_TRANSFER,PENDING,2025-05-06,2025-05-11,21326.47,21326.47,BRL,049.218.653-70,da Mota,Pires,PB,2026-05-25 01:16:38
FLOW-0000000910,POL-00000176,CLM-00000711,COMMISSION,PIX,PENDING,2025-06-15,2025-06-16,21725.37,21725.37,BRL,018.463.792-96,Camargo Cirino S.A.,Lopes,PE,2026-05-25 01:16:38
FLOW-0000000911,POL-00000108,CLM-00000758,PREMIUM_PAYMENT,BANK_TRANSFER,FAILED,2024-08-23,2024-08-25,11279.04,0.0,BRL,234.807.651-90,Sousa Aragão - EI,da Luz,PI,2026-05-25 01:16:38
FLOW-0000000912,POL-00000281,CLM-00000495,REINSURANCE,BANK_TRANSFER,FAILED,2024-08-07,2024-08-08,5134.84,0.0,BRL,584.310.692-60,Ramos Aragão S.A.,Martins,PR,2026-05-25 01:16:38
FLOW-0000000913,POL-00000193,CLM-00000597,CANCELLATION,BANK_TRANSFER,PENDING,2025-06-18,2025-06-23,24807.94,24807.94,BRL,465.137.892-73,Andrade,Barros,SE,2026-05-25 01:16:38
FLOW-0000000914,POL-00000103,CLM-00000809,PREMIUM_PAYMENT,BANK_TRANSFER,FAILED,2024-06-18,2024-06-18,6423.64,0.0,BRL,278.643.150-62,da Conceição Pires - ME,Novais,ES,2026-05-25 01:16:38
FLOW-0000000915,POL-00000035,CLM-00000398,CANCELLATION,CREDIT_CARD,PENDING,2025-11-28,2025-11-30,1374.48,1374.48,BRL,187.596.420-76,Costa,Freitas de Borges,MT,2026-05-25 01:16:38
FLOW-0000000916,POL-00000443,CLM-00000111,CANCELLATION,PIX,FAILED,2025-04-19,2025-04-24,21309.47,0.0,BRL,752.608.491-67,Melo,da Mata Alegre,SP,2026-05-25 01:16:38
FLOW-0000000917,POL-00000119,CLM-00000390,CANCELLATION,BANK_TRANSFER,CANCELLED,2024-07-10,2024-07-12,21691.89,21691.89,BRL,034.582.671-07,Guerra,Azevedo de Souza,MT,2026-05-25 01:16:38
FLOW-0000000918,POL-00000444,CLM-00000612,COMMISSION,BANK_TRANSFER,CANCELLED,2025-09-10,2025-09-15,2535.11,2535.11,BRL,835.492.160-33,Porto Campos Ltda.,Casa Grande de Souza,AL,2026-05-25 01:16:38
FLOW-0000000919,POL-00000288,CLM-00000949,REINSURANCE,PIX,CANCELLED,2024-06-04,2024-06-04,4701.11,4701.11,BRL,835.476.192-46,Carvalho Ltda.,Ribeiro de Nunes,PE,2026-05-25 01:16:38
FLOW-0000000920,POL-00000171,CLM-00000502,REINSURANCE,DEBIT,FAILED,2025-07-31,2025-07-31,6222.43,0.0,BRL,239.648.570-92,Cirino e Filhos,Ferreira da Praia,MS,2026-05-25 01:16:38
FLOW-0000000921,POL-00000182,CLM-00000641,COMMISSION,CREDIT_CARD,FAILED,2025-01-01,2025-01-06,3967.28,0.0,BRL,930.615.748-75,da Rosa,Campos,PI,2026-05-25 01:16:38
FLOW-0000000922,POL-00000416,CLM-00000064,REINSURANCE,CREDIT_CARD,FAILED,2025-05-11,2025-05-12,24900.06,0.0,BRL,436.598.071-84,Gonçalves,Cavalcante do Norte,MA,2026-05-25 01:16:38
FLOW-0000000923,POL-00000116,CLM-00000156,PREMIUM_PAYMENT,CREDIT_CARD,FAILED,2026-05-19,2026-05-22,22265.53,0.0,BRL,581.679.432-91,Monteiro Leão - ME,Pires de Rios,MA,2026-05-25 01:16:38
FLOW-0000000924,POL-00000267,CLM-00000984,PREMIUM_PAYMENT,BANK_TRANSFER,CANCELLED,2024-11-02,2024-11-05,16440.45,16440.45,BRL,374.258.096-56,Nogueira Ramos - ME,Ferreira da Praia,MG,2026-05-25 01:16:38
FLOW-0000000925,POL-00000294,CLM-00000157,REFUND,DEBIT,PROCESSED,2025-07-06,2025-07-11,17178.76,17178.76,BRL,092.157.846-67,Lopes S.A.,Viana das Flores,TO,2026-05-25 01:16:38
FLOW-0000000926,POL-00000278,CLM-00000135,COMMISSION,BANK_SLIP,CANCELLED,2026-03-14,2026-03-16,22747.9,22747.9,BRL,012.769.845-02,Vieira,Pacheco Verde,ES,2026-05-25 01:16:38
FLOW-0000000927,POL-00000442,CLM-00000142,REINSURANCE,CREDIT_CARD,PROCESSED,2025-07-13,2025-07-18,3507.48,3507.48,BRL,732.081.596-68,Caldeira,Lima,PB,2026-05-25 01:16:38
FLOW-0000000928,POL-00000221,CLM-00000931,REINSURANCE,BANK_SLIP,PROCESSED,2025-05-15,2025-05-20,17643.15,17643.15,BRL,957.610.823-30,Silva S.A.,Albuquerque,TO,2026-05-25 01:16:38
FLOW-0000000929,POL-00000035,CLM-00000571,CLAIM_PAYMENT,BANK_TRANSFER,FAILED,2026-03-19,2026-03-24,23329.1,0.0,BRL,314.809.265-15,Barros - ME,da Mata,PI,2026-05-25 01:16:38
FLOW-0000000930,POL-00000373,CLM-00000031,COMMISSION,CREDIT_CARD,PROCESSED,2025-09-22,2025-09-27,3003.76,3003.76,BRL,392.840.651-51,Cavalcante,Mendonça de da Rosa,MG,2026-05-25 01:16:38
FLOW-0000000931,POL-00000382,CLM-00000957,COMMISSION,CREDIT_CARD,CANCELLED,2025-08-09,2025-08-12,24031.84,24031.84,BRL,576.091.483-93,Macedo,Teixeira da Serra,CE,2026-05-25 01:16:38
FLOW-0000000932,POL-00000095,CLM-00000027,PREMIUM_PAYMENT,BANK_TRANSFER,PROCESSED,2025-03-24,2025-03-25,19488.74,19488.74,BRL,197.084.253-97,Rocha Nogueira Ltda.,Pereira da Serra,MA,2026-05-25 01:16:38
FLOW-0000000933,POL-00000306,CLM-00000238,REINSURANCE,BANK_SLIP,PROCESSED,2025-12-06,2025-12-10,6708.22,6708.22,BRL,473.052.189-79,Araújo,Fogaça de Macedo,ES,2026-05-25 01:16:38
FLOW-0000000934,POL-00000069,CLM-00000515,PREMIUM_PAYMENT,BANK_TRANSFER,CANCELLED,2025-03-25,2025-03-30,700.81,700.81,BRL,468.079.532-83,Campos,Sampaio dos Dourados,TO,2026-05-25 01:16:38
FLOW-0000000935,POL-00000437,CLM-00000397,COMMISSION,DEBIT,PROCESSED,2025-01-23,2025-01-26,17814.88,17814.88,BRL,154.379.062-34,da Mata da Cruz - EI,Vieira Alegre,RN,2026-05-25 01:16:38
FLOW-0000000936,POL-00000017,CLM-00000419,CLAIM_PAYMENT,PIX,PROCESSED,2024-11-07,2024-11-10,3480.94,3480.94,BRL,531.496.827-46,Cunha,Pacheco Verde,RS,2026-05-25 01:16:38
FLOW-0000000937,POL-00000388,CLM-00000210,CLAIM_PAYMENT,PIX,PROCESSED,2025-02-04,2025-02-06,23757.44,23757.44,BRL,723.491.806-03,Caldeira,Barbosa,RJ,2026-05-25 01:16:38
FLOW-0000000938,POL-00000353,CLM-00000333,REFUND,DEBIT,CANCELLED,2026-01-13,2026-01-14,23181.22,23181.22,BRL,247.031.869-69,Aparecida Ltda.,Macedo,PB,2026-05-25 01:16:38
FLOW-0000000939,POL-00000369,CLM-00000321,PREMIUM_PAYMENT,DEBIT,CANCELLED,2026-01-21,2026-01-22,10717.51,10717.51,BRL,810.256.379-68,Borges e Filhos,Pinto,SE,2026-05-25 01:16:38
FLOW-0000000940,POL-00000267,CLM-00000112,REINSURANCE,DEBIT,PENDING,2024-11-08,2024-11-12,23481.52,23481.52,BRL,637.251.894-55,Jesus,Pinto de Cirino,SP,2026-05-25 01:16:38
FLOW-0000000941,POL-00000266,CLM-00000551,PREMIUM_PAYMENT,DEBIT,PROCESSED,2025-01-07,2025-01-10,20683.9,20683.9,BRL,072.459.816-20,Teixeira Ltda.,Pacheco da Prata,RR,2026-05-25 01:16:38
FLOW-0000000942,POL-00000098,CLM-00000299,REFUND,DEBIT,PENDING,2024-07-12,2024-07-17,1029.33,1029.33,BRL,835.617.092-30,Moraes,Pereira,MT,2026-05-25 01:16:38
FLOW-0000000943,POL-00000086,CLM-00000433,COMMISSION,CREDIT_CARD,CANCELLED,2024-12-21,2024-12-24,22115.72,22115.72,BRL,901.873.542-60,Gomes,Ribeiro das Flores,SP,2026-05-25 01:16:38
FLOW-0000000944,POL-00000238,CLM-00000850,CANCELLATION,DEBIT,PROCESSED,2024-12-28,2025-01-01,22979.87,22979.87,BRL,398.641.257-37,Duarte e Filhos,Pastor de Fonseca,ES,2026-05-25 01:16:38
FLOW-0000000945,POL-00000399,CLM-00000600,PREMIUM_PAYMENT,BANK_TRANSFER,PROCESSED,2024-10-22,2024-10-22,18080.04,18080.04,BRL,259.841.063-70,Vasconcelos - EI,Cirino,PR,2026-05-25 01:16:38
FLOW-0000000946,POL-00000013,CLM-00000184,COMMISSION,DEBIT,CANCELLED,2025-02-13,2025-02-14,9857.01,9857.01,BRL,621.907.384-31,Pastor,Melo das Flores,MS,2026-05-25 01:16:38
FLOW-0000000947,POL-00000047,CLM-00000257,CLAIM_PAYMENT,CREDIT_CARD,CANCELLED,2024-06-07,2024-06-11,22420.61,22420.61,BRL,203.978.516-77,Martins S/A,Almeida de Nogueira,PB,2026-05-25 01:16:38
FLOW-0000000948,POL-00000368,CLM-00000751,CANCELLATION,PIX,PROCESSED,2026-02-27,2026-03-04,16231.98,16231.98,BRL,561.830.749-93,Pacheco Andrade - ME,das Neves,PB,2026-05-25 01:16:38
FLOW-0000000949,POL-00000044,CLM-00000537,REFUND,DEBIT,FAILED,2025-01-29,2025-01-29,2898.42,0.0,BRL,205.473.189-79,Vieira,Rios,PI,2026-05-25 01:16:38
FLOW-0000000950,POL-00000194,CLM-00000564,REINSURANCE,DEBIT,PROCESSED,2025-08-31,2025-09-05,19787.11,19787.11,BRL,483.602.597-47,Fonseca,Silveira de Camargo,MG,2026-05-25 01:16:38
FLOW-0000000951,POL-00000084,CLM-00000890,COMMISSION,BANK_SLIP,PROCESSED,2025-02-21,2025-02-21,19218.1,19218.1,BRL,713.690.584-20,da Costa,Almeida do Galho,RJ,2026-05-25 01:16:38
FLOW-0000000952,POL-00000158,CLM-00000317,PREMIUM_PAYMENT,DEBIT,CANCELLED,2026-04-26,2026-04-27,19240.46,19240.46,BRL,781.042.396-78,Cardoso,Gonçalves,GO,2026-05-25 01:16:38
FLOW-0000000953,POL-00000492,CLM-00000208,PREMIUM_PAYMENT,PIX,PROCESSED,2025-09-27,2025-09-29,15680.0,15680.0,BRL,482.570.693-29,Lopes Silveira Ltda.,da Paz,PR,2026-05-25 01:16:38
FLOW-0000000954,POL-00000255,CLM-00000876,PREMIUM_PAYMENT,DEBIT,CANCELLED,2025-10-26,2025-10-30,19146.63,19146.63,BRL,340.962.851-70,Cavalcanti - EI,Rezende do Sul,RR,2026-05-25 01:16:38
FLOW-0000000955,POL-00000122,CLM-00000223,REINSURANCE,BANK_TRANSFER,CANCELLED,2024-10-03,2024-10-07,20195.99,20195.99,BRL,258.604.713-35,Carvalho,Gonçalves,AL,2026-05-25 01:16:38
FLOW-0000000956,POL-00000041,CLM-00000616,REFUND,BANK_TRANSFER,CANCELLED,2024-07-25,2024-07-30,11919.01,11919.01,BRL,897.023.541-88,Caldeira Ltda.,Farias do Amparo,TO,2026-05-25 01:16:38
FLOW-0000000957,POL-00000318,CLM-00000644,REINSURANCE,BANK_TRANSFER,FAILED,2024-10-12,2024-10-12,6155.59,0.0,BRL,156.389.702-40,Borges - ME,da Cunha,BA,2026-05-25 01:16:38
FLOW-0000000958,POL-00000335,CLM-00000358,CLAIM_PAYMENT,PIX,PENDING,2025-03-03,2025-03-04,1270.52,1270.52,BRL,967.035.814-01,Albuquerque,Rezende,MS,2026-05-25 01:16:38
FLOW-0000000959,POL-00000170,CLM-00000943,CANCELLATION,PIX,FAILED,2024-09-13,2024-09-14,21353.04,0.0,BRL,147.068.592-20,Novais e Filhos,Castro da Mata,TO,2026-05-25 01:16:38
FLOW-0000000960,POL-00000345,CLM-00000292,CLAIM_PAYMENT,BANK_TRANSFER,PROCESSED,2024-06-12,2024-06-12,2766.75,2766.75,BRL,384.297.165-64,Dias Ltda.,Mendonça,DF,2026-05-25 01:16:38
FLOW-0000000961,POL-00000495,CLM-00000467,REINSURANCE,BANK_TRANSFER,PROCESSED,2025-12-24,2025-12-29,17303.26,17303.26,BRL,547.189.602-58,das Neves Costa - EI,Andrade,PB,2026-05-25 01:16:38
FLOW-0000000962,POL-00000166,CLM-00000378,PREMIUM_PAYMENT,DEBIT,FAILED,2025-04-12,2025-04-14,23290.42,0.0,BRL,786.249.510-11,Peixoto da Costa S/A,Azevedo do Campo,PI,2026-05-25 01:16:38
FLOW-0000000963,POL-00000150,CLM-00000483,REINSURANCE,BANK_SLIP,PENDING,2025-11-11,2025-11-11,18973.13,18973.13,BRL,145.867.093-75,Carvalho Machado S.A.,Brito das Pedras,BA,2026-05-25 01:16:38
FLOW-0000000964,POL-00000270,CLM-00000424,COMMISSION,BANK_TRANSFER,FAILED,2025-11-08,2025-11-08,17380.75,0.0,BRL,234.910.657-80,Sá Camargo - EI,Andrade dos Dourados,RO,2026-05-25 01:16:38
FLOW-0000000965,POL-00000056,CLM-00000586,REINSURANCE,BANK_TRANSFER,PENDING,2024-12-12,2024-12-13,17410.95,17410.95,BRL,972.806.135-86,Peixoto,Duarte,SC,2026-05-25 01:16:38
FLOW-0000000966,POL-00000219,CLM-00000624,CANCELLATION,CREDIT_CARD,FAILED,2024-07-01,2024-07-01,12117.39,0.0,BRL,759.162.308-77,Cassiano,Dias de Vasconcelos,BA,2026-05-25 01:16:38
FLOW-0000000967,POL-00000475,CLM-00000133,REINSURANCE,BANK_TRANSFER,FAILED,2026-03-27,2026-03-29,13158.51,0.0,BRL,568.194.372-00,Gonçalves Cardoso - EI,Moura de da Paz,CE,2026-05-25 01:16:38
FLOW-0000000968,POL-00000253,CLM-00000828,CANCELLATION,BANK_SLIP,CANCELLED,2026-02-25,2026-03-01,12435.1,12435.1,BRL,630.479.815-66,Novaes,Vargas das Flores,AM,2026-05-25 01:16:38
FLOW-0000000969,POL-00000001,CLM-00000122,COMMISSION,PIX,PROCESSED,2025-06-29,2025-07-03,5856.4,5856.4,BRL,901.527.643-99,Cardoso e Filhos,Nunes,RJ,2026-05-25 01:16:38
FLOW-0000000970,POL-00000410,CLM-00000631,PREMIUM_PAYMENT,DEBIT,PROCESSED,2026-03-24,2026-03-27,15655.25,15655.25,BRL,187.460.529-76,Sá,Marques de Sampaio,DF,2026-05-25 01:16:38
FLOW-0000000971,POL-00000006,CLM-00000656,COMMISSION,BANK_SLIP,PROCESSED,2025-08-15,2025-08-18,1185.03,1185.03,BRL,506.834.279-38,Siqueira,Albuquerque da Praia,AL,2026-05-25 01:16:38
FLOW-0000000972,POL-00000154,CLM-00000519,PREMIUM_PAYMENT,BANK_TRANSFER,FAILED,2025-09-03,2025-09-08,7076.59,0.0,BRL,892.640.137-50,Pacheco,Nunes,RR,2026-05-25 01:16:38
FLOW-0000000973,POL-00000175,CLM-00000406,PREMIUM_PAYMENT,BANK_TRANSFER,FAILED,2025-11-10,2025-11-12,19187.46,0.0,BRL,049.175.823-50,Costa Melo e Filhos,Nunes do Campo,BA,2026-05-25 01:16:38
FLOW-0000000974,POL-00000170,CLM-00000854,CLAIM_PAYMENT,CREDIT_CARD,PROCESSED,2025-03-03,2025-03-07,24004.81,24004.81,BRL,265.917.084-30,Ribeiro S.A.,Sá,PB,2026-05-25 01:16:38
FLOW-0000000975,POL-00000331,CLM-00000140,REFUND,DEBIT,PENDING,2025-12-19,2025-12-24,12003.75,12003.75,BRL,496.085.137-66,Moura,Mendonça,PE,2026-05-25 01:16:38
FLOW-0000000976,POL-00000237,CLM-00000803,REINSURANCE,DEBIT,FAILED,2025-12-21,2025-12-22,15698.65,0.0,BRL,194.637.580-20,Lopes Brito - ME,Borges de Goiás,PE,2026-05-25 01:16:38
FLOW-0000000977,POL-00000290,CLM-00000743,REINSURANCE,CREDIT_CARD,FAILED,2026-04-12,2026-04-17,1447.76,0.0,BRL,185.027.643-90,da Mata Silveira S.A.,Vargas da Serra,RN,2026-05-25 01:16:38
FLOW-0000000978,POL-00000410,CLM-00000939,CLAIM_PAYMENT,CREDIT_CARD,FAILED,2025-02-03,2025-02-07,13420.34,0.0,BRL,914.658.307-66,Dias,Ramos,PR,2026-05-25 01:16:38
FLOW-0000000979,POL-00000174,CLM-00000385,COMMISSION,BANK_TRANSFER,PENDING,2026-01-27,2026-01-27,24241.85,24241.85,BRL,735.168.420-08,Farias Pacheco S.A.,Porto de Vargas,RS,2026-05-25 01:16:38
FLOW-0000000980,POL-00000305,CLM-00000120,REFUND,CREDIT_CARD,PROCESSED,2024-11-23,2024-11-24,14295.99,14295.99,BRL,746.295.031-61,Moraes S.A.,Pereira,MA,2026-05-25 01:16:38
FLOW-0000000981,POL-00000140,CLM-00000424,CANCELLATION,PIX,PENDING,2025-11-03,2025-11-08,21452.6,21452.6,BRL,953.180.746-93,Câmara,da Paz do Sul,MG,2026-05-25 01:16:38
FLOW-0000000982,POL-00000425,CLM-00000974,COMMISSION,CREDIT_CARD,CANCELLED,2025-12-20,2025-12-23,21932.37,21932.37,BRL,314.029.765-34,da Luz,Mendes Verde,GO,2026-05-25 01:16:38
FLOW-0000000983,POL-00000192,CLM-00000804,CLAIM_PAYMENT,PIX,PENDING,2025-03-11,2025-03-12,13151.26,13151.26,BRL,723.940.865-56,Ramos Moreira S.A.,Pacheco Grande,DF,2026-05-25 01:16:38
FLOW-0000000984,POL-00000410,CLM-00000495,REFUND,BANK_TRANSFER,PENDING,2025-07-18,2025-07-19,22838.18,22838.18,BRL,681.923.405-89,Pires Machado Ltda.,Siqueira Verde,RR,2026-05-25 01:16:38
FLOW-0000000985,POL-00000398,CLM-00000336,REFUND,BANK_SLIP,FAILED,2024-06-21,2024-06-22,4795.78,0.0,BRL,736.180.429-22,Brito Ltda.,Barros,SE,2026-05-25 01:16:38
FLOW-0000000986,POL-00000106,CLM-00000742,REINSURANCE,PIX,PROCESSED,2024-07-21,2024-07-21,20562.36,20562.36,BRL,637.289.041-04,Pires,Santos,PI,2026-05-25 01:16:38
FLOW-0000000987,POL-00000003,CLM-00000319,REINSURANCE,PIX,PENDING,2025-05-06,2025-05-09,9720.33,9720.33,BRL,183.406.752-90,Fernandes e Filhos,Pinto Grande,MG,2026-05-25 01:16:38
FLOW-0000000988,POL-00000240,CLM-00000911,PREMIUM_PAYMENT,PIX,FAILED,2024-09-25,2024-09-30,21210.69,0.0,BRL,416.728.953-91,Novais,Ribeiro dos Dourados,RS,2026-05-25 01:16:38
FLOW-0000000989,POL-00000012,CLM-00000592,CANCELLATION,CREDIT_CARD,FAILED,2024-10-04,2024-10-04,13038.41,0.0,BRL,391.865.402-89,Costa,Barbosa,AL,2026-05-25 01:16:38
FLOW-0000000990,POL-00000099,CLM-00000294,COMMISSION,CREDIT_CARD,PROCESSED,2026-04-02,2026-04-07,22308.78,22308.78,BRL,529.836.140-42,Freitas Ltda.,Nogueira Paulista,TO,2026-05-25 01:16:38
FLOW-0000000991,POL-00000140,CLM-00000153,REFUND,BANK_SLIP,PENDING,2025-08-25,2025-08-29,8012.79,8012.79,BRL,165.932.074-70,Albuquerque Cunha S.A.,Dias dos Dourados,TO,2026-05-25 01:16:38
FLOW-0000000992,POL-00000106,CLM-00000556,REINSURANCE,CREDIT_CARD,PENDING,2025-02-21,2025-02-23,2905.79,2905.79,BRL,058.479.261-11,Brito,da Rocha,PI,2026-05-25 01:16:38
FLOW-0000000993,POL-00000294,CLM-00000251,CLAIM_PAYMENT,BANK_SLIP,FAILED,2026-03-09,2026-03-13,7996.2,0.0,BRL,046.837.129-03,Mendonça,Rocha dos Dourados,PR,2026-05-25 01:16:38
FLOW-0000000994,POL-00000026,CLM-00000134,COMMISSION,PIX,CANCELLED,2025-01-07,2025-01-07,7818.87,7818.87,BRL,496.035.218-33,Correia Pimenta Ltda.,Silveira da Prata,MA,2026-05-25 01:16:38
FLOW-0000000995,POL-00000197,CLM-00000056,PREMIUM_PAYMENT,PIX,PENDING,2025-03-20,2025-03-23,22587.15,22587.15,BRL,047.519.863-84,Fogaça,Pacheco,RN,2026-05-25 01:16:38
FLOW-0000000996,POL-00000316,CLM-00000365,CANCELLATION,CREDIT_CARD,CANCELLED,2025-09-08,2025-09-11,9828.32,9828.32,BRL,054.687.291-30,Ramos e Filhos,Costa de Farias,AP,2026-05-25 01:16:38
FLOW-0000000997,POL-00000499,CLM-00000945,CANCELLATION,DEBIT,PENDING,2025-10-21,2025-10-23,20445.18,20445.18,BRL,194.850.362-05,da Conceição Ltda.,Sampaio,RO,2026-05-25 01:16:38
FLOW-0000000998,POL-00000050,CLM-00000467,CANCELLATION,CREDIT_CARD,CANCELLED,2025-02-28,2025-03-04,3338.29,3338.29,BRL,289.103.654-98,Cardoso e Filhos,Sampaio,RJ,2026-05-25 01:16:38
FLOW-0000000999,POL-00000119,CLM-00000971,REFUND,BANK_SLIP,CANCELLED,2024-07-30,2024-08-04,16128.24,16128.24,BRL,425.301.876-90,Porto Gonçalves - EI,Ramos do Sul,MT,2026-05-25 01:16:38
FLOW-0000001000,POL-00000468,CLM-00000373,REINSURANCE,DEBIT,FAILED,2024-06-17,2024-06-18,21534.35,0.0,BRL,643.582.701-07,Câmara,Albuquerque do Galho,SE,2026-05-25 01:16:38
FLOW-0000001001,POL-00000404,CLM-00000882,CANCELLATION,CREDIT_CARD,FAILED,2025-11-21,2025-11-22,17505.38,0.0,BRL,250.746.318-07,da Rocha - EI,Mendes,MG,2026-05-25 01:16:38
FLOW-0000001002,POL-00000058,CLM-00000360,PREMIUM_PAYMENT,DEBIT,CANCELLED,2024-09-12,2024-09-15,12213.29,12213.29,BRL,734.098.265-56,Pinto,Gomes,MG,2026-05-25 01:16:38
FLOW-0000001003,POL-00000310,CLM-00000589,COMMISSION,BANK_SLIP,FAILED,2024-10-28,2024-10-31,21151.87,0.0,BRL,374.051.869-39,Castro,Cirino,AC,2026-05-25 01:16:38
FLOW-0000001004,POL-00000167,CLM-00000570,CANCELLATION,PIX,PENDING,2026-01-12,2026-01-16,2618.16,2618.16,BRL,837.904.162-31,Rodrigues,da Paz,PR,2026-05-25 01:16:38
FLOW-0000001005,POL-00000123,CLM-00000636,REFUND,BANK_SLIP,CANCELLED,2024-05-28,2024-05-30,13342.0,13342.0,BRL,195.382.764-00,Albuquerque,Sampaio,AM,2026-05-25 01:16:38
FLOW-0000001006,POL-00000034,CLM-00000349,REFUND,BANK_SLIP,CANCELLED,2025-02-15,2025-02-19,4017.56,4017.56,BRL,256.834.790-29,Dias,Moreira Grande,MS,2026-05-25 01:16:38
FLOW-0000001007,POL-00000279,CLM-00000711,REFUND,BANK_SLIP,FAILED,2025-12-24,2025-12-29,14794.71,0.0,BRL,612.893.045-05,Lopes,Dias,PA,2026-05-25 01:16:38
FLOW-0000001008,POL-00000059,CLM-00000607,PREMIUM_PAYMENT,BANK_TRANSFER,CANCELLED,2024-11-29,2024-11-30,16582.18,16582.18,BRL,984.650.712-76,da Conceição Albuquerque - ME,Castro,RN,2026-05-25 01:16:38
FLOW-0000001009,POL-00000091,CLM-00000316,PREMIUM_PAYMENT,DEBIT,CANCELLED,2025-01-06,2025-01-09,8168.18,8168.18,BRL,852.370.941-04,Garcia,da Luz de Goiás,BA,2026-05-25 01:16:38
FLOW-0000001010,POL-00000168,CLM-00000507,CANCELLATION,PIX,CANCELLED,2025-12-16,2025-12-16,14976.57,14976.57,BRL,835.102.694-89,Porto Rodrigues - EI,Campos,RN,2026-05-25 01:16:38
FLOW-0000001011,POL-00000388,CLM-00000151,CLAIM_PAYMENT,BANK_SLIP,PENDING,2024-06-02,2024-06-02,5479.41,5479.41,BRL,146.708.239-22,Fernandes,Pimenta Verde,RR,2026-05-25 01:16:38
FLOW-0000001012,POL-00000101,CLM-00000211,REFUND,CREDIT_CARD,CANCELLED,2025-06-21,2025-06-24,13304.83,13304.83,BRL,803.762.419-69,Guerra Freitas S/A,da Paz da Praia,AM,2026-05-25 01:16:38
FLOW-0000001013,POL-00000471,CLM-00000966,CANCELLATION,DEBIT,FAILED,2025-11-25,2025-11-27,14278.4,0.0,BRL,492.576.381-46,Nascimento,Dias,PI,2026-05-25 01:16:38
FLOW-0000001014,POL-00000299,CLM-00000009,COMMISSION,BANK_TRANSFER,PENDING,2024-11-20,2024-11-25,24565.38,24565.38,BRL,345.276.019-70,Melo,da Cruz da Praia,AC,2026-05-25 01:16:38
FLOW-0000001015,POL-00000032,CLM-00000379,CLAIM_PAYMENT,BANK_TRANSFER,FAILED,2026-05-03,2026-05-07,10134.73,0.0,BRL,769.435.280-92,Vieira,Moura de Fogaça,DF,2026-05-25 01:16:38
FLOW-0000001016,POL-00000057,CLM-00000882,REINSURANCE,CREDIT_CARD,FAILED,2025-08-03,2025-08-03,71.04,0.0,BRL,826.914.730-31,Macedo Oliveira e Filhos,Duarte da Serra,RO,2026-05-25 01:16:38
FLOW-0000001017,POL-00000321,CLM-00000326,CANCELLATION,DEBIT,CANCELLED,2025-08-27,2025-08-27,5919.27,5919.27,BRL,926.380.175-40,Machado,Campos,PB,2026-05-25 01:16:38
FLOW-0000001018,POL-00000340,CLM-00000178,REINSURANCE,DEBIT,PROCESSED,2025-01-23,2025-01-26,9570.05,9570.05,BRL,219.058.374-88,Araújo Ferreira S/A,Cassiano,AM,2026-05-25 01:16:38
FLOW-0000001019,POL-00000431,CLM-00000428,REFUND,BANK_SLIP,FAILED,2025-07-28,2025-07-29,4746.26,0.0,BRL,759.401.268-20,Brito,Correia,PR,2026-05-25 01:16:38
FLOW-0000001020,POL-00000069,CLM-00000012,CANCELLATION,PIX,PROCESSED,2026-01-14,2026-01-16,24936.53,24936.53,BRL,328.051.947-05,Araújo Ramos - ME,Cavalcante,SC,2026-05-25 01:16:38
FLOW-0000001021,POL-00000337,CLM-00000448,CANCELLATION,BANK_SLIP,CANCELLED,2024-09-11,2024-09-16,441.91,441.91,BRL,079.681.345-01,Lopes,Cassiano,AP,2026-05-25 01:16:38
FLOW-0000001022,POL-00000458,CLM-00000808,REFUND,BANK_TRANSFER,CANCELLED,2024-07-09,2024-07-09,3473.65,3473.65,BRL,260.745.319-43,Novaes,Cunha da Serra,RN,2026-05-25 01:16:38
FLOW-0000001023,POL-00000283,CLM-00000840,REFUND,DEBIT,CANCELLED,2025-11-13,2025-11-16,15600.05,15600.05,BRL,432.987.105-04,Abreu,Barros da Mata,TO,2026-05-25 01:16:38
FLOW-0000001024,POL-00000310,CLM-00000008,CLAIM_PAYMENT,BANK_TRANSFER,CANCELLED,2024-06-14,2024-06-17,8914.92,8914.92,BRL,930.465.712-16,Gonçalves S.A.,Leão do Norte,PB,2026-05-25 01:16:38
FLOW-0000001025,POL-00000211,CLM-00000949,CLAIM_PAYMENT,BANK_TRANSFER,FAILED,2026-02-09,2026-02-12,21177.76,0.0,BRL,495.208.736-00,Barros Dias Ltda.,Almeida Verde,ES,2026-05-25 01:16:38
FLOW-0000001026,POL-00000361,CLM-00000378,PREMIUM_PAYMENT,PIX,CANCELLED,2024-12-31,2025-01-04,9205.9,9205.9,BRL,725.149.638-00,Caldeira,Vargas,MG,2026-05-25 01:16:38
FLOW-0000001027,POL-00000073,CLM-00000748,CANCELLATION,BANK_TRANSFER,PENDING,2025-07-25,2025-07-29,12064.25,12064.25,BRL,378.256.014-08,Ramos,da Costa,ES,2026-05-25 01:16:38
FLOW-0000001028,POL-00000126,CLM-00000484,PREMIUM_PAYMENT,PIX,PENDING,2025-06-09,2025-06-11,11650.16,11650.16,BRL,913.082.476-13,Leão,Cassiano,DF,2026-05-25 01:16:38
FLOW-0000001029,POL-00000314,CLM-00000055,REINSURANCE,CREDIT_CARD,FAILED,2026-01-28,2026-02-02,15860.51,0.0,BRL,502.861.794-58,da Mata Melo Ltda.,Pimenta Grande,PE,2026-05-25 01:16:38
FLOW-0000001030,POL-00000263,CLM-00000928,REFUND,DEBIT,CANCELLED,2025-07-13,2025-07-17,19474.25,19474.25,BRL,306.287.451-17,Pacheco Novaes - ME,Monteiro,PE,2026-05-25 01:16:38
FLOW-0000001031,POL-00000492,CLM-00000818,REFUND,CREDIT_CARD,FAILED,2025-01-18,2025-01-22,18358.67,0.0,BRL,359.078.264-10,Vasconcelos Mendes e Filhos,Fernandes de Cirino,RJ,2026-05-25 01:16:38
FLOW-0000001032,POL-00000373,CLM-00000804,CANCELLATION,BANK_TRANSFER,FAILED,2025-06-07,2025-06-09,4229.33,0.0,BRL,174.582.903-23,Costa,Lima de Souza,PE,2026-05-25 01:16:38
FLOW-0000001033,POL-00000294,CLM-00000053,REFUND,CREDIT_CARD,PROCESSED,2025-12-27,2025-12-29,1582.37,1582.37,BRL,280.714.695-30,Aragão,Siqueira da Praia,MS,2026-05-25 01:16:38
FLOW-0000001034,POL-00000043,CLM-00000130,COMMISSION,BANK_TRANSFER,CANCELLED,2024-06-12,2024-06-17,15626.71,15626.71,BRL,526.871.439-28,Sá S.A.,Rodrigues do Amparo,ES,2026-05-25 01:16:38
FLOW-0000001035,POL-00000068,CLM-00000631,COMMISSION,CREDIT_CARD,FAILED,2025-08-08,2025-08-08,21293.56,0.0,BRL,531.976.240-25,Pimenta,Costela dos Dourados,AM,2026-05-25 01:16:38
FLOW-0000001036,POL-00000310,CLM-00000179,PREMIUM_PAYMENT,BANK_TRANSFER,PENDING,2025-01-31,2025-02-02,21453.57,21453.57,BRL,576.102.948-02,Fonseca,Novais das Flores,RS,2026-05-25 01:16:38
FLOW-0000001037,POL-00000414,CLM-00000180,REFUND,CREDIT_CARD,FAILED,2024-12-21,2024-12-26,3820.83,0.0,BRL,512.097.834-79,da Mata,Pastor de Costa,SP,2026-05-25 01:16:38
FLOW-0000001038,POL-00000176,CLM-00000087,CLAIM_PAYMENT,BANK_SLIP,PENDING,2025-09-07,2025-09-12,5943.09,5943.09,BRL,249.065.378-47,Pereira S.A.,Souza Paulista,MG,2026-05-25 01:16:38
FLOW-0000001039,POL-00000386,CLM-00000423,CLAIM_PAYMENT,DEBIT,CANCELLED,2024-09-23,2024-09-27,23351.85,23351.85,BRL,943.180.627-40,Pires S.A.,da Cruz,SP,2026-05-25 01:16:38
FLOW-0000001040,POL-00000108,CLM-00000592,CANCELLATION,CREDIT_CARD,PROCESSED,2025-09-23,2025-09-24,16533.65,16533.65,BRL,018.435.726-80,Azevedo Vargas e Filhos,Marques,MS,2026-05-25 01:16:38
FLOW-0000001041,POL-00000086,CLM-00000476,PREMIUM_PAYMENT,DEBIT,PENDING,2024-06-13,2024-06-13,16074.41,16074.41,BRL,974.231.805-05,Pinto,Guerra,AM,2026-05-25 01:16:38
FLOW-0000001042,POL-00000195,CLM-00000700,CANCELLATION,DEBIT,PROCESSED,2026-01-18,2026-01-21,7569.11,7569.11,BRL,561.287.943-19,da Costa,Martins,PR,2026-05-25 01:16:38
FLOW-0000001043,POL-00000007,CLM-00000296,REINSURANCE,DEBIT,CANCELLED,2025-08-25,2025-08-28,6602.5,6602.5,BRL,025.314.976-25,Vieira e Filhos,Sousa Grande,DF,2026-05-25 01:16:38
FLOW-0000001044,POL-00000050,CLM-00000940,REINSURANCE,BANK_TRANSFER,PENDING,2024-12-06,2024-12-09,16978.41,16978.41,BRL,412.396.580-60,Fonseca Pastor e Filhos,Rodrigues,SC,2026-05-25 01:16:38
FLOW-0000001045,POL-00000172,CLM-00000277,REFUND,CREDIT_CARD,FAILED,2025-07-04,2025-07-09,8878.01,0.0,BRL,462.795.810-20,Campos,Siqueira,SP,2026-05-25 01:16:38
FLOW-0000001046,POL-00000237,CLM-00000792,REINSURANCE,BANK_SLIP,CANCELLED,2024-07-25,2024-07-25,6420.83,6420.83,BRL,107.238.594-50,Câmara,Câmara,RR,2026-05-25 01:16:38
FLOW-0000001047,POL-00000347,CLM-00000707,CLAIM_PAYMENT,BANK_SLIP,FAILED,2025-05-20,2025-05-25,16813.65,0.0,BRL,450.283.769-56,Machado Ramos Ltda.,Cassiano das Pedras,AL,2026-05-25 01:16:38
FLOW-0000001048,POL-00000426,CLM-00000070,CANCELLATION,PIX,PENDING,2024-10-12,2024-10-14,13712.93,13712.93,BRL,065.193.274-25,Freitas,Teixeira,PI,2026-05-25 01:16:38
FLOW-0000001049,POL-00000180,CLM-00000225,PREMIUM_PAYMENT,CREDIT_CARD,CANCELLED,2026-02-25,2026-02-28,2487.58,2487.58,BRL,904.527.381-05,Costela da Rosa e Filhos,Viana da Serra,GO,2026-05-25 01:16:38
FLOW-0000001050,POL-00000030,CLM-00000962,PREMIUM_PAYMENT,BANK_TRANSFER,PENDING,2025-09-20,2025-09-22,4867.33,4867.33,BRL,908.451.267-76,Jesus S/A,Viana Paulista,MS,2026-05-25 01:16:38
FLOW-0000001051,POL-00000363,CLM-00000981,CLAIM_PAYMENT,PIX,PENDING,2026-01-07,2026-01-12,22354.48,22354.48,BRL,640.298.137-04,das Neves,Borges,PI,2026-05-25 01:16:38
FLOW-0000001052,POL-00000337,CLM-00000783,CLAIM_PAYMENT,BANK_TRANSFER,CANCELLED,2025-01-13,2025-01-13,21418.2,21418.2,BRL,378.426.510-35,Lopes Lima - EI,da Rosa do Norte,PI,2026-05-25 01:16:38
FLOW-0000001053,POL-00000130,CLM-00000302,CANCELLATION,DEBIT,PROCESSED,2026-01-17,2026-01-18,22405.24,22405.24,BRL,493.806.125-24,Guerra,Vasconcelos de Caldeira,PE,2026-05-25 01:16:38
FLOW-0000001054,POL-00000473,CLM-00000284,CANCELLATION,DEBIT,CANCELLED,2026-03-23,2026-03-28,23407.74,23407.74,BRL,479.813.650-66,Aparecida,Macedo do Campo,MS,2026-05-25 01:16:38
FLOW-0000001055,POL-00000083,CLM-00000800,COMMISSION,PIX,FAILED,2024-12-22,2024-12-27,22589.62,0.0,BRL,684.073.952-00,Pimenta,Garcia de Barros,MA,2026-05-25 01:16:38
FLOW-0000001056,POL-00000171,CLM-00000062,REFUND,CREDIT_CARD,CANCELLED,2024-07-19,2024-07-21,19438.79,19438.79,BRL,471.068.325-53,Sales,Alves do Sul,PA,2026-05-25 01:16:38
FLOW-0000001057,POL-00000476,CLM-00000206,PREMIUM_PAYMENT,BANK_TRANSFER,CANCELLED,2026-04-20,2026-04-22,4489.34,4489.34,BRL,359.162.740-25,Pastor S/A,Vieira Paulista,PI,2026-05-25 01:16:38
FLOW-0000001058,POL-00000074,CLM-00000554,REFUND,DEBIT,PENDING,2026-02-09,2026-02-12,4502.13,4502.13,BRL,526.917.804-49,Borges - EI,Costa das Pedras,BA,2026-05-25 01:16:38
FLOW-0000001059,POL-00000367,CLM-00000266,PREMIUM_PAYMENT,PIX,CANCELLED,2024-06-22,2024-06-23,15368.46,15368.46,BRL,853.496.021-60,Silva e Filhos,Martins,AP,2026-05-25 01:16:38
FLOW-0000001060,POL-00000398,CLM-00000457,REINSURANCE,PIX,FAILED,2025-10-15,2025-10-15,1869.34,0.0,BRL,614.790.253-99,Cardoso,Camargo,BA,2026-05-25 01:16:38
FLOW-0000001061,POL-00000478,CLM-00000039,CANCELLATION,DEBIT,PENDING,2025-06-25,2025-06-28,3763.91,3763.91,BRL,982.617.534-09,Cirino,Monteiro,AP,2026-05-25 01:16:38
FLOW-0000001062,POL-00000295,CLM-00000004,COMMISSION,BANK_TRANSFER,CANCELLED,2024-10-31,2024-11-02,3832.61,3832.61,BRL,194.703.268-22,da Rocha,Alves,MG,2026-05-25 01:16:38
FLOW-0000001063,POL-00000224,CLM-00000414,REFUND,PIX,CANCELLED,2026-05-18,2026-05-23,23500.78,23500.78,BRL,346.987.105-10,Viana,Pires de da Mota,ES,2026-05-25 01:16:38
FLOW-0000001064,POL-00000063,CLM-00000581,REFUND,BANK_TRANSFER,CANCELLED,2024-06-16,2024-06-20,5684.88,5684.88,BRL,097.213.856-03,Porto,Vasconcelos do Campo,PR,2026-05-25 01:16:38
FLOW-0000001065,POL-00000029,CLM-00000648,COMMISSION,PIX,CANCELLED,2026-04-06,2026-04-08,8369.32,8369.32,BRL,576.904.128-58,Casa Grande,Duarte de Alves,PA,2026-05-25 01:16:38
FLOW-0000001066,POL-00000431,CLM-00000471,COMMISSION,CREDIT_CARD,PENDING,2024-05-29,2024-05-31,13388.93,13388.93,BRL,165.972.384-19,Ramos Albuquerque - ME,Mendes da Praia,RR,2026-05-25 01:16:38
FLOW-0000001067,POL-00000496,CLM-00000394,REINSURANCE,BANK_SLIP,PENDING,2024-12-23,2024-12-28,5117.86,5117.86,BRL,712.806.943-78,Pereira,Moraes,MG,2026-05-25 01:16:38
FLOW-0000001068,POL-00000250,CLM-00000087,PREMIUM_PAYMENT,DEBIT,FAILED,2024-07-13,2024-07-15,17412.26,0.0,BRL,187.402.359-04,Porto Ltda.,Araújo de Goiás,MG,2026-05-25 01:16:38
FLOW-0000001069,POL-00000013,CLM-00000738,PREMIUM_PAYMENT,BANK_TRANSFER,PROCESSED,2024-09-09,2024-09-14,4777.14,4777.14,BRL,076.519.243-80,Cassiano Melo e Filhos,Aparecida,AC,2026-05-25 01:16:38
FLOW-0000001070,POL-00000256,CLM-00000547,PREMIUM_PAYMENT,DEBIT,FAILED,2026-01-26,2026-01-27,12256.35,0.0,BRL,481.623.795-09,Sá Aragão - ME,Souza,RJ,2026-05-25 01:16:38
FLOW-0000001071,POL-00000404,CLM-00000739,PREMIUM_PAYMENT,PIX,FAILED,2025-02-20,2025-02-20,974.21,0.0,BRL,083.196.542-89,Nascimento,Pimenta das Pedras,MG,2026-05-25 01:16:38
FLOW-0000001072,POL-00000482,CLM-00000695,CANCELLATION,BANK_TRANSFER,CANCELLED,2025-10-10,2025-10-13,2998.77,2998.77,BRL,826.350.791-02,Mendonça Abreu e Filhos,Pires,ES,2026-05-25 01:16:38
FLOW-0000001073,POL-00000019,CLM-00000754,CLAIM_PAYMENT,BANK_SLIP,PENDING,2024-11-22,2024-11-23,18539.23,18539.23,BRL,931.452.607-07,Castro,Viana da Mata,PE,2026-05-25 01:16:38
FLOW-0000001074,POL-00000125,CLM-00000719,REFUND,BANK_SLIP,PENDING,2024-06-03,2024-06-06,16363.1,16363.1,BRL,574.120.936-06,Costela Ltda.,Guerra de Novais,RJ,2026-05-25 01:16:38
FLOW-0000001075,POL-00000421,CLM-00000813,PREMIUM_PAYMENT,PIX,FAILED,2024-12-19,2024-12-19,4347.61,0.0,BRL,273.450.198-88,Rocha,Monteiro,DF,2026-05-25 01:16:38
FLOW-0000001076,POL-00000419,CLM-00000838,REINSURANCE,PIX,PENDING,2024-08-13,2024-08-16,15300.09,15300.09,BRL,072.896.314-04,Cardoso,Cavalcanti,RN,2026-05-25 01:16:38
FLOW-0000001077,POL-00000033,CLM-00000824,REINSURANCE,BANK_SLIP,PROCESSED,2025-07-19,2025-07-19,12453.73,12453.73,BRL,249.017.365-07,Almeida,Souza das Pedras,DF,2026-05-25 01:16:38
FLOW-0000001078,POL-00000167,CLM-00000124,CANCELLATION,BANK_TRANSFER,CANCELLED,2024-12-03,2024-12-06,8466.71,8466.71,BRL,760.943.215-61,Casa Grande,Rezende Alegre,AL,2026-05-25 01:16:38
FLOW-0000001079,POL-00000304,CLM-00000178,CLAIM_PAYMENT,CREDIT_CARD,PENDING,2025-08-08,2025-08-12,3476.37,3476.37,BRL,674.521.809-76,Casa Grande,Barbosa de Barros,SC,2026-05-25 01:16:38
FLOW-0000001080,POL-00000087,CLM-00000714,CLAIM_PAYMENT,CREDIT_CARD,CANCELLED,2025-12-21,2025-12-21,3062.6,3062.6,BRL,451.387.206-35,Barbosa Ltda.,Costela do Campo,TO,2026-05-25 01:16:38
FLOW-0000001081,POL-00000069,CLM-00000103,CLAIM_PAYMENT,BANK_TRANSFER,PENDING,2024-06-27,2024-07-01,4166.9,4166.9,BRL,957.630.281-12,Cunha Pacheco e Filhos,Vieira,PR,2026-05-25 01:16:38
FLOW-0000001082,POL-00000042,CLM-00000007,PREMIUM_PAYMENT,PIX,CANCELLED,2024-09-13,2024-09-16,19452.66,19452.66,BRL,740.215.938-88,Casa Grande,Ferreira,RS,2026-05-25 01:16:38
FLOW-0000001083,POL-00000214,CLM-00000711,CANCELLATION,DEBIT,FAILED,2026-05-21,2026-05-22,23157.12,0.0,BRL,350.286.714-35,Cavalcanti,Gonçalves dos Dourados,AC,2026-05-25 01:16:38
FLOW-0000001084,POL-00000268,CLM-00000462,CLAIM_PAYMENT,DEBIT,FAILED,2025-11-06,2025-11-11,3215.97,0.0,BRL,980.132.645-05,Freitas,Campos,AM,2026-05-25 01:16:38
FLOW-0000001085,POL-00000306,CLM-00000185,REINSURANCE,DEBIT,PENDING,2025-07-08,2025-07-09,23455.34,23455.34,BRL,049.857.132-79,Martins Ramos - ME,das Neves do Amparo,CE,2026-05-25 01:16:38
FLOW-0000001086,POL-00000179,CLM-00000429,CANCELLATION,PIX,FAILED,2025-11-04,2025-11-08,23759.94,0.0,BRL,185.309.426-98,Leão,Rios da Prata,SC,2026-05-25 01:16:38
FLOW-0000001087,POL-00000317,CLM-00000371,PREMIUM_PAYMENT,BANK_TRANSFER,PENDING,2025-01-01,2025-01-05,5929.19,5929.19,BRL,932.715.804-05,Lima,Sá,SE,2026-05-25 01:16:38
FLOW-0000001088,POL-00000142,CLM-00000055,CANCELLATION,BANK_SLIP,PROCESSED,2026-05-17,2026-05-21,5520.94,5520.94,BRL,375.481.692-64,Barbosa,Viana Grande,SE,2026-05-25 01:16:38
FLOW-0000001089,POL-00000255,CLM-00000181,CANCELLATION,BANK_SLIP,CANCELLED,2024-09-24,2024-09-24,19925.49,19925.49,BRL,629.573.410-34,Pacheco - EI,Rezende,PA,2026-05-25 01:16:38
FLOW-0000001090,POL-00000146,CLM-00000215,PREMIUM_PAYMENT,DEBIT,FAILED,2024-11-04,2024-11-09,23070.69,0.0,BRL,085.672.341-07,Leão Abreu - EI,Cardoso de Minas,MT,2026-05-25 01:16:38
FLOW-0000001091,POL-00000054,CLM-00000759,REFUND,PIX,PENDING,2025-08-24,2025-08-26,8390.65,8390.65,BRL,564.012.973-52,das Neves Mendonça S.A.,Pacheco da Praia,RR,2026-05-25 01:16:38
FLOW-0000001092,POL-00000264,CLM-00000119,PREMIUM_PAYMENT,PIX,CANCELLED,2024-06-23,2024-06-27,4438.4,4438.4,BRL,396.158.072-30,Silva Costela Ltda.,Jesus,AM,2026-05-25 01:16:38
FLOW-0000001093,POL-00000215,CLM-00000204,REINSURANCE,CREDIT_CARD,FAILED,2025-07-02,2025-07-03,18049.01,0.0,BRL,465.971.820-49,Lima,Cunha das Flores,ES,2026-05-25 01:16:38
FLOW-0000001094,POL-00000051,CLM-00000243,COMMISSION,DEBIT,PROCESSED,2024-07-27,2024-07-28,19485.43,19485.43,BRL,416.925.078-85,da Paz - ME,Barbosa,CE,2026-05-25 01:16:38
FLOW-0000001095,POL-00000242,CLM-00000600,CLAIM_PAYMENT,DEBIT,PENDING,2025-10-07,2025-10-08,9419.53,9419.53,BRL,431.679.502-34,Andrade,Rocha,RS,2026-05-25 01:16:38
FLOW-0000001096,POL-00000476,CLM-00000625,CLAIM_PAYMENT,DEBIT,PROCESSED,2025-02-01,2025-02-01,22267.7,22267.7,BRL,571.869.243-28,Porto,Almeida dos Dourados,BA,2026-05-25 01:16:38
FLOW-0000001097,POL-00000369,CLM-00000199,CLAIM_PAYMENT,CREDIT_CARD,CANCELLED,2025-10-02,2025-10-03,9713.89,9713.89,BRL,326.475.890-38,Aragão - ME,Montenegro,AM,2026-05-25 01:16:38
FLOW-0000001098,POL-00000355,CLM-00000583,CLAIM_PAYMENT,PIX,PENDING,2026-04-21,2026-04-23,5095.16,5095.16,BRL,971.345.802-88,Cavalcanti,Silva de Sousa,RR,2026-05-25 01:16:38
FLOW-0000001099,POL-00000215,CLM-00000176,REFUND,CREDIT_CARD,CANCELLED,2024-12-25,2024-12-27,3455.71,3455.71,BRL,396.174.082-87,Brito,Moreira,MS,2026-05-25 01:16:38
FLOW-0000001100,POL-00000405,CLM-00000814,REINSURANCE,BANK_TRANSFER,PROCESSED,2025-01-27,2025-01-28,22165.9,22165.9,BRL,935.140.682-24,Farias,Santos,GO,2026-05-25 01:16:38
FLOW-0000001101,POL-00000045,CLM-00000422,REINSURANCE,BANK_TRANSFER,PROCESSED,2025-07-11,2025-07-12,14474.13,14474.13,BRL,279.165.340-61,Câmara,Pereira,PI,2026-05-25 01:16:38
FLOW-0000001102,POL-00000429,CLM-00000474,CLAIM_PAYMENT,CREDIT_CARD,CANCELLED,2025-04-20,2025-04-23,21561.87,21561.87,BRL,148.256.973-64,Pimenta,Porto,RO,2026-05-25 01:16:38
FLOW-0000001103,POL-00000127,CLM-00000336,CANCELLATION,DEBIT,PROCESSED,2025-04-01,2025-04-01,18263.94,18263.94,BRL,621.397.085-12,da Rocha,Aragão das Flores,PB,2026-05-25 01:16:38
FLOW-0000001104,POL-00000468,CLM-00000588,REINSURANCE,PIX,PROCESSED,2024-11-09,2024-11-13,5599.04,5599.04,BRL,093.821.467-50,Castro,Costela,MS,2026-05-25 01:16:38
FLOW-0000001105,POL-00000376,CLM-00000788,PREMIUM_PAYMENT,BANK_TRANSFER,CANCELLED,2026-03-28,2026-03-31,24505.59,24505.59,BRL,823.075.649-00,Martins - EI,da Cunha,PR,2026-05-25 01:16:38
FLOW-0000001106,POL-00000415,CLM-00000818,REFUND,PIX,CANCELLED,2024-11-22,2024-11-22,10671.16,10671.16,BRL,069.741.352-70,Viana S.A.,Aragão do Galho,AC,2026-05-25 01:16:38
FLOW-0000001107,POL-00000355,CLM-00000750,PREMIUM_PAYMENT,DEBIT,PENDING,2025-04-04,2025-04-07,12407.36,12407.36,BRL,217.830.695-03,Sampaio,Jesus,SP,2026-05-25 01:16:38
FLOW-0000001108,POL-00000332,CLM-00000093,COMMISSION,PIX,PROCESSED,2025-12-09,2025-12-10,3361.16,3361.16,BRL,365.980.472-00,Pires Fogaça - EI,Cavalcanti,DF,2026-05-25 01:16:38
FLOW-0000001109,POL-00000440,CLM-00000585,CLAIM_PAYMENT,BANK_TRANSFER,CANCELLED,2025-11-05,2025-11-08,16742.44,16742.44,BRL,279.034.581-32,Azevedo,Ribeiro da Serra,SC,2026-05-25 01:16:38
FLOW-0000001110,POL-00000448,CLM-00000721,REFUND,DEBIT,PROCESSED,2025-02-23,2025-02-23,24411.7,24411.7,BRL,120.876.459-49,Souza Santos Ltda.,Alves,AC,2026-05-25 01:16:38
FLOW-0000001111,POL-00000361,CLM-00000649,COMMISSION,PIX,CANCELLED,2025-04-05,2025-04-06,19756.97,19756.97,BRL,490.815.362-06,Mendes Jesus S.A.,Vasconcelos da Serra,AL,2026-05-25 01:16:38
FLOW-0000001112,POL-00000272,CLM-00000034,CANCELLATION,CREDIT_CARD,FAILED,2025-07-02,2025-07-07,1813.93,0.0,BRL,721.950.468-30,Santos,Rodrigues da Prata,MT,2026-05-25 01:16:38
FLOW-0000001113,POL-00000404,CLM-00000702,CANCELLATION,PIX,PROCESSED,2025-06-11,2025-06-14,18834.56,18834.56,BRL,910.786.325-02,Monteiro Melo - EI,Mendes,AP,2026-05-25 01:16:38
FLOW-0000001114,POL-00000264,CLM-00000969,CANCELLATION,CREDIT_CARD,PENDING,2025-11-28,2025-12-02,22027.14,22027.14,BRL,721.460.583-07,Aparecida Carvalho e Filhos,da Rocha de Lima,AM,2026-05-25 01:16:38
FLOW-0000001115,POL-00000317,CLM-00000042,COMMISSION,CREDIT_CARD,CANCELLED,2025-04-04,2025-04-04,2818.62,2818.62,BRL,540.836.219-15,Pereira,Gonçalves de Costa,PB,2026-05-25 01:16:38
FLOW-0000001116,POL-00000288,CLM-00000727,REINSURANCE,BANK_SLIP,PENDING,2025-08-19,2025-08-21,4422.92,4422.92,BRL,214.539.870-88,Monteiro,Pacheco de Fernandes,GO,2026-05-25 01:16:38
FLOW-0000001117,POL-00000333,CLM-00000490,CLAIM_PAYMENT,BANK_TRANSFER,PENDING,2025-05-18,2025-05-19,24532.23,24532.23,BRL,650.947.312-70,Gonçalves Alves - EI,Mendonça das Pedras,SC,2026-05-25 01:16:38
FLOW-0000001118,POL-00000165,CLM-00000362,CANCELLATION,CREDIT_CARD,PROCESSED,2025-10-03,2025-10-08,5284.36,5284.36,BRL,436.182.950-06,da Cruz,Araújo de Aparecida,PB,2026-05-25 01:16:38
FLOW-0000001119,POL-00000033,CLM-00000382,COMMISSION,CREDIT_CARD,PENDING,2025-11-07,2025-11-11,17021.66,17021.66,BRL,763.209.845-38,Cavalcanti,Siqueira de Novais,RS,2026-05-25 01:16:38
FLOW-0000001120,POL-00000241,CLM-00000727,REINSURANCE,BANK_TRANSFER,PENDING,2025-11-15,2025-11-18,12181.36,12181.36,BRL,902.678.513-59,Duarte Ltda.,Nogueira,MG,2026-05-25 01:16:38
FLOW-0000001121,POL-00000318,CLM-00000377,COMMISSION,PIX,CANCELLED,2025-05-24,2025-05-29,20643.21,20643.21,BRL,153.467.082-35,Sampaio S/A,Lima,AL,2026-05-25 01:16:38
FLOW-0000001122,POL-00000042,CLM-00000401,REFUND,BANK_SLIP,PENDING,2024-07-26,2024-07-27,22302.99,22302.99,BRL,413.067.825-62,Martins,da Paz do Oeste,RN,2026-05-25 01:16:38
FLOW-0000001123,POL-00000085,CLM-00000283,PREMIUM_PAYMENT,PIX,PENDING,2024-10-19,2024-10-21,23958.5,23958.5,BRL,147.389.260-04,Brito,Cardoso,AM,2026-05-25 01:16:38
FLOW-0000001124,POL-00000267,CLM-00000975,CLAIM_PAYMENT,PIX,PROCESSED,2025-04-12,2025-04-17,3741.45,3741.45,BRL,680.143.572-80,Sales Rodrigues e Filhos,Farias do Campo,AC,2026-05-25 01:16:38
FLOW-0000001125,POL-00000243,CLM-00000356,CANCELLATION,DEBIT,PROCESSED,2026-01-28,2026-01-30,10442.59,10442.59,BRL,279.810.435-14,Abreu,Santos,RN,2026-05-25 01:16:38
FLOW-0000001126,POL-00000097,CLM-00000065,PREMIUM_PAYMENT,PIX,FAILED,2025-12-30,2026-01-02,18455.85,0.0,BRL,542.069.318-60,Nunes S/A,Campos,GO,2026-05-25 01:16:38
FLOW-0000001127,POL-00000211,CLM-00000593,REINSURANCE,CREDIT_CARD,FAILED,2026-02-20,2026-02-21,20881.94,0.0,BRL,348.750.192-97,da Rocha - ME,da Conceição,AP,2026-05-25 01:16:38
FLOW-0000001128,POL-00000304,CLM-00000682,COMMISSION,BANK_TRANSFER,CANCELLED,2025-09-10,2025-09-15,16168.98,16168.98,BRL,574.981.362-28,Farias,da Conceição de Siqueira,RS,2026-05-25 01:16:38
FLOW-0000001129,POL-00000460,CLM-00000809,COMMISSION,CREDIT_CARD,PROCESSED,2024-08-24,2024-08-28,11159.14,11159.14,BRL,418.352.697-37,Mendonça Ferreira - EI,Porto,RJ,2026-05-25 01:16:38
FLOW-0000001130,POL-00000191,CLM-00000995,CLAIM_PAYMENT,CREDIT_CARD,CANCELLED,2024-09-01,2024-09-02,19742.23,19742.23,BRL,370.248.519-88,Macedo Costela S.A.,Viana Grande,RO,2026-05-25 01:16:38
FLOW-0000001131,POL-00000490,CLM-00000171,COMMISSION,BANK_TRANSFER,CANCELLED,2025-05-28,2025-05-28,3751.04,3751.04,BRL,705.846.392-10,da Rocha,Cavalcante de Cassiano,ES,2026-05-25 01:16:38
FLOW-0000001132,POL-00000499,CLM-00000180,COMMISSION,BANK_SLIP,PROCESSED,2025-07-29,2025-07-30,17809.71,17809.71,BRL,386.957.240-00,Rocha,Marques das Flores,MS,2026-05-25 01:16:38
FLOW-0000001133,POL-00000295,CLM-00000130,PREMIUM_PAYMENT,DEBIT,FAILED,2025-07-03,2025-07-04,5985.74,0.0,BRL,178.402.369-87,Vasconcelos,da Rosa,PE,2026-05-25 01:16:38
FLOW-0000001134,POL-00000341,CLM-00000325,CLAIM_PAYMENT,CREDIT_CARD,PENDING,2024-10-05,2024-10-07,9273.32,9273.32,BRL,157.639.842-00,Gonçalves,da Rosa do Oeste,PI,2026-05-25 01:16:38
FLOW-0000001135,POL-00000274,CLM-00000309,REINSURANCE,PIX,PROCESSED,2024-12-16,2024-12-17,9354.23,9354.23,BRL,436.520.178-62,Farias,Nogueira,MG,2026-05-25 01:16:38
FLOW-0000001136,POL-00000486,CLM-00000470,REFUND,CREDIT_CARD,PROCESSED,2025-06-15,2025-06-15,10143.83,10143.83,BRL,230.584.167-17,Campos S.A.,Rocha,MT,2026-05-25 01:16:38
FLOW-0000001137,POL-00000332,CLM-00000723,CANCELLATION,CREDIT_CARD,FAILED,2025-11-26,2025-11-27,157.14,0.0,BRL,364.819.270-13,Montenegro Jesus e Filhos,Pastor,PR,2026-05-25 01:16:38
FLOW-0000001138,POL-00000410,CLM-00000579,REINSURANCE,DEBIT,PROCESSED,2025-01-23,2025-01-26,22404.64,22404.64,BRL,491.806.357-84,Moraes Teixeira S/A,Farias Paulista,RN,2026-05-25 01:16:38
FLOW-0000001139,POL-00000461,CLM-00000042,CANCELLATION,BANK_SLIP,CANCELLED,2024-12-26,2024-12-28,17244.22,17244.22,BRL,649.251.783-00,Pacheco Mendes - ME,Rocha,AL,2026-05-25 01:16:38
FLOW-0000001140,POL-00000206,CLM-00000633,COMMISSION,BANK_SLIP,PENDING,2025-09-05,2025-09-10,13796.45,13796.45,BRL,470.895.632-00,Barros S.A.,Garcia de Minas,MG,2026-05-25 01:16:38
FLOW-0000001141,POL-00000312,CLM-00000657,COMMISSION,BANK_SLIP,PENDING,2026-01-18,2026-01-21,8966.97,8966.97,BRL,573.124.609-25,Viana Ltda.,Sampaio,PA,2026-05-25 01:16:38
FLOW-0000001142,POL-00000012,CLM-00000086,COMMISSION,BANK_TRANSFER,PROCESSED,2025-03-30,2025-04-03,13184.52,13184.52,BRL,204.867.519-02,Rocha,Machado,CE,2026-05-25 01:16:38
FLOW-0000001143,POL-00000100,CLM-00000503,PREMIUM_PAYMENT,CREDIT_CARD,CANCELLED,2024-05-29,2024-06-01,16942.73,16942.73,BRL,368.405.217-53,Martins,Nunes,RS,2026-05-25 01:16:38
FLOW-0000001144,POL-00000204,CLM-00000152,PREMIUM_PAYMENT,DEBIT,FAILED,2026-03-15,2026-03-19,15146.69,0.0,BRL,546.098.273-10,Santos,Gomes,GO,2026-05-25 01:16:38
FLOW-0000001145,POL-00000177,CLM-00000360,PREMIUM_PAYMENT,CREDIT_CARD,FAILED,2025-02-18,2025-02-20,9683.51,0.0,BRL,684.239.105-98,das Neves,Guerra Alegre,ES,2026-05-25 01:16:38
FLOW-0000001146,POL-00000373,CLM-00000910,PREMIUM_PAYMENT,DEBIT,PROCESSED,2026-01-31,2026-02-03,21863.83,21863.83,BRL,216.479.508-30,Novaes Ferreira S.A.,da Rosa de Rezende,AM,2026-05-25 01:16:38
FLOW-0000001147,POL-00000084,CLM-00000826,REFUND,DEBIT,FAILED,2026-04-27,2026-05-02,24815.3,0.0,BRL,018.743.625-80,Lima S/A,Peixoto,GO,2026-05-25 01:16:38
FLOW-0000001148,POL-00000074,CLM-00000213,CLAIM_PAYMENT,CREDIT_CARD,PENDING,2024-11-07,2024-11-12,22415.9,22415.9,BRL,583.469.270-29,Vargas,Sá,AC,2026-05-25 01:16:38
FLOW-0000001149,POL-00000034,CLM-00000956,REINSURANCE,BANK_TRANSFER,FAILED,2025-01-25,2025-01-28,24710.14,0.0,BRL,692.014.753-06,Borges Correia e Filhos,Souza,AL,2026-05-25 01:16:38
FLOW-0000001150,POL-00000213,CLM-00000180,REFUND,BANK_TRANSFER,FAILED,2024-11-28,2024-12-01,2256.78,0.0,BRL,174.082.536-53,Gomes Azevedo e Filhos,Costela de Minas,TO,2026-05-25 01:16:38
FLOW-0000001151,POL-00000096,CLM-00000853,CLAIM_PAYMENT,DEBIT,PROCESSED,2024-07-16,2024-07-19,17770.66,17770.66,BRL,352.698.471-91,Mendes Castro - ME,Nunes,PE,2026-05-25 01:16:38
FLOW-0000001152,POL-00000428,CLM-00000600,PREMIUM_PAYMENT,CREDIT_CARD,FAILED,2025-03-18,2025-03-20,13868.98,0.0,BRL,509.821.763-68,Silva - ME,Brito,MG,2026-05-25 01:16:38
FLOW-0000001153,POL-00000014,CLM-00000811,REFUND,PIX,PROCESSED,2025-09-10,2025-09-13,14004.06,14004.06,BRL,245.936.710-43,Lopes,Correia da Prata,GO,2026-05-25 01:16:38
FLOW-0000001154,POL-00000064,CLM-00000670,CANCELLATION,CREDIT_CARD,CANCELLED,2024-07-15,2024-07-16,6603.79,6603.79,BRL,409.783.526-29,Casa Grande,da Cunha,PA,2026-05-25 01:16:38
FLOW-0000001155,POL-00000015,CLM-00000123,CANCELLATION,CREDIT_CARD,PROCESSED,2025-01-18,2025-01-21,4525.34,4525.34,BRL,573.614.209-07,Santos,Cirino,MS,2026-05-25 01:16:38
FLOW-0000001156,POL-00000298,CLM-00000493,PREMIUM_PAYMENT,BANK_TRANSFER,FAILED,2025-06-01,2025-06-04,24858.61,0.0,BRL,153.207.689-40,Barros Lopes Ltda.,Correia,AL,2026-05-25 01:16:38
FLOW-0000001157,POL-00000499,CLM-00000711,CANCELLATION,PIX,CANCELLED,2025-02-01,2025-02-04,21715.23,21715.23,BRL,632.470.518-80,Monteiro,Rios,PB,2026-05-25 01:16:38
FLOW-0000001158,POL-00000433,CLM-00000266,REINSURANCE,BANK_SLIP,PENDING,2024-06-04,2024-06-06,12837.52,12837.52,BRL,823.795.614-19,Gonçalves,Nogueira Paulista,RR,2026-05-25 01:16:38
FLOW-0000001159,POL-00000450,CLM-00000710,COMMISSION,BANK_SLIP,CANCELLED,2026-01-16,2026-01-20,1509.83,1509.83,BRL,875.460.219-01,Pimenta - EI,Gonçalves,MA,2026-05-25 01:16:38
FLOW-0000001160,POL-00000215,CLM-00000652,COMMISSION,CREDIT_CARD,FAILED,2024-12-04,2024-12-06,4124.56,0.0,BRL,481.970.235-14,Monteiro,Rocha Grande,PB,2026-05-25 01:16:38
FLOW-0000001161,POL-00000264,CLM-00000199,REINSURANCE,BANK_SLIP,PENDING,2026-04-03,2026-04-03,7281.91,7281.91,BRL,305.798.612-95,Vieira,das Neves de da Rocha,MT,2026-05-25 01:16:38
FLOW-0000001162,POL-00000447,CLM-00000324,CLAIM_PAYMENT,CREDIT_CARD,FAILED,2025-10-22,2025-10-22,14989.12,0.0,BRL,574.039.128-88,Sales,Souza do Galho,GO,2026-05-25 01:16:38
FLOW-0000001163,POL-00000050,CLM-00000548,CANCELLATION,BANK_TRANSFER,FAILED,2024-11-04,2024-11-06,17151.82,0.0,BRL,049.765.382-65,Barbosa Moraes S/A,Barros,AC,2026-05-25 01:16:38
FLOW-0000001164,POL-00000266,CLM-00000289,PREMIUM_PAYMENT,CREDIT_CARD,PROCESSED,2024-11-29,2024-12-01,20591.7,20591.7,BRL,491.320.657-52,Aparecida Pimenta - ME,Machado,MA,2026-05-25 01:16:38
FLOW-0000001165,POL-00000112,CLM-00000159,CLAIM_PAYMENT,BANK_TRANSFER,PENDING,2025-06-23,2025-06-26,10329.26,10329.26,BRL,814.723.950-50,da Rosa,Ribeiro,DF,2026-05-25 01:16:38
FLOW-0000001166,POL-00000214,CLM-00000472,REINSURANCE,PIX,PENDING,2024-12-22,2024-12-23,20797.76,20797.76,BRL,076.813.295-95,Sampaio,Fogaça de Santos,RN,2026-05-25 01:16:38
FLOW-0000001167,POL-00000179,CLM-00000320,PREMIUM_PAYMENT,CREDIT_CARD,CANCELLED,2025-10-21,2025-10-21,20480.18,20480.18,BRL,042.587.193-23,Silva,Câmara,PR,2026-05-25 01:16:38
FLOW-0000001168,POL-00000089,CLM-00000727,REINSURANCE,CREDIT_CARD,FAILED,2025-09-05,2025-09-06,20435.12,0.0,BRL,908.361.275-95,Casa Grande S/A,Correia de Fonseca,PR,2026-05-25 01:16:38
FLOW-0000001169,POL-00000066,CLM-00000878,PREMIUM_PAYMENT,BANK_SLIP,PROCESSED,2025-11-16,2025-11-16,18624.28,18624.28,BRL,312.057.894-05,Marques,Cunha,PR,2026-05-25 01:16:38
FLOW-0000001170,POL-00000067,CLM-00000081,CLAIM_PAYMENT,DEBIT,PROCESSED,2025-06-13,2025-06-18,5703.03,5703.03,BRL,493.012.875-79,Rezende da Mota e Filhos,Almeida,AL,2026-05-25 01:16:38
FLOW-0000001171,POL-00000010,CLM-00000794,PREMIUM_PAYMENT,DEBIT,PENDING,2025-12-03,2025-12-08,19087.44,19087.44,BRL,784.021.965-94,Rezende,Castro,MA,2026-05-25 01:16:38
FLOW-0000001172,POL-00000407,CLM-00000676,PREMIUM_PAYMENT,BANK_TRANSFER,PENDING,2025-02-11,2025-02-14,1110.8,1110.8,BRL,173.594.286-37,Farias Brito S/A,Jesus,PB,2026-05-25 01:16:38
FLOW-0000001173,POL-00000023,CLM-00000068,PREMIUM_PAYMENT,CREDIT_CARD,FAILED,2025-11-01,2025-11-05,1528.67,0.0,BRL,326.814.095-51,Porto,da Rosa,DF,2026-05-25 01:16:38
FLOW-0000001174,POL-00000472,CLM-00000617,PREMIUM_PAYMENT,BANK_SLIP,PENDING,2025-03-07,2025-03-12,306.3,306.3,BRL,076.438.215-26,da Cruz,Garcia,GO,2026-05-25 01:16:38
FLOW-0000001175,POL-00000015,CLM-00000093,CLAIM_PAYMENT,BANK_SLIP,FAILED,2025-06-01,2025-06-05,22534.31,0.0,BRL,714.639.052-70,Jesus Ltda.,Sá,CE,2026-05-25 01:16:38
FLOW-0000001176,POL-00000181,CLM-00000165,REINSURANCE,BANK_TRANSFER,FAILED,2025-03-11,2025-03-16,23549.03,0.0,BRL,031.892.746-22,Ferreira Cavalcanti S.A.,Garcia,PA,2026-05-25 01:16:38
FLOW-0000001177,POL-00000051,CLM-00000840,REINSURANCE,BANK_TRANSFER,PENDING,2025-08-24,2025-08-29,15343.26,15343.26,BRL,693.127.485-64,Moreira,Melo,SE,2026-05-25 01:16:38
FLOW-0000001178,POL-00000494,CLM-00000289,CANCELLATION,BANK_SLIP,PROCESSED,2025-04-13,2025-04-13,13244.53,13244.53,BRL,479.861.325-82,Moura,Castro,SP,2026-05-25 01:16:38
FLOW-0000001179,POL-00000474,CLM-00000220,CANCELLATION,BANK_TRANSFER,PENDING,2024-11-24,2024-11-28,158.01,158.01,BRL,657.342.891-91,Almeida,da Costa do Norte,CE,2026-05-25 01:16:38
FLOW-0000001180,POL-00000226,CLM-00000690,CANCELLATION,PIX,PROCESSED,2024-08-29,2024-09-03,11894.15,11894.15,BRL,538.946.210-60,Martins,Pereira,PB,2026-05-25 01:16:38
FLOW-0000001181,POL-00000110,CLM-00000527,REFUND,BANK_SLIP,CANCELLED,2025-11-07,2025-11-08,20876.82,20876.82,BRL,410.596.238-89,da Rocha,Melo,PB,2026-05-25 01:16:38
FLOW-0000001182,POL-00000239,CLM-00000113,COMMISSION,BANK_TRANSFER,PENDING,2025-07-13,2025-07-16,2865.49,2865.49,BRL,103.987.246-87,Lopes,da Mota do Oeste,SE,2026-05-25 01:16:38
FLOW-0000001183,POL-00000286,CLM-00000740,COMMISSION,PIX,FAILED,2024-07-08,2024-07-09,12420.61,0.0,BRL,498.172.053-04,da Costa Cavalcanti - ME,Teixeira do Sul,AM,2026-05-25 01:16:38
FLOW-0000001184,POL-00000146,CLM-00000468,PREMIUM_PAYMENT,BANK_TRANSFER,CANCELLED,2025-04-12,2025-04-12,8236.48,8236.48,BRL,493.802.517-50,da Mota,Nascimento dos Dourados,RS,2026-05-25 01:16:38
FLOW-0000001185,POL-00000284,CLM-00000418,REFUND,CREDIT_CARD,PROCESSED,2025-11-17,2025-11-22,7834.57,7834.57,BRL,051.369.782-95,Vieira S/A,Teixeira do Campo,RJ,2026-05-25 01:16:38
FLOW-0000001186,POL-00000481,CLM-00000696,PREMIUM_PAYMENT,CREDIT_CARD,CANCELLED,2025-04-09,2025-04-12,4760.19,4760.19,BRL,805.713.246-90,Pimenta Vieira Ltda.,Fernandes da Mata,PB,2026-05-25 01:16:38
FLOW-0000001187,POL-00000345,CLM-00000108,CANCELLATION,DEBIT,CANCELLED,2025-11-27,2025-11-28,369.01,369.01,BRL,572.860.913-95,Garcia S.A.,Peixoto,MA,2026-05-25 01:16:38
FLOW-0000001188,POL-00000062,CLM-00000147,CANCELLATION,DEBIT,PENDING,2026-04-13,2026-04-16,13090.43,13090.43,BRL,906.715.482-20,Leão,Leão Alegre,AM,2026-05-25 01:16:38
FLOW-0000001189,POL-00000034,CLM-00000373,PREMIUM_PAYMENT,BANK_SLIP,PROCESSED,2024-11-24,2024-11-27,17391.18,17391.18,BRL,450.612.897-49,Pimenta,Macedo,RJ,2026-05-25 01:16:38
FLOW-0000001190,POL-00000120,CLM-00000859,REFUND,DEBIT,PENDING,2025-07-27,2025-07-29,5046.57,5046.57,BRL,894.523.760-74,da Mata S/A,Guerra do Campo,TO,2026-05-25 01:16:38
FLOW-0000001191,POL-00000388,CLM-00000809,CANCELLATION,DEBIT,FAILED,2025-04-01,2025-04-06,12502.8,0.0,BRL,789.156.430-20,Macedo,Jesus do Galho,PR,2026-05-25 01:16:38
FLOW-0000001192,POL-00000249,CLM-00000524,REINSURANCE,CREDIT_CARD,CANCELLED,2024-11-08,2024-11-10,11921.87,11921.87,BRL,275.418.390-60,Gomes - EI,Andrade,SP,2026-05-25 01:16:38
FLOW-0000001193,POL-00000129,CLM-00000502,PREMIUM_PAYMENT,DEBIT,PENDING,2024-10-03,2024-10-04,19211.59,19211.59,BRL,835.176.029-30,das Neves e Filhos,Dias,AL,2026-05-25 01:16:38
FLOW-0000001194,POL-00000051,CLM-00000756,CLAIM_PAYMENT,PIX,PENDING,2025-04-19,2025-04-20,15727.86,15727.86,BRL,426.571.389-00,Azevedo,Freitas da Prata,MS,2026-05-25 01:16:38
FLOW-0000001195,POL-00000196,CLM-00000620,PREMIUM_PAYMENT,CREDIT_CARD,PROCESSED,2025-10-25,2025-10-25,12478.47,12478.47,BRL,673.510.924-43,Souza,Nunes,RS,2026-05-25 01:16:38
FLOW-0000001196,POL-00000390,CLM-00000079,REINSURANCE,BANK_TRANSFER,PENDING,2024-10-17,2024-10-18,7603.68,7603.68,BRL,047.586.319-48,Azevedo,da Mota,DF,2026-05-25 01:16:38
FLOW-0000001197,POL-00000339,CLM-00000510,CLAIM_PAYMENT,DEBIT,FAILED,2024-12-02,2024-12-05,19828.65,0.0,BRL,138.796.425-91,Ferreira S/A,Fernandes,ES,2026-05-25 01:16:38
FLOW-0000001198,POL-00000488,CLM-00000783,COMMISSION,PIX,PENDING,2024-09-24,2024-09-28,6578.55,6578.55,BRL,045.379.826-83,Martins,Freitas,RJ,2026-05-25 01:16:38
FLOW-0000001199,POL-00000231,CLM-00000323,PREMIUM_PAYMENT,DEBIT,CANCELLED,2026-02-26,2026-03-01,22009.14,22009.14,BRL,049.178.625-58,Pastor,Siqueira,AC,2026-05-25 01:16:38
FLOW-0000001200,POL-00000286,CLM-00000676,PREMIUM_PAYMENT,CREDIT_CARD,PROCESSED,2025-05-31,2025-06-03,11518.42,11518.42,BRL,831.067.425-26,Rodrigues Ltda.,Gomes,RJ,2026-05-25 01:16:38
FLOW-0000001201,POL-00000160,CLM-00000733,REFUND,DEBIT,PROCESSED,2026-05-19,2026-05-24,4145.4,4145.4,BRL,536.142.089-15,Silva S/A,Souza,MG,2026-05-25 01:16:38
FLOW-0000001202,POL-00000338,CLM-00000568,REINSURANCE,BANK_TRANSFER,CANCELLED,2025-09-21,2025-09-24,19112.08,19112.08,BRL,768.130.452-53,da Rosa,Montenegro,SC,2026-05-25 01:16:38
FLOW-0000001203,POL-00000260,CLM-00000058,REINSURANCE,DEBIT,PROCESSED,2026-05-18,2026-05-22,11771.97,11771.97,BRL,629.871.053-12,da Conceição Camargo S/A,Cunha de Dias,CE,2026-05-25 01:16:38
FLOW-0000001204,POL-00000393,CLM-00000292,REFUND,CREDIT_CARD,FAILED,2024-11-05,2024-11-07,12392.54,0.0,BRL,468.720.539-92,Moura - EI,Monteiro,BA,2026-05-25 01:16:38
FLOW-0000001205,POL-00000429,CLM-00000376,PREMIUM_PAYMENT,CREDIT_CARD,PROCESSED,2024-08-03,2024-08-03,752.27,752.27,BRL,184.720.396-50,Cassiano Rodrigues e Filhos,Duarte da Serra,AP,2026-05-25 01:16:38
FLOW-0000001206,POL-00000195,CLM-00000100,CANCELLATION,DEBIT,FAILED,2024-05-31,2024-06-05,14619.98,0.0,BRL,659.827.143-64,Pastor Costela Ltda.,Montenegro,AC,2026-05-25 01:16:38
FLOW-0000001207,POL-00000029,CLM-00000678,REFUND,BANK_SLIP,FAILED,2024-05-29,2024-05-31,24799.04,0.0,BRL,853.096.421-70,Carvalho Novaes Ltda.,Guerra,RS,2026-05-25 01:16:38
FLOW-0000001208,POL-00000467,CLM-00000705,COMMISSION,PIX,PENDING,2026-04-18,2026-04-19,5903.82,5903.82,BRL,458.739.021-60,Novais,Viana,PA,2026-05-25 01:16:38
FLOW-0000001209,POL-00000276,CLM-00000334,CLAIM_PAYMENT,PIX,PENDING,2025-12-17,2025-12-19,2906.06,2906.06,BRL,468.127.593-09,Sampaio - EI,Pereira de Oliveira,SC,2026-05-25 01:16:38
FLOW-0000001210,POL-00000137,CLM-00000021,REFUND,DEBIT,CANCELLED,2025-06-13,2025-06-16,16461.31,16461.31,BRL,583.629.470-47,Borges,Fonseca,MS,2026-05-25 01:16:38
FLOW-0000001211,POL-00000293,CLM-00000400,COMMISSION,CREDIT_CARD,CANCELLED,2025-03-09,2025-03-13,604.8,604.8,BRL,013.572.869-02,Ferreira S/A,Montenegro do Galho,RN,2026-05-25 01:16:38
FLOW-0000001212,POL-00000354,CLM-00000692,REFUND,BANK_SLIP,PENDING,2025-09-19,2025-09-23,2488.26,2488.26,BRL,426.173.805-80,da Paz Aragão S/A,Correia,AC,2026-05-25 01:16:38
FLOW-0000001213,POL-00000086,CLM-00000630,CANCELLATION,CREDIT_CARD,FAILED,2025-02-09,2025-02-11,12443.45,0.0,BRL,704.285.963-47,Nascimento,Aragão,MT,2026-05-25 01:16:38
FLOW-0000001214,POL-00000326,CLM-00000868,CLAIM_PAYMENT,PIX,CANCELLED,2025-07-30,2025-08-01,24237.22,24237.22,BRL,914.836.257-37,Pastor,Duarte de Teixeira,SE,2026-05-25 01:16:38
FLOW-0000001215,POL-00000153,CLM-00000588,COMMISSION,DEBIT,PENDING,2026-05-16,2026-05-20,5391.3,5391.3,BRL,758.293.604-38,Ramos Casa Grande - EI,Marques Verde,RO,2026-05-25 01:16:38
FLOW-0000001216,POL-00000304,CLM-00000345,PREMIUM_PAYMENT,CREDIT_CARD,PENDING,2025-12-31,2026-01-01,15633.08,15633.08,BRL,456.873.190-93,Pereira,Mendes do Galho,MA,2026-05-25 01:16:38
FLOW-0000001217,POL-00000219,CLM-00000215,REINSURANCE,CREDIT_CARD,CANCELLED,2024-06-02,2024-06-02,14182.39,14182.39,BRL,291.435.607-25,Melo,das Neves de Goiás,AM,2026-05-25 01:16:38
FLOW-0000001218,POL-00000222,CLM-00000680,COMMISSION,BANK_TRANSFER,FAILED,2025-11-28,2025-11-28,16305.84,0.0,BRL,312.078.469-96,Pinto,Cassiano,RJ,2026-05-25 01:16:38
FLOW-0000001219,POL-00000320,CLM-00000528,REFUND,DEBIT,FAILED,2025-10-10,2025-10-12,5041.92,0.0,BRL,934.256.107-16,Cardoso Vasconcelos - ME,Almeida da Mata,PE,2026-05-25 01:16:38
FLOW-0000001220,POL-00000322,CLM-00000721,CLAIM_PAYMENT,BANK_TRANSFER,PENDING,2024-06-19,2024-06-24,19097.88,19097.88,BRL,314.689.507-20,Ribeiro Lima e Filhos,Carvalho,SE,2026-05-25 01:16:38
FLOW-0000001221,POL-00000138,CLM-00000960,CLAIM_PAYMENT,BANK_TRANSFER,CANCELLED,2026-03-01,2026-03-02,14442.24,14442.24,BRL,465.781.293-91,Martins - ME,Pimenta de Cardoso,DF,2026-05-25 01:16:38
FLOW-0000001222,POL-00000268,CLM-00000206,REFUND,CREDIT_CARD,PENDING,2024-08-08,2024-08-12,21326.73,21326.73,BRL,892.347.160-78,Monteiro Ltda.,Abreu,AM,2026-05-25 01:16:38
FLOW-0000001223,POL-00000433,CLM-00000446,CLAIM_PAYMENT,DEBIT,FAILED,2025-06-24,2025-06-27,3736.21,0.0,BRL,735.268.190-68,Moraes,Correia,RS,2026-05-25 01:16:38
FLOW-0000001224,POL-00000434,CLM-00000423,PREMIUM_PAYMENT,CREDIT_CARD,PROCESSED,2026-03-06,2026-03-08,21511.64,21511.64,BRL,978.234.605-56,Rodrigues,Cavalcanti,RR,2026-05-25 01:16:38
FLOW-0000001225,POL-00000208,CLM-00000245,COMMISSION,PIX,PROCESSED,2025-06-05,2025-06-07,16168.76,16168.76,BRL,514.978.230-05,da Mata S.A.,Câmara das Pedras,ES,2026-05-25 01:16:38
FLOW-0000001226,POL-00000238,CLM-00000498,CLAIM_PAYMENT,BANK_TRANSFER,FAILED,2024-07-25,2024-07-26,4838.3,0.0,BRL,912.365.047-80,Rezende,Cavalcanti,SE,2026-05-25 01:16:38
FLOW-0000001227,POL-00000082,CLM-00000280,PREMIUM_PAYMENT,BANK_SLIP,PROCESSED,2026-01-28,2026-01-31,10579.38,10579.38,BRL,910.654.823-70,da Cunha Camargo e Filhos,Macedo de Correia,SE,2026-05-25 01:16:38
FLOW-0000001228,POL-00000330,CLM-00000873,COMMISSION,PIX,PROCESSED,2026-05-24,2026-05-24,6497.0,6497.0,BRL,671.548.392-28,Guerra Ribeiro Ltda.,Ferreira,PR,2026-05-25 01:16:38
FLOW-0000001229,POL-00000441,CLM-00000919,PREMIUM_PAYMENT,PIX,PENDING,2025-03-06,2025-03-11,12171.76,12171.76,BRL,217.350.684-62,Costa,Carvalho Verde,SP,2026-05-25 01:16:38
FLOW-0000001230,POL-00000460,CLM-00000373,PREMIUM_PAYMENT,PIX,CANCELLED,2025-05-16,2025-05-18,15059.91,15059.91,BRL,821.954.670-02,Martins,Aragão do Amparo,RO,2026-05-25 01:16:38
FLOW-0000001231,POL-00000121,CLM-00000115,CANCELLATION,BANK_TRANSFER,PROCESSED,2024-07-17,2024-07-20,23581.9,23581.9,BRL,612.479.350-43,Carvalho Ltda.,Ramos,GO,2026-05-25 01:16:38
FLOW-0000001232,POL-00000255,CLM-00000906,PREMIUM_PAYMENT,PIX,FAILED,2026-04-29,2026-05-04,12531.2,0.0,BRL,326.418.509-15,Barros,Silva de Fonseca,AP,2026-05-25 01:16:38
FLOW-0000001233,POL-00000427,CLM-00000599,COMMISSION,DEBIT,FAILED,2024-10-16,2024-10-17,15015.54,0.0,BRL,819.243.706-03,da Luz Brito Ltda.,Pires Alegre,MA,2026-05-25 01:16:38
FLOW-0000001234,POL-00000074,CLM-00000110,REFUND,BANK_SLIP,PROCESSED,2025-07-20,2025-07-25,18611.78,18611.78,BRL,164.382.957-28,Peixoto,da Rocha,SE,2026-05-25 01:16:38
FLOW-0000001235,POL-00000131,CLM-00000884,REFUND,BANK_TRANSFER,CANCELLED,2026-03-18,2026-03-19,24249.59,24249.59,BRL,725.389.640-83,Freitas Pimenta - EI,Nascimento,AM,2026-05-25 01:16:38
FLOW-0000001236,POL-00000163,CLM-00000559,COMMISSION,DEBIT,PENDING,2025-06-11,2025-06-11,12284.45,12284.45,BRL,209.651.834-24,Aparecida,Martins,AL,2026-05-25 01:16:38
FLOW-0000001237,POL-00000186,CLM-00000487,COMMISSION,CREDIT_CARD,PROCESSED,2025-07-31,2025-08-03,17084.32,17084.32,BRL,263.408.795-00,Lopes Ltda.,Pimenta,CE,2026-05-25 01:16:38
FLOW-0000001238,POL-00000431,CLM-00000758,REINSURANCE,PIX,PENDING,2024-11-02,2024-11-04,575.8,575.8,BRL,958.736.421-09,Silva - ME,Moraes,SC,2026-05-25 01:16:38
FLOW-0000001239,POL-00000130,CLM-00000566,CANCELLATION,DEBIT,PROCESSED,2026-01-27,2026-02-01,22940.56,22940.56,BRL,790.645.281-01,Rocha,Silva Verde,MA,2026-05-25 01:16:38
FLOW-0000001240,POL-00000463,CLM-00000832,CANCELLATION,PIX,FAILED,2025-06-09,2025-06-11,15991.78,0.0,BRL,085.372.169-68,Novais Cassiano S/A,Melo dos Dourados,RR,2026-05-25 01:16:38
FLOW-0000001241,POL-00000005,CLM-00000932,REFUND,DEBIT,CANCELLED,2025-07-01,2025-07-05,21680.48,21680.48,BRL,750.862.419-01,Pereira Ltda.,da Rocha de Pereira,PA,2026-05-25 01:16:38
FLOW-0000001242,POL-00000108,CLM-00000881,CLAIM_PAYMENT,BANK_SLIP,FAILED,2024-07-26,2024-07-28,7557.16,0.0,BRL,514.296.830-15,Peixoto,Carvalho Paulista,RJ,2026-05-25 01:16:38
FLOW-0000001243,POL-00000405,CLM-00000035,CANCELLATION,CREDIT_CARD,CANCELLED,2026-04-01,2026-04-04,15802.25,15802.25,BRL,297.358.106-03,Cardoso - ME,da Mota,BA,2026-05-25 01:16:38
FLOW-0000001244,POL-00000378,CLM-00000423,REFUND,CREDIT_CARD,CANCELLED,2025-08-09,2025-08-09,20588.78,20588.78,BRL,809.751.634-93,Costela,Novais da Prata,PB,2026-05-25 01:16:38
FLOW-0000001245,POL-00000358,CLM-00000268,PREMIUM_PAYMENT,BANK_TRANSFER,PROCESSED,2025-03-18,2025-03-23,10588.03,10588.03,BRL,428.750.693-65,Almeida S/A,Sales,RN,2026-05-25 01:16:38
FLOW-0000001246,POL-00000233,CLM-00000712,REINSURANCE,PIX,FAILED,2026-02-20,2026-02-20,8828.82,0.0,BRL,492.637.580-00,Santos Gomes - EI,Lima do Norte,MS,2026-05-25 01:16:38
FLOW-0000001247,POL-00000406,CLM-00000657,CLAIM_PAYMENT,BANK_SLIP,CANCELLED,2024-09-11,2024-09-11,16052.25,16052.25,BRL,180.425.639-06,Silveira Costa S.A.,Rezende,PR,2026-05-25 01:16:38
FLOW-0000001248,POL-00000161,CLM-00000590,CANCELLATION,PIX,FAILED,2025-07-27,2025-07-27,10046.51,0.0,BRL,304.872.951-88,Lima - ME,Gonçalves,RJ,2026-05-25 01:16:38
FLOW-0000001249,POL-00000434,CLM-00000609,REINSURANCE,DEBIT,PROCESSED,2025-01-24,2025-01-24,3987.67,3987.67,BRL,179.842.036-87,Cunha Ltda.,da Rocha da Prata,CE,2026-05-25 01:16:38
FLOW-0000001250,POL-00000134,CLM-00000178,CANCELLATION,BANK_TRANSFER,PROCESSED,2024-10-30,2024-11-01,11314.67,11314.67,BRL,147.260.938-78,da Mata Ltda.,Guerra do Campo,RO,2026-05-25 01:16:38
FLOW-0000001251,POL-00000213,CLM-00000377,CLAIM_PAYMENT,BANK_SLIP,PENDING,2025-05-20,2025-05-22,19998.24,19998.24,BRL,351.480.692-60,Ramos Moreira - ME,Duarte do Amparo,RO,2026-05-25 01:16:38
FLOW-0000001252,POL-00000011,CLM-00000971,REINSURANCE,PIX,PROCESSED,2025-11-15,2025-11-18,21915.93,21915.93,BRL,139.428.067-03,Costela,Peixoto da Serra,MA,2026-05-25 01:16:38
FLOW-0000001253,POL-00000465,CLM-00000092,CANCELLATION,DEBIT,PROCESSED,2025-11-18,2025-11-22,16195.31,16195.31,BRL,934.605.812-98,Garcia Fonseca S/A,Machado da Praia,CE,2026-05-25 01:16:38
FLOW-0000001254,POL-00000206,CLM-00000633,CLAIM_PAYMENT,DEBIT,PENDING,2025-09-29,2025-09-30,6581.49,6581.49,BRL,237.065.914-99,Guerra,Fogaça,PA,2026-05-25 01:16:38
FLOW-0000001255,POL-00000088,CLM-00000970,PREMIUM_PAYMENT,BANK_TRANSFER,FAILED,2025-11-24,2025-11-28,6540.94,0.0,BRL,086.247.135-44,Freitas,Gomes do Galho,ES,2026-05-25 01:16:38
FLOW-0000001256,POL-00000396,CLM-00000943,REINSURANCE,DEBIT,CANCELLED,2025-12-22,2025-12-22,402.17,402.17,BRL,273.840.591-60,Porto S/A,Camargo,MA,2026-05-25 01:16:38
FLOW-0000001257,POL-00000098,CLM-00000969,CLAIM_PAYMENT,CREDIT_CARD,PROCESSED,2025-07-22,2025-07-27,12379.02,12379.02,BRL,207.893.156-02,Campos,Campos,AP,2026-05-25 01:16:38
FLOW-0000001258,POL-00000221,CLM-00000877,REFUND,BANK_SLIP,PROCESSED,2026-05-19,2026-05-21,18673.75,18673.75,BRL,351.920.864-42,Ramos,Martins Alegre,PB,2026-05-25 01:16:38
FLOW-0000001259,POL-00000215,CLM-00000185,COMMISSION,DEBIT,PROCESSED,2025-07-25,2025-07-29,5428.39,5428.39,BRL,461.073.592-06,Carvalho,Pacheco da Prata,PA,2026-05-25 01:16:38
FLOW-0000001260,POL-00000317,CLM-00000462,COMMISSION,BANK_SLIP,PROCESSED,2024-11-26,2024-11-27,767.89,767.89,BRL,917.043.562-61,Nunes,Lopes da Prata,TO,2026-05-25 01:16:38
FLOW-0000001261,POL-00000044,CLM-00000011,CANCELLATION,DEBIT,CANCELLED,2026-05-16,2026-05-18,14593.43,14593.43,BRL,952.086.147-58,Campos,Cavalcanti,MS,2026-05-25 01:16:38
FLOW-0000001262,POL-00000352,CLM-00000218,CANCELLATION,DEBIT,CANCELLED,2026-05-13,2026-05-14,21792.51,21792.51,BRL,307.521.964-99,Andrade,Câmara da Serra,SC,2026-05-25 01:16:38
FLOW-0000001263,POL-00000038,CLM-00000098,REINSURANCE,BANK_TRANSFER,FAILED,2026-02-20,2026-02-25,10611.11,0.0,BRL,759.412.068-01,Almeida,Câmara,AM,2026-05-25 01:16:38
FLOW-0000001264,POL-00000466,CLM-00000363,CLAIM_PAYMENT,BANK_TRANSFER,CANCELLED,2025-07-05,2025-07-05,1350.21,1350.21,BRL,521.690.873-03,Campos,Vieira dos Dourados,AP,2026-05-25 01:16:38
FLOW-0000001265,POL-00000003,CLM-00000260,REINSURANCE,BANK_TRANSFER,PENDING,2024-11-15,2024-11-20,24181.89,24181.89,BRL,815.420.397-97,Câmara e Filhos,Fogaça,PR,2026-05-25 01:16:38
FLOW-0000001266,POL-00000068,CLM-00000992,REFUND,BANK_TRANSFER,FAILED,2025-06-11,2025-06-15,9554.4,0.0,BRL,134.780.629-69,Cardoso,Mendonça,CE,2026-05-25 01:16:38
FLOW-0000001267,POL-00000258,CLM-00000505,COMMISSION,CREDIT_CARD,PROCESSED,2025-04-07,2025-04-07,14533.15,14533.15,BRL,354.729.180-14,Montenegro Ltda.,da Cruz,TO,2026-05-25 01:16:38
FLOW-0000001268,POL-00000073,CLM-00000267,COMMISSION,PIX,CANCELLED,2026-03-01,2026-03-04,3341.39,3341.39,BRL,460.917.382-40,Alves,Siqueira,PE,2026-05-25 01:16:38
FLOW-0000001269,POL-00000447,CLM-00000997,CLAIM_PAYMENT,CREDIT_CARD,CANCELLED,2024-09-19,2024-09-21,1151.85,1151.85,BRL,380.456.192-60,Vasconcelos,Fonseca,AL,2026-05-25 01:16:38
FLOW-0000001270,POL-00000463,CLM-00000898,REFUND,CREDIT_CARD,FAILED,2025-02-07,2025-02-12,9046.78,0.0,BRL,537.648.012-71,Oliveira - ME,Souza,RN,2026-05-25 01:16:38
FLOW-0000001271,POL-00000224,CLM-00000915,COMMISSION,BANK_SLIP,FAILED,2025-08-03,2025-08-07,20748.25,0.0,BRL,670.452.398-74,Garcia Ltda.,Gonçalves da Praia,AL,2026-05-25 01:16:38
FLOW-0000001272,POL-00000285,CLM-00000874,REFUND,DEBIT,PROCESSED,2025-01-03,2025-01-05,18434.89,18434.89,BRL,645.321.978-64,Siqueira Lopes - ME,da Paz,DF,2026-05-25 01:16:38
FLOW-0000001273,POL-00000094,CLM-00000037,PREMIUM_PAYMENT,DEBIT,PROCESSED,2025-05-22,2025-05-22,4763.55,4763.55,BRL,975.810.234-60,Gonçalves - ME,Moraes,PE,2026-05-25 01:16:38
FLOW-0000001274,POL-00000060,CLM-00000917,REFUND,DEBIT,CANCELLED,2025-02-02,2025-02-04,4130.7,4130.7,BRL,905.238.476-29,Azevedo,Machado,MS,2026-05-25 01:16:38
FLOW-0000001275,POL-00000235,CLM-00000505,CANCELLATION,PIX,CANCELLED,2025-06-06,2025-06-06,11065.92,11065.92,BRL,679.321.845-09,da Conceição - ME,Castro,RO,2026-05-25 01:16:38
FLOW-0000001276,POL-00000048,CLM-00000209,PREMIUM_PAYMENT,CREDIT_CARD,FAILED,2024-10-10,2024-10-15,21678.64,0.0,BRL,723.165.490-80,Duarte,Castro Grande,DF,2026-05-25 01:16:38
FLOW-0000001277,POL-00000289,CLM-00000913,CANCELLATION,BANK_TRANSFER,FAILED,2026-01-22,2026-01-23,20882.09,0.0,BRL,538.792.014-04,Cavalcanti Ltda.,da Cunha,RJ,2026-05-25 01:16:38
FLOW-0000001278,POL-00000214,CLM-00000943,PREMIUM_PAYMENT,PIX,PROCESSED,2026-04-10,2026-04-11,14609.51,14609.51,BRL,087.169.432-87,Sousa S.A.,Barbosa Alegre,PE,2026-05-25 01:16:38
FLOW-0000001279,POL-00000455,CLM-00000337,CANCELLATION,PIX,PENDING,2025-10-10,2025-10-11,19217.92,19217.92,BRL,164.925.837-28,Souza,Moura do Amparo,MA,2026-05-25 01:16:38
FLOW-0000001280,POL-00000202,CLM-00000383,CANCELLATION,BANK_TRANSFER,PENDING,2024-08-23,2024-08-25,17048.74,17048.74,BRL,485.230.961-24,Vargas,Peixoto do Campo,RO,2026-05-25 01:16:38
FLOW-0000001281,POL-00000042,CLM-00000472,CLAIM_PAYMENT,DEBIT,PENDING,2024-11-14,2024-11-14,20932.58,20932.58,BRL,536.947.128-28,Pacheco,Machado de Fonseca,CE,2026-05-25 01:16:38
FLOW-0000001282,POL-00000169,CLM-00000994,COMMISSION,PIX,PENDING,2026-04-20,2026-04-23,15727.5,15727.5,BRL,734.058.619-93,Brito,Machado,RO,2026-05-25 01:16:38
FLOW-0000001283,POL-00000486,CLM-00000750,REFUND,BANK_TRANSFER,FAILED,2025-05-21,2025-05-26,15578.0,0.0,BRL,875.392.416-91,Nunes,Pacheco,SP,2026-05-25 01:16:38
FLOW-0000001284,POL-00000166,CLM-00000818,PREMIUM_PAYMENT,PIX,FAILED,2026-02-17,2026-02-18,5323.6,0.0,BRL,172.396.508-12,Brito da Luz Ltda.,Nascimento das Flores,ES,2026-05-25 01:16:38
FLOW-0000001285,POL-00000048,CLM-00000409,REINSURANCE,CREDIT_CARD,CANCELLED,2025-01-01,2025-01-06,1814.57,1814.57,BRL,650.342.971-16,das Neves - EI,Rezende de Peixoto,PR,2026-05-25 01:16:38
FLOW-0000001286,POL-00000011,CLM-00000873,REFUND,BANK_SLIP,PENDING,2025-03-20,2025-03-21,6040.0,6040.0,BRL,806.143.759-75,Andrade Pereira Ltda.,Pires do Norte,CE,2026-05-25 01:16:38
FLOW-0000001287,POL-00000332,CLM-00000771,REFUND,BANK_SLIP,FAILED,2026-03-12,2026-03-13,9743.15,0.0,BRL,296.537.140-07,Martins - EI,Almeida do Galho,RR,2026-05-25 01:16:38
FLOW-0000001288,POL-00000463,CLM-00000702,REFUND,BANK_TRANSFER,FAILED,2024-10-24,2024-10-24,7498.74,0.0,BRL,436.725.190-06,Fernandes Brito - ME,Sousa,BA,2026-05-25 01:16:38
FLOW-0000001289,POL-00000263,CLM-00000205,PREMIUM_PAYMENT,DEBIT,FAILED,2025-04-29,2025-04-30,9008.15,0.0,BRL,295.370.618-68,Ferreira,Pinto,PA,2026-05-25 01:16:38
FLOW-0000001290,POL-00000289,CLM-00000615,REFUND,DEBIT,FAILED,2026-05-08,2026-05-11,22141.06,0.0,BRL,961.528.430-06,Mendes Alves e Filhos,Marques,PR,2026-05-25 01:16:38
FLOW-0000001291,POL-00000223,CLM-00000646,COMMISSION,DEBIT,PROCESSED,2025-02-19,2025-02-19,18924.44,18924.44,BRL,178.062.934-69,Lima,Macedo,RJ,2026-05-25 01:16:38
FLOW-0000001292,POL-00000347,CLM-00000230,COMMISSION,BANK_SLIP,CANCELLED,2026-02-14,2026-02-14,1058.93,1058.93,BRL,894.152.360-51,Mendes,Cavalcanti de Nogueira,PR,2026-05-25 01:16:38
FLOW-0000001293,POL-00000149,CLM-00000480,CANCELLATION,DEBIT,PENDING,2025-01-16,2025-01-19,13205.6,13205.6,BRL,609.482.713-96,Gomes S.A.,Peixoto,AP,2026-05-25 01:16:38
FLOW-0000001294,POL-00000077,CLM-00000131,REFUND,CREDIT_CARD,FAILED,2025-06-21,2025-06-21,22684.83,0.0,BRL,317.608.495-10,Souza S.A.,Vasconcelos,RJ,2026-05-25 01:16:38
FLOW-0000001295,POL-00000283,CLM-00000079,COMMISSION,PIX,PENDING,2024-11-03,2024-11-04,13101.15,13101.15,BRL,387.016.925-77,da Costa,Rodrigues,TO,2026-05-25 01:16:38
FLOW-0000001296,POL-00000049,CLM-00000476,REFUND,BANK_TRANSFER,CANCELLED,2025-02-14,2025-02-18,2735.42,2735.42,BRL,290.576.814-20,Pires S/A,Jesus Paulista,SE,2026-05-25 01:16:38
FLOW-0000001297,POL-00000394,CLM-00000516,REINSURANCE,PIX,PENDING,2025-09-20,2025-09-22,8918.67,8918.67,BRL,286.591.304-05,Albuquerque,Machado,SE,2026-05-25 01:16:38
FLOW-0000001298,POL-00000403,CLM-00000187,REFUND,DEBIT,PROCESSED,2026-01-18,2026-01-18,18525.88,18525.88,BRL,085.436.192-89,Sales Sales Ltda.,da Paz,PR,2026-05-25 01:16:38
FLOW-0000001299,POL-00000161,CLM-00000602,CANCELLATION,DEBIT,FAILED,2026-01-14,2026-01-14,2128.1,0.0,BRL,356.472.908-92,Silva Moraes S.A.,Guerra,MG,2026-05-25 01:16:38
FLOW-0000001300,POL-00000495,CLM-00000941,COMMISSION,BANK_SLIP,FAILED,2024-09-02,2024-09-07,11276.2,0.0,BRL,861.207.934-96,Sousa Fogaça Ltda.,Nascimento,AP,2026-05-25 01:16:38
FLOW-0000001301,POL-00000447,CLM-00000690,CANCELLATION,PIX,FAILED,2025-07-22,2025-07-23,4667.93,0.0,BRL,195.073.684-93,Oliveira,Rios,SP,2026-05-25 01:16:38
FLOW-0000001302,POL-00000060,CLM-00000014,PREMIUM_PAYMENT,BANK_SLIP,CANCELLED,2025-01-15,2025-01-18,13382.68,13382.68,BRL,614.735.892-82,Mendes - EI,da Mota,AC,2026-05-25 01:16:38
FLOW-0000001303,POL-00000445,CLM-00000674,CANCELLATION,BANK_TRANSFER,CANCELLED,2024-12-20,2024-12-25,11954.14,11954.14,BRL,458.039.276-00,Moraes,Aparecida,AP,2026-05-25 01:16:38
FLOW-0000001304,POL-00000354,CLM-00000690,REINSURANCE,DEBIT,FAILED,2025-10-27,2025-11-01,12193.73,0.0,BRL,032.847.169-04,Silva,Campos dos Dourados,GO,2026-05-25 01:16:38
FLOW-0000001305,POL-00000098,CLM-00000115,CLAIM_PAYMENT,PIX,PENDING,2026-04-14,2026-04-16,2236.5,2236.5,BRL,325.790.184-41,Marques,Montenegro de Minas,TO,2026-05-25 01:16:38
FLOW-0000001306,POL-00000247,CLM-00000665,PREMIUM_PAYMENT,BANK_SLIP,PROCESSED,2025-07-13,2025-07-18,24264.48,24264.48,BRL,518.749.230-60,Cavalcanti Pires S.A.,Alves de Duarte,SE,2026-05-25 01:16:38
FLOW-0000001307,POL-00000045,CLM-00000309,CANCELLATION,DEBIT,PROCESSED,2026-02-11,2026-02-16,6082.42,6082.42,BRL,381.270.469-22,Macedo S.A.,da Luz,PE,2026-05-25 01:16:38
FLOW-0000001308,POL-00000086,CLM-00000925,PREMIUM_PAYMENT,BANK_SLIP,PENDING,2026-04-28,2026-04-29,11876.03,11876.03,BRL,312.759.408-97,Cavalcante,Jesus,RS,2026-05-25 01:16:38
FLOW-0000001309,POL-00000011,CLM-00000881,REFUND,DEBIT,CANCELLED,2025-03-20,2025-03-25,17579.82,17579.82,BRL,029.183.467-13,Cavalcante,Pinto,PB,2026-05-25 01:16:38
FLOW-0000001310,POL-00000027,CLM-00000342,COMMISSION,PIX,CANCELLED,2025-03-18,2025-03-22,6103.61,6103.61,BRL,692.413.850-06,Macedo,Pimenta,AC,2026-05-25 01:16:38
FLOW-0000001311,POL-00000213,CLM-00000869,CANCELLATION,DEBIT,CANCELLED,2025-05-10,2025-05-10,15778.73,15778.73,BRL,153.490.876-57,da Rocha Novais - EI,Aparecida,CE,2026-05-25 01:16:38
FLOW-0000001312,POL-00000019,CLM-00000500,CANCELLATION,DEBIT,FAILED,2024-11-26,2024-12-01,14487.6,0.0,BRL,645.137.809-75,Guerra Ltda.,Freitas Verde,RS,2026-05-25 01:16:38
FLOW-0000001313,POL-00000119,CLM-00000732,CANCELLATION,PIX,CANCELLED,2024-10-07,2024-10-10,12858.23,12858.23,BRL,078.132.594-32,Sá,Nunes,MS,2026-05-25 01:16:38
FLOW-0000001314,POL-00000284,CLM-00000066,REINSURANCE,CREDIT_CARD,FAILED,2024-09-08,2024-09-12,524.54,0.0,BRL,296.304.517-43,Pimenta Pires - ME,Rezende,PI,2026-05-25 01:16:38
FLOW-0000001315,POL-00000254,CLM-00000638,REFUND,CREDIT_CARD,PENDING,2025-07-31,2025-08-05,10457.58,10457.58,BRL,876.024.351-17,da Cruz e Filhos,Montenegro da Mata,AP,2026-05-25 01:16:38
FLOW-0000001316,POL-00000148,CLM-00000744,PREMIUM_PAYMENT,BANK_SLIP,PROCESSED,2025-10-28,2025-10-31,17452.99,17452.99,BRL,143.268.790-50,Borges Costa - ME,Vasconcelos,SC,2026-05-25 01:16:38
FLOW-0000001317,POL-00000301,CLM-00000931,CLAIM_PAYMENT,CREDIT_CARD,PROCESSED,2026-02-10,2026-02-13,8628.99,8628.99,BRL,046.753.192-70,Silveira - ME,Borges,CE,2026-05-25 01:16:38
FLOW-0000001318,POL-00000068,CLM-00000905,CANCELLATION,CREDIT_CARD,CANCELLED,2025-10-30,2025-11-03,21343.67,21343.67,BRL,963.075.182-86,Rezende Fernandes Ltda.,da Mota,MG,2026-05-25 01:16:38
FLOW-0000001319,POL-00000408,CLM-00000484,REFUND,BANK_SLIP,FAILED,2025-10-17,2025-10-22,17799.06,0.0,BRL,471.265.930-07,Sampaio Ribeiro - EI,Porto,ES,2026-05-25 01:16:38
FLOW-0000001320,POL-00000342,CLM-00000495,CANCELLATION,BANK_SLIP,PENDING,2025-10-27,2025-10-31,5219.85,5219.85,BRL,364.928.071-03,Mendes e Filhos,Correia,PI,2026-05-25 01:16:38
FLOW-0000001321,POL-00000052,CLM-00000813,REINSURANCE,DEBIT,CANCELLED,2026-01-09,2026-01-10,5027.13,5027.13,BRL,672.439.805-38,Farias - EI,Cassiano do Amparo,SP,2026-05-25 01:16:38
FLOW-0000001322,POL-00000010,CLM-00000368,CLAIM_PAYMENT,CREDIT_CARD,PENDING,2026-02-28,2026-03-03,7626.11,7626.11,BRL,327.649.581-37,Cardoso,Alves da Praia,BA,2026-05-25 01:16:38
FLOW-0000001323,POL-00000414,CLM-00000066,CLAIM_PAYMENT,CREDIT_CARD,PENDING,2026-01-18,2026-01-20,16939.35,16939.35,BRL,298.017.564-11,da Mata Fernandes - ME,da Cruz,PR,2026-05-25 01:16:38
FLOW-0000001324,POL-00000288,CLM-00000230,CLAIM_PAYMENT,DEBIT,PENDING,2024-09-04,2024-09-07,2893.53,2893.53,BRL,956.180.372-03,Cavalcante Novaes - EI,Garcia do Norte,GO,2026-05-25 01:16:38
FLOW-0000001325,POL-00000395,CLM-00000899,COMMISSION,BANK_TRANSFER,PENDING,2026-03-13,2026-03-15,24841.89,24841.89,BRL,598.403.217-14,Pacheco Sampaio S.A.,Ferreira do Oeste,PB,2026-05-25 01:16:38
FLOW-0000001326,POL-00000362,CLM-00000052,CANCELLATION,DEBIT,PENDING,2024-06-20,2024-06-22,22413.13,22413.13,BRL,492.536.180-51,Costela,Ferreira,ES,2026-05-25 01:16:38
FLOW-0000001327,POL-00000401,CLM-00000626,PREMIUM_PAYMENT,BANK_TRANSFER,PENDING,2026-02-28,2026-03-03,24068.05,24068.05,BRL,715.208.694-01,Pimenta S.A.,Alves de Ramos,SC,2026-05-25 01:16:38
FLOW-0000001328,POL-00000086,CLM-00000646,PREMIUM_PAYMENT,PIX,PENDING,2025-07-15,2025-07-15,20599.08,20599.08,BRL,801.295.467-20,da Paz,Carvalho Alegre,PE,2026-05-25 01:16:38
FLOW-0000001329,POL-00000363,CLM-00000453,CLAIM_PAYMENT,BANK_TRANSFER,FAILED,2025-12-12,2025-12-13,22779.09,0.0,BRL,489.016.237-22,Moura,Rodrigues de Cassiano,MA,2026-05-25 01:16:38
FLOW-0000001330,POL-00000332,CLM-00000373,PREMIUM_PAYMENT,CREDIT_CARD,PROCESSED,2025-04-02,2025-04-05,18327.17,18327.17,BRL,241.059.738-60,Leão - ME,Marques do Galho,PE,2026-05-25 01:16:38
FLOW-0000001331,POL-00000497,CLM-00000426,CLAIM_PAYMENT,PIX,CANCELLED,2024-08-07,2024-08-08,3118.44,3118.44,BRL,432.601.978-69,Montenegro S.A.,Carvalho,AC,2026-05-25 01:16:38
FLOW-0000001332,POL-00000147,CLM-00000518,REFUND,BANK_SLIP,FAILED,2025-06-10,2025-06-11,20878.59,0.0,BRL,628.430.159-60,Mendonça,Pastor das Pedras,SP,2026-05-25 01:16:38
FLOW-0000001333,POL-00000185,CLM-00000645,CANCELLATION,BANK_SLIP,CANCELLED,2026-05-23,2026-05-23,6687.09,6687.09,BRL,258.097.436-92,Silveira,Rios de Fernandes,PA,2026-05-25 01:16:38
FLOW-0000001334,POL-00000404,CLM-00000234,REINSURANCE,BANK_SLIP,CANCELLED,2024-12-25,2024-12-26,18842.5,18842.5,BRL,170.583.426-44,das Neves S/A,Vargas da Praia,AM,2026-05-25 01:16:38
FLOW-0000001335,POL-00000488,CLM-00000873,REFUND,BANK_TRANSFER,CANCELLED,2024-11-01,2024-11-04,10364.56,10364.56,BRL,927.136.480-50,Correia Campos S/A,Lima de da Paz,SC,2026-05-25 01:16:38
FLOW-0000001336,POL-00000075,CLM-00000789,PREMIUM_PAYMENT,PIX,CANCELLED,2025-05-20,2025-05-25,9076.27,9076.27,BRL,405.263.917-07,da Paz,Mendonça do Galho,PR,2026-05-25 01:16:38
FLOW-0000001337,POL-00000174,CLM-00000323,PREMIUM_PAYMENT,DEBIT,PENDING,2025-05-16,2025-05-21,20165.86,20165.86,BRL,853.296.014-60,Brito Vieira e Filhos,Montenegro,SC,2026-05-25 01:16:38
FLOW-0000001338,POL-00000339,CLM-00000945,REFUND,BANK_SLIP,PENDING,2025-10-30,2025-10-31,10880.1,10880.1,BRL,295.370.146-06,Machado S/A,Pereira do Oeste,RN,2026-05-25 01:16:38
FLOW-0000001339,POL-00000215,CLM-00000412,CANCELLATION,BANK_TRANSFER,FAILED,2025-02-03,2025-02-07,1492.36,0.0,BRL,395.472.186-46,Martins e Filhos,da Paz de Pimenta,MT,2026-05-25 01:16:38
FLOW-0000001340,POL-00000005,CLM-00000847,COMMISSION,CREDIT_CARD,FAILED,2024-09-22,2024-09-24,18052.7,0.0,BRL,617.290.853-77,Rodrigues,Siqueira,MG,2026-05-25 01:16:38
FLOW-0000001341,POL-00000229,CLM-00000660,CLAIM_PAYMENT,BANK_SLIP,CANCELLED,2024-11-10,2024-11-14,15279.51,15279.51,BRL,430.198.675-84,Sá Mendonça - EI,da Rocha,AM,2026-05-25 01:16:38
FLOW-0000001342,POL-00000358,CLM-00000354,REINSURANCE,DEBIT,CANCELLED,2026-01-15,2026-01-19,15627.77,15627.77,BRL,537.082.691-95,Alves Pastor S/A,Machado,MT,2026-05-25 01:16:38
FLOW-0000001343,POL-00000276,CLM-00000343,PREMIUM_PAYMENT,DEBIT,PENDING,2025-07-31,2025-08-01,22030.32,22030.32,BRL,581.304.627-53,Carvalho,Cunha dos Dourados,AM,2026-05-25 01:16:38
FLOW-0000001344,POL-00000110,CLM-00000096,CLAIM_PAYMENT,BANK_TRANSFER,FAILED,2025-05-18,2025-05-23,17986.07,0.0,BRL,861.390.574-93,Pacheco,Duarte de Minas,MA,2026-05-25 01:16:38
FLOW-0000001345,POL-00000012,CLM-00000029,COMMISSION,BANK_TRANSFER,PROCESSED,2026-01-26,2026-01-30,7840.7,7840.7,BRL,348.921.506-06,Fernandes,Alves,AC,2026-05-25 01:16:38
FLOW-0000001346,POL-00000259,CLM-00000114,COMMISSION,PIX,CANCELLED,2025-12-26,2025-12-30,6504.32,6504.32,BRL,659.843.201-42,Leão,Leão da Mata,AM,2026-05-25 01:16:38
FLOW-0000001347,POL-00000064,CLM-00000049,REINSURANCE,PIX,FAILED,2025-01-19,2025-01-21,6530.92,0.0,BRL,950.724.638-00,Camargo Campos S.A.,Azevedo,BA,2026-05-25 01:16:38
FLOW-0000001348,POL-00000233,CLM-00000348,CANCELLATION,BANK_SLIP,PENDING,2024-08-21,2024-08-24,7484.13,7484.13,BRL,279.643.158-46,Cavalcanti - EI,Peixoto da Mata,MA,2026-05-25 01:16:38
FLOW-0000001349,POL-00000180,CLM-00000307,REINSURANCE,CREDIT_CARD,PROCESSED,2024-11-20,2024-11-25,24725.55,24725.55,BRL,473.018.265-08,Ferreira Costa S.A.,Fernandes,MS,2026-05-25 01:16:38
FLOW-0000001350,POL-00000366,CLM-00000387,CANCELLATION,BANK_TRANSFER,PROCESSED,2025-05-18,2025-05-23,19630.49,19630.49,BRL,508.912.364-06,Vieira Alves S/A,Fogaça da Serra,SE,2026-05-25 01:16:38
FLOW-0000001351,POL-00000422,CLM-00000798,COMMISSION,CREDIT_CARD,PROCESSED,2026-01-04,2026-01-09,6228.45,6228.45,BRL,427.051.938-04,Sá,Rios,AC,2026-05-25 01:16:38
FLOW-0000001352,POL-00000425,CLM-00000422,CANCELLATION,PIX,CANCELLED,2025-02-13,2025-02-16,2494.8,2494.8,BRL,186.724.503-53,Moura S/A,Rezende,SC,2026-05-25 01:16:38
FLOW-0000001353,POL-00000110,CLM-00000457,CLAIM_PAYMENT,PIX,CANCELLED,2026-02-28,2026-02-28,1601.73,1601.73,BRL,017.386.942-40,Pimenta Nunes - EI,Borges de Câmara,PB,2026-05-25 01:16:38
FLOW-0000001354,POL-00000447,CLM-00000271,REFUND,BANK_TRANSFER,CANCELLED,2025-02-05,2025-02-07,16936.72,16936.72,BRL,072.964.513-43,Sales - ME,Sousa,MS,2026-05-25 01:16:38
FLOW-0000001355,POL-00000375,CLM-00000997,REFUND,DEBIT,CANCELLED,2025-11-17,2025-11-20,15929.71,15929.71,BRL,082.546.913-98,Rocha Câmara - ME,Pastor Paulista,RO,2026-05-25 01:16:38
FLOW-0000001356,POL-00000365,CLM-00000469,CLAIM_PAYMENT,BANK_SLIP,CANCELLED,2024-09-05,2024-09-06,3651.44,3651.44,BRL,857.932.160-30,da Rocha,Pastor,PI,2026-05-25 01:16:38
FLOW-0000001357,POL-00000356,CLM-00000218,REINSURANCE,DEBIT,PENDING,2026-03-27,2026-04-01,12853.98,12853.98,BRL,916.027.458-11,Câmara,Cavalcante do Norte,MT,2026-05-25 01:16:38
FLOW-0000001358,POL-00000472,CLM-00000975,CLAIM_PAYMENT,PIX,FAILED,2026-02-15,2026-02-18,863.55,0.0,BRL,376.041.285-80,Ramos Lima S/A,Carvalho,RO,2026-05-25 01:16:38
FLOW-0000001359,POL-00000190,CLM-00000586,PREMIUM_PAYMENT,CREDIT_CARD,PENDING,2025-08-24,2025-08-28,21315.33,21315.33,BRL,795.103.642-07,Lima,Aparecida,AL,2026-05-25 01:16:38
FLOW-0000001360,POL-00000157,CLM-00000384,PREMIUM_PAYMENT,CREDIT_CARD,FAILED,2025-04-19,2025-04-19,13093.3,0.0,BRL,473.682.019-50,Moraes,Vieira,SE,2026-05-25 01:16:38
FLOW-0000001361,POL-00000402,CLM-00000604,CLAIM_PAYMENT,DEBIT,PROCESSED,2025-04-04,2025-04-06,12173.84,12173.84,BRL,753.098.462-47,Cavalcante,Cavalcante Grande,RO,2026-05-25 01:16:38
FLOW-0000001362,POL-00000111,CLM-00000188,COMMISSION,DEBIT,FAILED,2025-01-30,2025-01-30,23423.68,0.0,BRL,649.508.237-10,Santos Castro Ltda.,Teixeira,RJ,2026-05-25 01:16:38
FLOW-0000001363,POL-00000446,CLM-00000046,COMMISSION,DEBIT,PENDING,2024-07-02,2024-07-02,3102.08,3102.08,BRL,685.410.937-00,Freitas Gomes Ltda.,Aragão,SC,2026-05-25 01:16:38
FLOW-0000001364,POL-00000461,CLM-00000346,REINSURANCE,DEBIT,CANCELLED,2025-11-05,2025-11-08,14347.82,14347.82,BRL,794.283.156-64,Peixoto,Vargas,AP,2026-05-25 01:16:38
FLOW-0000001365,POL-00000391,CLM-00000142,REINSURANCE,BANK_TRANSFER,PROCESSED,2025-09-09,2025-09-12,20869.78,20869.78,BRL,958.647.210-85,da Paz,Silva da Mata,DF,2026-05-25 01:16:38
FLOW-0000001366,POL-00000077,CLM-00000888,REFUND,CREDIT_CARD,CANCELLED,2025-08-30,2025-09-04,11550.36,11550.36,BRL,402.519.876-20,da Cunha,da Rosa,AP,2026-05-25 01:16:38
FLOW-0000001367,POL-00000199,CLM-00000239,CANCELLATION,DEBIT,CANCELLED,2025-11-22,2025-11-22,20005.3,20005.3,BRL,215.498.603-05,da Mata,da Cunha das Pedras,RS,2026-05-25 01:16:38
FLOW-0000001368,POL-00000377,CLM-00000285,CANCELLATION,PIX,CANCELLED,2025-05-28,2025-05-30,13547.81,13547.81,BRL,328.504.169-24,Novaes,Farias do Sul,PE,2026-05-25 01:16:38
FLOW-0000001369,POL-00000288,CLM-00000661,REINSURANCE,PIX,FAILED,2025-08-08,2025-08-09,17694.86,0.0,BRL,564.029.837-56,das Neves,Brito de Siqueira,RJ,2026-05-25 01:16:38
FLOW-0000001370,POL-00000491,CLM-00000584,CLAIM_PAYMENT,BANK_TRANSFER,PENDING,2026-05-13,2026-05-18,14005.85,14005.85,BRL,659.172.804-01,das Neves Ltda.,Ferreira do Campo,RJ,2026-05-25 01:16:38
FLOW-0000001371,POL-00000062,CLM-00000675,REINSURANCE,BANK_TRANSFER,PENDING,2024-06-07,2024-06-08,18776.44,18776.44,BRL,045.938.712-04,Lima,Pires,GO,2026-05-25 01:16:38
FLOW-0000001372,POL-00000126,CLM-00000850,COMMISSION,BANK_TRANSFER,PROCESSED,2026-04-08,2026-04-09,24061.3,24061.3,BRL,610.782.493-69,Silva,Novaes Alegre,RJ,2026-05-25 01:16:38
FLOW-0000001373,POL-00000206,CLM-00000604,REINSURANCE,PIX,FAILED,2025-02-18,2025-02-21,2161.97,0.0,BRL,097.124.683-13,Leão,Gomes,GO,2026-05-25 01:16:38
FLOW-0000001374,POL-00000224,CLM-00000185,PREMIUM_PAYMENT,DEBIT,FAILED,2024-12-23,2024-12-26,21556.26,0.0,BRL,687.054.219-85,Siqueira - EI,Fonseca das Flores,RS,2026-05-25 01:16:38
FLOW-0000001375,POL-00000132,CLM-00000094,COMMISSION,PIX,CANCELLED,2024-11-06,2024-11-06,21498.23,21498.23,BRL,865.291.703-59,Carvalho,Carvalho,PE,2026-05-25 01:16:38
FLOW-0000001376,POL-00000094,CLM-00000262,COMMISSION,PIX,PROCESSED,2025-05-08,2025-05-08,13567.39,13567.39,BRL,617.259.034-07,Vieira,Costela,SE,2026-05-25 01:16:38
FLOW-0000001377,POL-00000031,CLM-00000630,REFUND,CREDIT_CARD,PROCESSED,2024-10-25,2024-10-26,7704.52,7704.52,BRL,468.297.350-92,Fogaça,Fonseca,RJ,2026-05-25 01:16:38
FLOW-0000001378,POL-00000200,CLM-00000102,PREMIUM_PAYMENT,CREDIT_CARD,FAILED,2024-11-26,2024-11-27,727.92,0.0,BRL,108.942.736-04,Moura,Pastor,PR,2026-05-25 01:16:38
FLOW-0000001379,POL-00000193,CLM-00000965,COMMISSION,PIX,FAILED,2024-08-01,2024-08-02,10349.93,0.0,BRL,792.584.613-55,Brito Mendonça - EI,Cunha,PE,2026-05-25 01:16:38
FLOW-0000001380,POL-00000253,CLM-00000521,REINSURANCE,BANK_TRANSFER,PROCESSED,2026-02-19,2026-02-19,5103.86,5103.86,BRL,079.548.162-49,Casa Grande Gomes e Filhos,Silveira de Minas,RS,2026-05-25 01:16:38
FLOW-0000001381,POL-00000163,CLM-00000476,COMMISSION,BANK_TRANSFER,PENDING,2024-08-14,2024-08-17,23736.46,23736.46,BRL,173.629.058-40,da Rosa Costa e Filhos,Mendes,MA,2026-05-25 01:16:38
FLOW-0000001382,POL-00000325,CLM-00000240,PREMIUM_PAYMENT,PIX,CANCELLED,2025-02-04,2025-02-07,1683.18,1683.18,BRL,518.432.670-71,Albuquerque S.A.,Campos,PR,2026-05-25 01:16:38
FLOW-0000001383,POL-00000127,CLM-00000782,REINSURANCE,BANK_TRANSFER,PENDING,2026-02-24,2026-02-26,13874.18,13874.18,BRL,386.510.427-44,Carvalho,Lopes,MT,2026-05-25 01:16:38
FLOW-0000001384,POL-00000229,CLM-00000086,COMMISSION,BANK_TRANSFER,CANCELLED,2024-11-21,2024-11-26,19641.09,19641.09,BRL,815.607.923-02,Azevedo,Câmara,SP,2026-05-25 01:16:38
FLOW-0000001385,POL-00000277,CLM-00000173,CLAIM_PAYMENT,BANK_SLIP,FAILED,2024-10-05,2024-10-06,19582.9,0.0,BRL,910.285.437-60,Jesus Vasconcelos Ltda.,Araújo,BA,2026-05-25 01:16:38
FLOW-0000001386,POL-00000022,CLM-00000002,REINSURANCE,DEBIT,CANCELLED,2025-05-06,2025-05-10,23817.69,23817.69,BRL,839.017.246-13,Vargas Campos - ME,Marques,TO,2026-05-25 01:16:38
FLOW-0000001387,POL-00000031,CLM-00000956,CLAIM_PAYMENT,DEBIT,PENDING,2025-02-05,2025-02-09,7266.77,7266.77,BRL,870.543.296-00,Nogueira - EI,Melo de da Paz,PA,2026-05-25 01:16:38
FLOW-0000001388,POL-00000180,CLM-00000863,CANCELLATION,BANK_SLIP,CANCELLED,2024-06-11,2024-06-13,14966.8,14966.8,BRL,760.594.328-83,Camargo,da Luz,PA,2026-05-25 01:16:38
FLOW-0000001389,POL-00000083,CLM-00000757,COMMISSION,BANK_TRANSFER,PENDING,2025-11-14,2025-11-18,21025.07,21025.07,BRL,890.352.416-06,Borges,Casa Grande,CE,2026-05-25 01:16:38
FLOW-0000001390,POL-00000358,CLM-00000126,PREMIUM_PAYMENT,BANK_SLIP,CANCELLED,2025-11-14,2025-11-18,1794.88,1794.88,BRL,837.109.562-77,Guerra Ltda.,Mendes,SC,2026-05-25 01:16:38
FLOW-0000001391,POL-00000108,CLM-00000626,COMMISSION,BANK_TRANSFER,CANCELLED,2024-10-25,2024-10-30,13934.15,13934.15,BRL,041.795.832-32,Barbosa,Sousa,RN,2026-05-25 01:16:38
FLOW-0000001392,POL-00000386,CLM-00000725,COMMISSION,DEBIT,FAILED,2026-04-17,2026-04-19,22104.09,0.0,BRL,035.817.246-26,Cassiano,Martins,AP,2026-05-25 01:16:38
FLOW-0000001393,POL-00000108,CLM-00000471,COMMISSION,BANK_TRANSFER,FAILED,2025-08-05,2025-08-07,6185.91,0.0,BRL,263.854.791-37,Pinto S/A,Nunes do Campo,RS,2026-05-25 01:16:38
FLOW-0000001394,POL-00000331,CLM-00000945,CANCELLATION,PIX,PROCESSED,2025-06-20,2025-06-22,446.07,446.07,BRL,701.945.628-67,Garcia Andrade - EI,Correia,PR,2026-05-25 01:16:38
FLOW-0000001395,POL-00000212,CLM-00000570,PREMIUM_PAYMENT,DEBIT,PROCESSED,2024-11-28,2024-12-02,11939.4,11939.4,BRL,304.978.512-88,da Rosa Ltda.,Sampaio,MA,2026-05-25 01:16:38
FLOW-0000001396,POL-00000276,CLM-00000032,CANCELLATION,DEBIT,PENDING,2025-04-16,2025-04-19,13476.38,13476.38,BRL,376.125.490-34,Montenegro,Rios,ES,2026-05-25 01:16:38
FLOW-0000001397,POL-00000199,CLM-00000182,REFUND,PIX,FAILED,2024-10-21,2024-10-26,3129.22,0.0,BRL,694.251.370-99,da Cruz,Santos,RN,2026-05-25 01:16:38
FLOW-0000001398,POL-00000005,CLM-00000227,CLAIM_PAYMENT,PIX,CANCELLED,2025-01-16,2025-01-16,11594.18,11594.18,BRL,780.453.916-93,Nascimento - ME,Pereira,PR,2026-05-25 01:16:38
FLOW-0000001399,POL-00000099,CLM-00000093,CANCELLATION,BANK_TRANSFER,FAILED,2024-09-14,2024-09-16,17029.83,0.0,BRL,491.865.073-20,Mendes,Fonseca,SC,2026-05-25 01:16:38
FLOW-0000001400,POL-00000120,CLM-00000506,CANCELLATION,CREDIT_CARD,PROCESSED,2024-11-06,2024-11-11,7614.3,7614.3,BRL,062.579.413-34,Mendes,Siqueira do Sul,RN,2026-05-25 01:16:38
FLOW-0000001401,POL-00000004,CLM-00000201,CANCELLATION,DEBIT,PROCESSED,2025-05-01,2025-05-01,7054.87,7054.87,BRL,138.526.079-30,da Luz,Abreu de da Mota,MG,2026-05-25 01:16:38
FLOW-0000001402,POL-00000088,CLM-00000566,REINSURANCE,BANK_SLIP,CANCELLED,2025-05-27,2025-05-27,21754.41,21754.41,BRL,908.764.235-00,Pacheco,Marques da Serra,MT,2026-05-25 01:16:38
FLOW-0000001403,POL-00000034,CLM-00000603,CANCELLATION,BANK_SLIP,PROCESSED,2025-12-03,2025-12-08,18483.43,18483.43,BRL,107.293.468-03,da Cruz,Camargo,CE,2026-05-25 01:16:38
FLOW-0000001404,POL-00000452,CLM-00000536,COMMISSION,CREDIT_CARD,PROCESSED,2025-11-26,2025-12-01,1672.98,1672.98,BRL,781.296.034-03,das Neves,da Rocha,SE,2026-05-25 01:16:38
FLOW-0000001405,POL-00000349,CLM-00000574,PREMIUM_PAYMENT,DEBIT,FAILED,2024-08-13,2024-08-14,21199.3,0.0,BRL,602.378.159-40,Cavalcante Porto S/A,Viana,ES,2026-05-25 01:16:38
FLOW-0000001406,POL-00000438,CLM-00000962,CANCELLATION,CREDIT_CARD,PENDING,2026-01-09,2026-01-09,23450.36,23450.36,BRL,703.215.846-35,da Paz,Câmara de Cardoso,AL,2026-05-25 01:16:38
FLOW-0000001407,POL-00000063,CLM-00000697,REFUND,BANK_TRANSFER,FAILED,2025-08-05,2025-08-08,21116.32,0.0,BRL,629.738.510-68,Costa,Silveira das Flores,TO,2026-05-25 01:16:38
FLOW-0000001408,POL-00000453,CLM-00000739,REINSURANCE,BANK_SLIP,PENDING,2025-03-11,2025-03-14,12414.59,12414.59,BRL,801.549.736-10,Mendonça,da Paz,SP,2026-05-25 01:16:38
FLOW-0000001409,POL-00000162,CLM-00000006,REFUND,DEBIT,CANCELLED,2026-02-07,2026-02-07,6984.43,6984.43,BRL,372.598.601-03,Guerra,Almeida,PI,2026-05-25 01:16:38
FLOW-0000001410,POL-00000378,CLM-00000232,REINSURANCE,DEBIT,PENDING,2025-01-17,2025-01-18,8400.91,8400.91,BRL,123.846.975-28,Moura,Garcia,AP,2026-05-25 01:16:38
FLOW-0000001411,POL-00000169,CLM-00000319,CLAIM_PAYMENT,PIX,PROCESSED,2025-08-01,2025-08-01,22929.03,22929.03,BRL,231.807.496-87,Aragão,Rios de Cirino,RS,2026-05-25 01:16:38
FLOW-0000001412,POL-00000222,CLM-00000828,PREMIUM_PAYMENT,PIX,CANCELLED,2024-06-28,2024-07-03,15651.1,15651.1,BRL,637.810.495-66,Silva Ltda.,Moura da Praia,AL,2026-05-25 01:16:38
FLOW-0000001413,POL-00000127,CLM-00000111,COMMISSION,DEBIT,FAILED,2025-09-20,2025-09-24,19940.66,0.0,BRL,167.948.350-10,Sampaio,Sá do Sul,PI,2026-05-25 01:16:38
FLOW-0000001414,POL-00000267,CLM-00000814,PREMIUM_PAYMENT,BANK_SLIP,FAILED,2025-04-08,2025-04-09,23972.13,0.0,BRL,638.504.271-53,Borges Porto Ltda.,Dias,PB,2026-05-25 01:16:38
FLOW-0000001415,POL-00000392,CLM-00000098,REINSURANCE,DEBIT,CANCELLED,2024-06-18,2024-06-18,19404.95,19404.95,BRL,358.479.206-10,Freitas,Mendes,MS,2026-05-25 01:16:38
FLOW-0000001416,POL-00000194,CLM-00000321,PREMIUM_PAYMENT,PIX,PENDING,2025-10-17,2025-10-21,3164.42,3164.42,BRL,925.703.841-60,Rezende,Moreira,PR,2026-05-25 01:16:38
FLOW-0000001417,POL-00000155,CLM-00000626,REFUND,DEBIT,PENDING,2024-07-16,2024-07-17,1596.96,1596.96,BRL,186.970.542-49,da Paz e Filhos,Azevedo,MG,2026-05-25 01:16:38
FLOW-0000001418,POL-00000151,CLM-00000871,PREMIUM_PAYMENT,DEBIT,PENDING,2025-07-22,2025-07-22,2590.6,2590.6,BRL,358.672.914-64,Câmara,Mendonça de Minas,GO,2026-05-25 01:16:38
FLOW-0000001419,POL-00000443,CLM-00000614,REFUND,BANK_TRANSFER,PROCESSED,2025-03-27,2025-03-30,2440.96,2440.96,BRL,063.298.147-40,Campos,Montenegro,CE,2026-05-25 01:16:38
FLOW-0000001420,POL-00000451,CLM-00000636,REFUND,BANK_TRANSFER,CANCELLED,2026-02-03,2026-02-03,11362.61,11362.61,BRL,269.138.705-40,Câmara,Vasconcelos Verde,MT,2026-05-25 01:16:38
FLOW-0000001421,POL-00000233,CLM-00000530,CANCELLATION,CREDIT_CARD,PENDING,2025-09-19,2025-09-19,8523.43,8523.43,BRL,769.415.308-39,da Rocha e Filhos,Pereira,SE,2026-05-25 01:16:38
FLOW-0000001422,POL-00000305,CLM-00000731,PREMIUM_PAYMENT,PIX,PENDING,2024-11-26,2024-11-30,4852.41,4852.41,BRL,076.419.285-01,Rocha,Guerra de Vargas,SC,2026-05-25 01:16:38
FLOW-0000001423,POL-00000327,CLM-00000522,CLAIM_PAYMENT,CREDIT_CARD,PROCESSED,2024-11-16,2024-11-20,19745.94,19745.94,BRL,582.369.104-15,Marques,Campos Paulista,CE,2026-05-25 01:16:38
FLOW-0000001424,POL-00000096,CLM-00000249,CANCELLATION,BANK_SLIP,CANCELLED,2025-07-19,2025-07-21,10554.12,10554.12,BRL,632.874.510-90,da Rocha,Pinto de Goiás,SC,2026-05-25 01:16:38
FLOW-0000001425,POL-00000263,CLM-00000983,COMMISSION,CREDIT_CARD,CANCELLED,2024-10-25,2024-10-25,1559.26,1559.26,BRL,692.107.583-40,Novais,Moraes de Novaes,RN,2026-05-25 01:16:38
FLOW-0000001426,POL-00000076,CLM-00000481,REINSURANCE,CREDIT_CARD,PROCESSED,2025-12-25,2025-12-27,14612.46,14612.46,BRL,247.906.185-01,Pinto Ltda.,Siqueira do Oeste,DF,2026-05-25 01:16:38
FLOW-0000001427,POL-00000266,CLM-00000601,COMMISSION,BANK_SLIP,PENDING,2024-11-03,2024-11-07,8605.36,8605.36,BRL,026.789.135-03,Sales,Barros do Norte,DF,2026-05-25 01:16:38
FLOW-0000001428,POL-00000217,CLM-00000353,REINSURANCE,BANK_SLIP,PENDING,2025-09-05,2025-09-05,5972.81,5972.81,BRL,324.867.510-17,Leão,Costela,PB,2026-05-25 01:16:38
FLOW-0000001429,POL-00000175,CLM-00000194,CLAIM_PAYMENT,DEBIT,PENDING,2025-09-18,2025-09-19,16031.84,16031.84,BRL,490.126.738-87,Cavalcanti,da Mota de Ribeiro,RR,2026-05-25 01:16:38
FLOW-0000001430,POL-00000437,CLM-00000593,REFUND,BANK_TRANSFER,FAILED,2024-07-02,2024-07-07,17311.43,0.0,BRL,975.413.268-28,Pimenta Melo S/A,Nunes,AP,2026-05-25 01:16:38
FLOW-0000001431,POL-00000084,CLM-00000108,REFUND,DEBIT,FAILED,2025-05-11,2025-05-13,15421.77,0.0,BRL,471.059.362-07,Costa,Macedo,DF,2026-05-25 01:16:38
FLOW-0000001432,POL-00000355,CLM-00000236,PREMIUM_PAYMENT,DEBIT,PROCESSED,2026-03-28,2026-03-28,12423.47,12423.47,BRL,247.693.518-28,da Cunha Ltda.,Silveira,SC,2026-05-25 01:16:38
FLOW-0000001433,POL-00000414,CLM-00000758,REFUND,DEBIT,FAILED,2025-01-31,2025-02-04,5367.81,0.0,BRL,891.753.620-40,Andrade,Monteiro,SP,2026-05-25 01:16:38
FLOW-0000001434,POL-00000006,CLM-00000076,PREMIUM_PAYMENT,CREDIT_CARD,FAILED,2026-04-04,2026-04-05,10037.8,0.0,BRL,753.942.601-25,Costa - ME,Sampaio,RR,2026-05-25 01:16:38
FLOW-0000001435,POL-00000226,CLM-00000200,CLAIM_PAYMENT,BANK_TRANSFER,FAILED,2025-10-19,2025-10-19,13889.56,0.0,BRL,759.362.481-19,Farias S.A.,Costa das Flores,BA,2026-05-25 01:16:38
FLOW-0000001436,POL-00000102,CLM-00000291,PREMIUM_PAYMENT,BANK_SLIP,PROCESSED,2025-03-10,2025-03-12,1145.43,1145.43,BRL,064.589.172-01,Almeida,da Cunha do Campo,RS,2026-05-25 01:16:38
FLOW-0000001437,POL-00000174,CLM-00000868,CANCELLATION,BANK_TRANSFER,PROCESSED,2026-04-14,2026-04-15,22140.29,22140.29,BRL,912.540.638-89,Siqueira Barbosa S.A.,Nunes da Serra,AM,2026-05-25 01:16:38
FLOW-0000001438,POL-00000432,CLM-00000269,PREMIUM_PAYMENT,PIX,PROCESSED,2025-04-30,2025-05-01,4504.61,4504.61,BRL,649.170.532-34,Rodrigues,Rodrigues,BA,2026-05-25 01:16:38
FLOW-0000001439,POL-00000336,CLM-00000807,CLAIM_PAYMENT,PIX,CANCELLED,2025-10-25,2025-10-25,20794.57,20794.57,BRL,249.768.301-87,Abreu S.A.,Costela,PB,2026-05-25 01:16:38
FLOW-0000001440,POL-00000123,CLM-00000379,COMMISSION,CREDIT_CARD,CANCELLED,2024-06-07,2024-06-09,23406.05,23406.05,BRL,012.987.436-13,Sales,Costela,MG,2026-05-25 01:16:38
FLOW-0000001441,POL-00000450,CLM-00000729,REINSURANCE,PIX,CANCELLED,2024-12-09,2024-12-14,4325.43,4325.43,BRL,029.368.451-06,Abreu Rezende - EI,Rios Paulista,MG,2026-05-25 01:16:38
FLOW-0000001442,POL-00000099,CLM-00000546,CLAIM_PAYMENT,DEBIT,PROCESSED,2025-01-22,2025-01-22,3653.58,3653.58,BRL,178.693.540-66,Marques,Cavalcante,RR,2026-05-25 01:16:38
FLOW-0000001443,POL-00000326,CLM-00000251,REINSURANCE,PIX,CANCELLED,2025-03-28,2025-04-02,9387.67,9387.67,BRL,425.716.390-99,Alves Melo Ltda.,Albuquerque de Castro,AC,2026-05-25 01:16:38
FLOW-0000001444,POL-00000405,CLM-00000153,REINSURANCE,CREDIT_CARD,FAILED,2024-07-25,2024-07-29,14703.78,0.0,BRL,725.346.980-10,Rezende,Castro de da Luz,RS,2026-05-25 01:16:38
FLOW-0000001445,POL-00000436,CLM-00000521,COMMISSION,BANK_TRANSFER,PROCESSED,2024-09-02,2024-09-03,1378.81,1378.81,BRL,594.713.862-09,Pereira,Camargo de Peixoto,PI,2026-05-25 01:16:38
FLOW-0000001446,POL-00000405,CLM-00000680,PREMIUM_PAYMENT,BANK_TRANSFER,CANCELLED,2026-04-13,2026-04-16,5270.48,5270.48,BRL,685.307.912-40,Mendes,Pereira,MT,2026-05-25 01:16:38
FLOW-0000001447,POL-00000256,CLM-00000532,REFUND,DEBIT,FAILED,2025-02-10,2025-02-10,4227.47,0.0,BRL,954.723.860-47,Aparecida,Siqueira,SP,2026-05-25 01:16:38
FLOW-0000001448,POL-00000367,CLM-00000979,COMMISSION,DEBIT,CANCELLED,2024-08-30,2024-08-31,8079.49,8079.49,BRL,103.742.596-07,Nunes da Cruz - ME,Brito,BA,2026-05-25 01:16:38
FLOW-0000001449,POL-00000107,CLM-00000225,REFUND,BANK_SLIP,PENDING,2025-07-07,2025-07-10,6744.97,6744.97,BRL,189.657.042-94,Cassiano,Fogaça,MS,2026-05-25 01:16:38
FLOW-0000001450,POL-00000157,CLM-00000436,REFUND,DEBIT,PROCESSED,2024-06-01,2024-06-04,21586.05,21586.05,BRL,046.123.578-17,Santos Martins - ME,Silva,PR,2026-05-25 01:16:38
FLOW-0000001451,POL-00000282,CLM-00000087,COMMISSION,BANK_SLIP,FAILED,2025-05-09,2025-05-13,3972.37,0.0,BRL,532.864.079-92,Farias Farias S.A.,da Conceição,PA,2026-05-25 01:16:38
FLOW-0000001452,POL-00000118,CLM-00000598,REINSURANCE,PIX,FAILED,2025-01-11,2025-01-11,7411.45,0.0,BRL,710.265.394-80,Ferreira,Porto,MT,2026-05-25 01:16:38
FLOW-0000001453,POL-00000231,CLM-00000479,COMMISSION,DEBIT,CANCELLED,2025-10-15,2025-10-18,12830.94,12830.94,BRL,169.348.572-91,Martins,Dias,RO,2026-05-25 01:16:38
FLOW-0000001454,POL-00000140,CLM-00000392,REFUND,PIX,FAILED,2025-08-02,2025-08-05,9219.42,0.0,BRL,138.946.205-60,Oliveira,Jesus,PA,2026-05-25 01:16:38
FLOW-0000001455,POL-00000184,CLM-00000924,COMMISSION,PIX,PENDING,2025-11-23,2025-11-24,11070.13,11070.13,BRL,156.327.098-68,Pastor,da Cunha,PA,2026-05-25 01:16:38
FLOW-0000001456,POL-00000403,CLM-00000284,REINSURANCE,BANK_SLIP,PENDING,2025-07-25,2025-07-27,21072.95,21072.95,BRL,165.782.043-26,da Mota,Cunha da Praia,RO,2026-05-25 01:16:38
FLOW-0000001457,POL-00000280,CLM-00000206,COMMISSION,CREDIT_CARD,PENDING,2024-10-26,2024-10-26,3008.77,3008.77,BRL,409.873.521-05,Rocha,Moreira,RJ,2026-05-25 01:16:38
FLOW-0000001458,POL-00000382,CLM-00000836,COMMISSION,CREDIT_CARD,FAILED,2024-10-18,2024-10-19,16893.93,0.0,BRL,603.982.517-03,Campos Casa Grande - ME,Lopes,PE,2026-05-25 01:16:38
FLOW-0000001459,POL-00000005,CLM-00000789,CLAIM_PAYMENT,CREDIT_CARD,FAILED,2025-01-20,2025-01-21,17655.78,0.0,BRL,421.857.603-35,Barros Ferreira e Filhos,Sales de Pimenta,RO,2026-05-25 01:16:38
FLOW-0000001460,POL-00000421,CLM-00000594,REFUND,PIX,CANCELLED,2024-10-12,2024-10-14,20566.61,20566.61,BRL,305.947.682-92,Teixeira,Castro,SE,2026-05-25 01:16:38
FLOW-0000001461,POL-00000117,CLM-00000233,CLAIM_PAYMENT,BANK_SLIP,CANCELLED,2025-03-26,2025-03-29,16369.57,16369.57,BRL,570.843.269-10,Barbosa,Vasconcelos de Goiás,AM,2026-05-25 01:16:38
FLOW-0000001462,POL-00000370,CLM-00000834,REINSURANCE,DEBIT,CANCELLED,2024-06-20,2024-06-23,5881.39,5881.39,BRL,409.523.816-05,Sampaio,Cunha,TO,2026-05-25 01:16:38
FLOW-0000001463,POL-00000220,CLM-00000789,COMMISSION,DEBIT,PROCESSED,2025-01-09,2025-01-11,19808.28,19808.28,BRL,985.164.073-57,Silva,Pacheco,MS,2026-05-25 01:16:38
FLOW-0000001464,POL-00000192,CLM-00000143,REINSURANCE,BANK_TRANSFER,PENDING,2024-08-25,2024-08-26,10995.09,10995.09,BRL,069.578.243-65,Cavalcanti,Ramos de Castro,MA,2026-05-25 01:16:38
FLOW-0000001465,POL-00000256,CLM-00000830,CANCELLATION,CREDIT_CARD,PENDING,2024-08-23,2024-08-24,7674.02,7674.02,BRL,034.271.598-41,Rezende,Cassiano,ES,2026-05-25 01:16:38
FLOW-0000001466,POL-00000391,CLM-00000798,REFUND,BANK_TRANSFER,CANCELLED,2025-12-28,2025-12-30,5675.99,5675.99,BRL,239.610.874-31,Almeida,Castro do Sul,DF,2026-05-25 01:16:38
FLOW-0000001467,POL-00000473,CLM-00000143,PREMIUM_PAYMENT,BANK_SLIP,PENDING,2025-12-20,2025-12-22,8185.68,8185.68,BRL,351.746.892-46,Souza S/A,Nascimento,PA,2026-05-25 01:16:38
FLOW-0000001468,POL-00000196,CLM-00000210,REINSURANCE,DEBIT,CANCELLED,2025-07-20,2025-07-22,14226.36,14226.36,BRL,786.095.431-10,Marques Barros e Filhos,Marques,MS,2026-05-25 01:16:38
FLOW-0000001469,POL-00000056,CLM-00000337,CLAIM_PAYMENT,BANK_TRANSFER,CANCELLED,2024-09-15,2024-09-15,13385.54,13385.54,BRL,124.569.870-20,Silveira,Jesus,MA,2026-05-25 01:16:38
FLOW-0000001470,POL-00000088,CLM-00000107,COMMISSION,BANK_TRANSFER,PENDING,2024-09-14,2024-09-17,15993.13,15993.13,BRL,379.148.260-22,Siqueira Câmara Ltda.,Nunes do Amparo,MG,2026-05-25 01:16:38
FLOW-0000001471,POL-00000014,CLM-00000192,CANCELLATION,BANK_SLIP,CANCELLED,2025-12-09,2025-12-10,849.88,849.88,BRL,230.891.645-15,Silveira Gonçalves - ME,Moraes,BA,2026-05-25 01:16:38
FLOW-0000001472,POL-00000106,CLM-00000239,REFUND,CREDIT_CARD,FAILED,2025-11-18,2025-11-18,22788.07,0.0,BRL,630.182.495-42,Fogaça,Ferreira do Norte,TO,2026-05-25 01:16:38
FLOW-0000001473,POL-00000189,CLM-00000531,REFUND,PIX,PENDING,2024-07-14,2024-07-19,13133.67,13133.67,BRL,405.361.879-75,Alves,Jesus,PE,2026-05-25 01:16:38
FLOW-0000001474,POL-00000081,CLM-00000114,REFUND,BANK_SLIP,CANCELLED,2025-08-22,2025-08-23,8202.96,8202.96,BRL,512.803.479-88,Costa - EI,Novais do Sul,MT,2026-05-25 01:16:38
FLOW-0000001475,POL-00000200,CLM-00000979,CANCELLATION,BANK_SLIP,PENDING,2024-12-06,2024-12-10,10489.41,10489.41,BRL,731.042.685-17,da Cruz S/A,Monteiro,SP,2026-05-25 01:16:38
FLOW-0000001476,POL-00000419,CLM-00000727,COMMISSION,DEBIT,CANCELLED,2025-12-30,2025-12-31,21767.7,21767.7,BRL,970.854.216-49,Cirino,Marques de Caldeira,AP,2026-05-25 01:16:38
FLOW-0000001477,POL-00000258,CLM-00000734,COMMISSION,DEBIT,PROCESSED,2024-10-21,2024-10-22,15112.55,15112.55,BRL,087.946.251-58,Lima,Ferreira,RJ,2026-05-25 01:16:38
FLOW-0000001478,POL-00000033,CLM-00000845,CLAIM_PAYMENT,DEBIT,CANCELLED,2024-05-27,2024-05-29,5082.48,5082.48,BRL,148.950.372-23,Novais,da Rosa,SE,2026-05-25 01:16:38
FLOW-0000001479,POL-00000467,CLM-00000583,REINSURANCE,DEBIT,FAILED,2025-05-04,2025-05-08,20198.77,0.0,BRL,039.827.451-79,Moraes,das Neves,PR,2026-05-25 01:16:38
FLOW-0000001480,POL-00000148,CLM-00000662,PREMIUM_PAYMENT,DEBIT,PENDING,2025-11-10,2025-11-13,11594.25,11594.25,BRL,957.362.014-61,Macedo S.A.,Barbosa Paulista,BA,2026-05-25 01:16:38
FLOW-0000001481,POL-00000201,CLM-00000628,CANCELLATION,BANK_SLIP,FAILED,2024-11-14,2024-11-16,17522.9,0.0,BRL,618.352.974-55,Aparecida,Albuquerque Alegre,AL,2026-05-25 01:16:38
FLOW-0000001482,POL-00000235,CLM-00000394,REINSURANCE,BANK_SLIP,CANCELLED,2026-04-17,2026-04-20,6265.91,6265.91,BRL,793.052.864-29,Cavalcante,Cardoso de Lima,MG,2026-05-25 01:16:38
FLOW-0000001483,POL-00000123,CLM-00000907,REFUND,BANK_SLIP,PENDING,2024-07-02,2024-07-07,14236.95,14236.95,BRL,415.928.037-41,Vasconcelos,Moura,RN,2026-05-25 01:16:38
FLOW-0000001484,POL-00000342,CLM-00000939,REINSURANCE,PIX,FAILED,2024-11-16,2024-11-18,22069.77,0.0,BRL,504.627.981-94,da Rosa,da Conceição,RO,2026-05-25 01:16:38
FLOW-0000001485,POL-00000211,CLM-00000781,CLAIM_PAYMENT,BANK_TRANSFER,CANCELLED,2024-06-20,2024-06-25,18177.12,18177.12,BRL,950.627.814-85,Lopes,Moraes da Prata,ES,2026-05-25 01:16:38
FLOW-0000001486,POL-00000259,CLM-00000785,PREMIUM_PAYMENT,CREDIT_CARD,PENDING,2025-03-17,2025-03-17,24883.14,24883.14,BRL,865.423.917-46,da Cruz S/A,Pereira de Santos,MT,2026-05-25 01:16:38
FLOW-0000001487,POL-00000260,CLM-00000046,COMMISSION,DEBIT,PROCESSED,2024-06-11,2024-06-14,11300.85,11300.85,BRL,842.316.590-60,Gomes,das Neves das Pedras,RJ,2026-05-25 01:16:38
FLOW-0000001488,POL-00000196,CLM-00000352,CANCELLATION,DEBIT,CANCELLED,2025-08-27,2025-08-27,1876.23,1876.23,BRL,314.972.506-25,da Cunha,Sampaio da Mata,RS,2026-05-25 01:16:38
FLOW-0000001489,POL-00000059,CLM-00000727,PREMIUM_PAYMENT,BANK_SLIP,FAILED,2024-06-02,2024-06-03,9947.02,0.0,BRL,640.798.231-69,Ferreira,Pimenta,RN,2026-05-25 01:16:38
FLOW-0000001490,POL-00000237,CLM-00000070,REFUND,PIX,CANCELLED,2025-02-15,2025-02-17,16773.87,16773.87,BRL,860.534.719-84,Leão Albuquerque e Filhos,da Costa de Pimenta,SP,2026-05-25 01:16:38
FLOW-0000001491,POL-00000072,CLM-00000483,CANCELLATION,CREDIT_CARD,CANCELLED,2024-09-30,2024-10-04,16442.71,16442.71,BRL,149.035.867-66,Correia,Ferreira da Mata,MA,2026-05-25 01:16:38
FLOW-0000001492,POL-00000091,CLM-00000302,PREMIUM_PAYMENT,PIX,PENDING,2024-09-14,2024-09-15,4306.2,4306.2,BRL,540.328.796-56,da Costa,Sampaio,RN,2026-05-25 01:16:38
FLOW-0000001493,POL-00000344,CLM-00000782,CLAIM_PAYMENT,PIX,PENDING,2026-01-19,2026-01-23,18549.09,18549.09,BRL,269.407.138-40,Abreu das Neves Ltda.,Cirino,PE,2026-05-25 01:16:38
FLOW-0000001494,POL-00000092,CLM-00000222,REFUND,PIX,FAILED,2025-02-17,2025-02-22,6867.64,0.0,BRL,782.361.049-31,Macedo,Leão,MT,2026-05-25 01:16:38
FLOW-0000001495,POL-00000429,CLM-00000651,REFUND,BANK_TRANSFER,PENDING,2026-03-18,2026-03-23,13330.86,13330.86,BRL,314.279.650-99,Viana,Brito dos Dourados,MG,2026-05-25 01:16:38
FLOW-0000001496,POL-00000200,CLM-00000707,CANCELLATION,CREDIT_CARD,PENDING,2025-10-18,2025-10-23,16580.37,16580.37,BRL,089.763.152-86,Correia,Cassiano do Amparo,AC,2026-05-25 01:16:38
FLOW-0000001497,POL-00000396,CLM-00000387,PREMIUM_PAYMENT,BANK_SLIP,PENDING,2026-02-11,2026-02-14,1357.76,1357.76,BRL,368.754.290-47,da Cruz S.A.,Souza,BA,2026-05-25 01:16:38
FLOW-0000001498,POL-00000047,CLM-00000017,CLAIM_PAYMENT,DEBIT,PROCESSED,2024-12-11,2024-12-12,9397.39,9397.39,BRL,382.576.941-00,Sampaio,Albuquerque de Goiás,RS,2026-05-25 01:16:38
FLOW-0000001499,POL-00000349,CLM-00000686,COMMISSION,PIX,PROCESSED,2026-01-29,2026-01-29,24732.8,24732.8,BRL,453.681.792-19,Aragão - EI,Gomes de Lopes,TO,2026-05-25 01:16:38
FLOW-0000001500,POL-00000371,CLM-00000172,PREMIUM_PAYMENT,PIX,PROCESSED,2026-04-09,2026-04-10,23970.69,23970.69,BRL,018.354.726-80,Mendes,Brito,SE,2026-05-25 01:16:38
FLOW-0000001501,POL-00000288,CLM-00000642,COMMISSION,BANK_SLIP,FAILED,2025-01-07,2025-01-10,12836.88,0.0,BRL,768.934.251-55,das Neves e Filhos,da Mata,PE,2026-05-25 01:16:38
FLOW-0000001502,POL-00000481,CLM-00000439,REINSURANCE,PIX,CANCELLED,2025-10-15,2025-10-19,5217.63,5217.63,BRL,128.046.975-76,Pires,Castro,MG,2026-05-25 01:16:38
FLOW-0000001503,POL-00000089,CLM-00000016,COMMISSION,DEBIT,FAILED,2024-11-18,2024-11-19,5383.81,0.0,BRL,480.925.167-58,Moura,Cavalcante de Nunes,RS,2026-05-25 01:16:38
FLOW-0000001504,POL-00000235,CLM-00000226,REFUND,PIX,PROCESSED,2024-09-20,2024-09-25,7940.19,7940.19,BRL,056.731.942-34,Guerra Nogueira Ltda.,Vieira do Oeste,RS,2026-05-25 01:16:38
FLOW-0000001505,POL-00000023,CLM-00000069,CANCELLATION,BANK_SLIP,FAILED,2025-08-17,2025-08-22,20386.37,0.0,BRL,390.852.167-02,Sampaio S.A.,Abreu Verde,PA,2026-05-25 01:16:38
FLOW-0000001506,POL-00000053,CLM-00000730,REINSURANCE,BANK_TRANSFER,CANCELLED,2025-06-24,2025-06-27,7573.28,7573.28,BRL,518.709.426-20,Pastor,Sampaio,ES,2026-05-25 01:16:38
FLOW-0000001507,POL-00000324,CLM-00000714,PREMIUM_PAYMENT,DEBIT,FAILED,2025-07-29,2025-08-02,4327.9,0.0,BRL,483.105.762-26,da Cruz Costa Ltda.,Sales Verde,RJ,2026-05-25 01:16:38
FLOW-0000001508,POL-00000171,CLM-00000180,CANCELLATION,CREDIT_CARD,PROCESSED,2026-05-13,2026-05-18,23117.61,23117.61,BRL,390.578.421-14,Araújo,Albuquerque,CE,2026-05-25 01:16:38
FLOW-0000001509,POL-00000312,CLM-00000934,COMMISSION,BANK_TRANSFER,PENDING,2026-05-08,2026-05-13,12079.15,12079.15,BRL,850.731.629-86,Vargas,Novais Paulista,MG,2026-05-25 01:16:38
FLOW-0000001510,POL-00000258,CLM-00000602,CANCELLATION,PIX,PROCESSED,2025-09-21,2025-09-24,9590.17,9590.17,BRL,760.384.291-31,Melo,das Neves,MS,2026-05-25 01:16:38
FLOW-0000001511,POL-00000122,CLM-00000756,PREMIUM_PAYMENT,DEBIT,FAILED,2024-08-05,2024-08-06,579.27,0.0,BRL,768.509.342-10,Rocha,Cardoso do Campo,PI,2026-05-25 01:16:38
FLOW-0000001512,POL-00000192,CLM-00000511,PREMIUM_PAYMENT,CREDIT_CARD,PROCESSED,2025-05-31,2025-06-01,15513.17,15513.17,BRL,591.463.280-33,Sousa,Fonseca do Sul,RN,2026-05-25 01:16:38
FLOW-0000001513,POL-00000122,CLM-00000946,CLAIM_PAYMENT,BANK_TRANSFER,PENDING,2024-09-20,2024-09-21,3834.18,3834.18,BRL,578.041.239-14,da Mata,Rezende de da Mata,MG,2026-05-25 01:16:38
FLOW-0000001514,POL-00000143,CLM-00000326,COMMISSION,PIX,PROCESSED,2026-03-07,2026-03-10,18494.43,18494.43,BRL,264.190.875-11,Nascimento,Cunha,MA,2026-05-25 01:16:38
FLOW-0000001515,POL-00000385,CLM-00000025,REFUND,BANK_SLIP,FAILED,2025-07-19,2025-07-23,19804.91,0.0,BRL,413.975.682-91,Cavalcante e Filhos,Castro de Sales,TO,2026-05-25 01:16:38
FLOW-0000001516,POL-00000277,CLM-00000056,CLAIM_PAYMENT,BANK_SLIP,PROCESSED,2024-06-12,2024-06-17,8315.19,8315.19,BRL,375.420.619-25,Rios S/A,da Luz de Santos,GO,2026-05-25 01:16:38
FLOW-0000001517,POL-00000267,CLM-00000330,CLAIM_PAYMENT,BANK_SLIP,CANCELLED,2025-09-27,2025-10-02,17422.14,17422.14,BRL,962.385.741-19,Macedo S/A,Rocha,RN,2026-05-25 01:16:38
FLOW-0000001518,POL-00000036,CLM-00000977,PREMIUM_PAYMENT,BANK_SLIP,CANCELLED,2025-09-14,2025-09-17,15763.07,15763.07,BRL,149.687.305-00,Azevedo S.A.,Cavalcante,PA,2026-05-25 01:16:38
FLOW-0000001519,POL-00000065,CLM-00000094,CLAIM_PAYMENT,BANK_SLIP,PROCESSED,2026-01-03,2026-01-03,15877.46,15877.46,BRL,875.960.234-10,Marques - EI,Leão de Correia,RN,2026-05-25 01:16:38
FLOW-0000001520,POL-00000260,CLM-00000081,CLAIM_PAYMENT,DEBIT,PROCESSED,2025-06-15,2025-06-19,13743.74,13743.74,BRL,703.924.865-47,Casa Grande,Oliveira,RN,2026-05-25 01:16:38
FLOW-0000001521,POL-00000126,CLM-00000435,CLAIM_PAYMENT,BANK_SLIP,PROCESSED,2025-12-04,2025-12-09,11703.5,11703.5,BRL,516.720.893-95,Casa Grande,da Rocha,AM,2026-05-25 01:16:38
FLOW-0000001522,POL-00000496,CLM-00000651,COMMISSION,BANK_SLIP,CANCELLED,2024-09-03,2024-09-07,6261.79,6261.79,BRL,538.169.042-89,Jesus,Fernandes da Prata,RR,2026-05-25 01:16:38
FLOW-0000001523,POL-00000487,CLM-00000996,REFUND,CREDIT_CARD,PENDING,2024-09-11,2024-09-13,21567.52,21567.52,BRL,538.421.907-60,Monteiro,das Neves do Sul,AC,2026-05-25 01:16:38
FLOW-0000001524,POL-00000217,CLM-00000518,REFUND,BANK_TRANSFER,CANCELLED,2024-08-17,2024-08-20,9474.05,9474.05,BRL,056.189.432-98,Albuquerque,Mendes,DF,2026-05-25 01:16:38
FLOW-0000001525,POL-00000011,CLM-00000781,CLAIM_PAYMENT,DEBIT,CANCELLED,2024-11-12,2024-11-17,10864.09,10864.09,BRL,630.297.485-29,da Luz,Viana,SP,2026-05-25 01:16:38
FLOW-0000001526,POL-00000284,CLM-00000745,COMMISSION,BANK_SLIP,PROCESSED,2025-05-24,2025-05-27,21358.35,21358.35,BRL,937.801.564-66,Azevedo Fonseca - ME,Araújo,SC,2026-05-25 01:16:38
FLOW-0000001527,POL-00000146,CLM-00000385,COMMISSION,BANK_TRANSFER,CANCELLED,2025-01-04,2025-01-06,9542.23,9542.23,BRL,519.602.387-95,das Neves Montenegro e Filhos,Araújo,PA,2026-05-25 01:16:38
FLOW-0000001528,POL-00000367,CLM-00000481,COMMISSION,BANK_SLIP,PROCESSED,2025-02-16,2025-02-20,12047.07,12047.07,BRL,036.512.974-70,Ribeiro - ME,Correia,AC,2026-05-25 01:16:38
FLOW-0000001529,POL-00000442,CLM-00000513,PREMIUM_PAYMENT,CREDIT_CARD,PENDING,2026-03-19,2026-03-20,22907.49,22907.49,BRL,329.580.167-30,Duarte S.A.,Rocha,RO,2026-05-25 01:16:38
FLOW-0000001530,POL-00000497,CLM-00000761,REFUND,CREDIT_CARD,CANCELLED,2025-04-09,2025-04-12,10143.65,10143.65,BRL,739.062.184-22,Pimenta,Nogueira,RS,2026-05-25 01:16:38
FLOW-0000001531,POL-00000210,CLM-00000907,CANCELLATION,PIX,PENDING,2025-03-17,2025-03-20,12264.3,12264.3,BRL,275.403.618-08,Jesus,Guerra da Prata,PR,2026-05-25 01:16:38
FLOW-0000001532,POL-00000100,CLM-00000782,REINSURANCE,DEBIT,PROCESSED,2026-02-22,2026-02-22,9651.41,9651.41,BRL,609.584.712-58,Fonseca,Correia,SP,2026-05-25 01:16:38
FLOW-0000001533,POL-00000261,CLM-00000727,CANCELLATION,DEBIT,FAILED,2024-11-15,2024-11-17,19293.2,0.0,BRL,341.570.829-23,da Cunha,Costela,TO,2026-05-25 01:16:38
FLOW-0000001534,POL-00000334,CLM-00000395,CANCELLATION,DEBIT,PENDING,2024-11-12,2024-11-17,17227.81,17227.81,BRL,247.089.651-76,Marques Ltda.,Novaes,AL,2026-05-25 01:16:38
FLOW-0000001535,POL-00000472,CLM-00000833,REFUND,CREDIT_CARD,PENDING,2024-09-29,2024-10-04,6207.46,6207.46,BRL,807.423.159-32,Novais,Freitas,RJ,2026-05-25 01:16:38
FLOW-0000001536,POL-00000134,CLM-00000620,PREMIUM_PAYMENT,DEBIT,PROCESSED,2025-02-28,2025-03-05,17678.65,17678.65,BRL,169.027.548-02,Caldeira,da Mata de Ramos,PB,2026-05-25 01:16:38
FLOW-0000001537,POL-00000007,CLM-00000120,CLAIM_PAYMENT,PIX,PROCESSED,2024-10-03,2024-10-08,3726.82,3726.82,BRL,234.657.901-70,Rios Fernandes - EI,Abreu,SC,2026-05-25 01:16:38
FLOW-0000001538,POL-00000362,CLM-00000601,REFUND,PIX,CANCELLED,2024-10-23,2024-10-28,17804.66,17804.66,BRL,127.654.309-34,Mendonça,Abreu,PB,2026-05-25 01:16:38
FLOW-0000001539,POL-00000425,CLM-00000438,REFUND,CREDIT_CARD,PROCESSED,2025-03-20,2025-03-24,22753.23,22753.23,BRL,138.456.092-06,Pereira Ltda.,Pereira,AP,2026-05-25 01:16:38
FLOW-0000001540,POL-00000301,CLM-00000316,REINSURANCE,DEBIT,CANCELLED,2025-10-26,2025-10-31,7590.38,7590.38,BRL,790.418.532-60,Cunha,Farias,AP,2026-05-25 01:16:38
FLOW-0000001541,POL-00000417,CLM-00000147,PREMIUM_PAYMENT,CREDIT_CARD,FAILED,2024-09-28,2024-10-03,21741.98,0.0,BRL,706.289.513-02,da Cruz,Ferreira,MT,2026-05-25 01:16:38
FLOW-0000001542,POL-00000358,CLM-00000316,CANCELLATION,PIX,CANCELLED,2024-10-19,2024-10-24,5277.66,5277.66,BRL,375.240.196-61,Monteiro,Farias da Praia,ES,2026-05-25 01:16:38
FLOW-0000001543,POL-00000036,CLM-00000793,PREMIUM_PAYMENT,DEBIT,PENDING,2026-03-08,2026-03-09,20418.91,20418.91,BRL,398.165.704-75,Vasconcelos,Novais,BA,2026-05-25 01:16:38
FLOW-0000001544,POL-00000088,CLM-00000181,COMMISSION,CREDIT_CARD,CANCELLED,2026-03-21,2026-03-25,10450.22,10450.22,BRL,730.265.984-29,Freitas,Vargas de Santos,ES,2026-05-25 01:16:38
FLOW-0000001545,POL-00000094,CLM-00000515,CLAIM_PAYMENT,PIX,CANCELLED,2026-04-15,2026-04-16,17615.98,17615.98,BRL,890.216.437-31,Fernandes - ME,Pires de Abreu,AM,2026-05-25 01:16:38
FLOW-0000001546,POL-00000103,CLM-00000061,CLAIM_PAYMENT,BANK_SLIP,PROCESSED,2024-09-01,2024-09-04,14198.95,14198.95,BRL,916.745.320-16,Alves - ME,Abreu,RJ,2026-05-25 01:16:38
FLOW-0000001547,POL-00000321,CLM-00000935,REFUND,BANK_TRANSFER,CANCELLED,2026-01-13,2026-01-14,6520.83,6520.83,BRL,387.025.914-05,Guerra Mendonça e Filhos,Oliveira de Oliveira,TO,2026-05-25 01:16:38
FLOW-0000001548,POL-00000151,CLM-00000088,CLAIM_PAYMENT,DEBIT,PENDING,2025-07-20,2025-07-20,21715.63,21715.63,BRL,149.375.802-05,da Luz,Gonçalves,PI,2026-05-25 01:16:38
FLOW-0000001549,POL-00000300,CLM-00000241,COMMISSION,DEBIT,PENDING,2026-04-08,2026-04-08,6955.22,6955.22,BRL,805.392.764-56,Peixoto - EI,Leão,PA,2026-05-25 01:16:38
FLOW-0000001550,POL-00000032,CLM-00000273,PREMIUM_PAYMENT,PIX,PENDING,2026-04-02,2026-04-05,16836.47,16836.47,BRL,631.054.289-33,Lima,Borges do Sul,AP,2026-05-25 01:16:38
FLOW-0000001551,POL-00000109,CLM-00000535,PREMIUM_PAYMENT,PIX,PENDING,2026-03-21,2026-03-26,14582.01,14582.01,BRL,486.732.195-82,Freitas,Sousa do Sul,AM,2026-05-25 01:16:38
FLOW-0000001552,POL-00000243,CLM-00000776,COMMISSION,CREDIT_CARD,CANCELLED,2025-07-14,2025-07-17,15094.47,15094.47,BRL,047.823.165-26,Mendonça S/A,Carvalho,RO,2026-05-25 01:16:38
FLOW-0000001553,POL-00000162,CLM-00000837,COMMISSION,BANK_SLIP,FAILED,2024-07-05,2024-07-09,10764.87,0.0,BRL,752.316.980-59,Ribeiro da Costa S.A.,Pinto,SC,2026-05-25 01:16:38
FLOW-0000001554,POL-00000500,CLM-00000365,REFUND,CREDIT_CARD,PENDING,2025-01-03,2025-01-05,16643.7,16643.7,BRL,195.403.876-39,Aparecida,Moraes do Oeste,MS,2026-05-25 01:16:38
FLOW-0000001555,POL-00000372,CLM-00000856,CANCELLATION,BANK_SLIP,CANCELLED,2025-06-22,2025-06-22,126.96,126.96,BRL,506.917.483-57,da Mota Souza S/A,Sousa,SE,2026-05-25 01:16:38
FLOW-0000001556,POL-00000487,CLM-00000717,REINSURANCE,BANK_SLIP,FAILED,2025-08-15,2025-08-15,15067.63,0.0,BRL,349.716.258-28,Nogueira,Cavalcante de Minas,GO,2026-05-25 01:16:38
FLOW-0000001557,POL-00000264,CLM-00000424,CANCELLATION,BANK_SLIP,CANCELLED,2025-01-22,2025-01-24,11325.36,11325.36,BRL,893.547.601-39,Duarte das Neves e Filhos,Costa de Minas,AP,2026-05-25 01:16:38
FLOW-0000001558,POL-00000325,CLM-00000369,COMMISSION,PIX,PENDING,2025-12-31,2025-12-31,24655.23,24655.23,BRL,213.098.756-77,Caldeira,Castro,GO,2026-05-25 01:16:38
FLOW-0000001559,POL-00000311,CLM-00000497,REFUND,DEBIT,PROCESSED,2025-02-20,2025-02-25,8171.85,8171.85,BRL,698.210.475-30,Leão - EI,Silveira de Aparecida,TO,2026-05-25 01:16:38
FLOW-0000001560,POL-00000220,CLM-00000962,PREMIUM_PAYMENT,DEBIT,FAILED,2024-08-28,2024-09-02,15334.18,0.0,BRL,103.786.592-86,Guerra,Novais de Minas,GO,2026-05-25 01:16:38
FLOW-0000001561,POL-00000151,CLM-00000622,PREMIUM_PAYMENT,BANK_SLIP,CANCELLED,2025-02-07,2025-02-12,21434.65,21434.65,BRL,108.372.956-02,Brito,Novais,RJ,2026-05-25 01:16:38
FLOW-0000001562,POL-00000066,CLM-00000510,REINSURANCE,PIX,PENDING,2025-05-04,2025-05-09,3621.88,3621.88,BRL,843.619.725-91,Duarte,Correia Alegre,ES,2026-05-25 01:16:38
FLOW-0000001563,POL-00000087,CLM-00000918,REINSURANCE,DEBIT,CANCELLED,2024-10-04,2024-10-06,20817.24,20817.24,BRL,273.048.691-78,Pereira,Almeida,TO,2026-05-25 01:16:38
FLOW-0000001564,POL-00000125,CLM-00000217,REINSURANCE,BANK_SLIP,PROCESSED,2025-04-08,2025-04-08,12080.11,12080.11,BRL,702.639.158-59,Barbosa S/A,Carvalho do Oeste,AP,2026-05-25 01:16:38
FLOW-0000001565,POL-00000367,CLM-00000030,PREMIUM_PAYMENT,BANK_SLIP,CANCELLED,2024-11-08,2024-11-13,17512.73,17512.73,BRL,945.387.620-83,Câmara Ltda.,Santos,GO,2026-05-25 01:16:38
FLOW-0000001566,POL-00000369,CLM-00000264,COMMISSION,DEBIT,PROCESSED,2024-09-04,2024-09-06,22571.08,22571.08,BRL,817.042.593-04,Borges,Abreu,PA,2026-05-25 01:16:38
FLOW-0000001567,POL-00000047,CLM-00000815,CLAIM_PAYMENT,CREDIT_CARD,CANCELLED,2024-12-26,2024-12-31,3121.3,3121.3,BRL,132.480.956-60,Monteiro - ME,Souza,AM,2026-05-25 01:16:38
FLOW-0000001568,POL-00000330,CLM-00000352,REINSURANCE,DEBIT,PENDING,2025-05-18,2025-05-19,23297.91,23297.91,BRL,839.570.412-79,Fogaça S.A.,Sá do Oeste,PB,2026-05-25 01:16:38
FLOW-0000001569,POL-00000335,CLM-00000658,CANCELLATION,BANK_TRANSFER,CANCELLED,2024-10-03,2024-10-08,18587.05,18587.05,BRL,931.785.460-57,da Paz S.A.,Carvalho de Ribeiro,AL,2026-05-25 01:16:38
FLOW-0000001570,POL-00000060,CLM-00000298,CLAIM_PAYMENT,PIX,FAILED,2025-10-28,2025-10-31,20220.76,0.0,BRL,409.128.657-76,da Paz,Nogueira,MS,2026-05-25 01:16:38
FLOW-0000001571,POL-00000382,CLM-00000965,CANCELLATION,PIX,PROCESSED,2026-04-28,2026-04-28,2274.03,2274.03,BRL,913.724.680-13,Jesus,Sampaio,MT,2026-05-25 01:16:38
FLOW-0000001572,POL-00000296,CLM-00000755,COMMISSION,PIX,CANCELLED,2025-01-31,2025-02-04,9225.04,9225.04,BRL,294.103.768-31,Rocha S.A.,Fonseca,DF,2026-05-25 01:16:38
FLOW-0000001573,POL-00000434,CLM-00000398,REINSURANCE,DEBIT,PROCESSED,2024-08-16,2024-08-18,1594.03,1594.03,BRL,450.831.296-98,Cavalcanti,da Costa,CE,2026-05-25 01:16:38
FLOW-0000001574,POL-00000267,CLM-00000680,CANCELLATION,BANK_TRANSFER,PROCESSED,2024-06-30,2024-07-02,19293.46,19293.46,BRL,738.625.491-19,Pires,Monteiro Alegre,RR,2026-05-25 01:16:38
FLOW-0000001575,POL-00000276,CLM-00000873,REFUND,DEBIT,PENDING,2026-03-24,2026-03-28,5592.43,5592.43,BRL,792.864.503-38,Gonçalves S/A,Pinto de Aparecida,AL,2026-05-25 01:16:38
FLOW-0000001576,POL-00000256,CLM-00000697,COMMISSION,DEBIT,PROCESSED,2025-04-02,2025-04-04,3660.28,3660.28,BRL,256.387.194-82,Oliveira - EI,Mendonça,DF,2026-05-25 01:16:38
FLOW-0000001577,POL-00000307,CLM-00000328,CLAIM_PAYMENT,CREDIT_CARD,PENDING,2025-02-24,2025-02-25,15056.56,15056.56,BRL,509.681.243-05,Pimenta,Cardoso,TO,2026-05-25 01:16:38
FLOW-0000001578,POL-00000435,CLM-00000724,PREMIUM_PAYMENT,BANK_TRANSFER,FAILED,2025-12-03,2025-12-07,24758.86,0.0,BRL,685.104.723-35,Fogaça Fernandes - EI,Mendonça,AC,2026-05-25 01:16:38
FLOW-0000001579,POL-00000150,CLM-00000722,CLAIM_PAYMENT,DEBIT,CANCELLED,2024-07-03,2024-07-06,15795.37,15795.37,BRL,093.724.615-80,da Costa Barros S/A,Ferreira,PR,2026-05-25 01:16:38
FLOW-0000001580,POL-00000424,CLM-00000734,COMMISSION,BANK_SLIP,PROCESSED,2025-06-09,2025-06-09,24529.51,24529.51,BRL,849.275.130-41,Carvalho,Sampaio,ES,2026-05-25 01:16:38
FLOW-0000001581,POL-00000473,CLM-00000887,CLAIM_PAYMENT,BANK_SLIP,PENDING,2025-11-25,2025-11-30,23364.1,23364.1,BRL,073.852.914-14,das Neves - EI,Aparecida,ES,2026-05-25 01:16:38
FLOW-0000001582,POL-00000012,CLM-00000562,COMMISSION,DEBIT,PROCESSED,2025-07-09,2025-07-12,18198.52,18198.52,BRL,869.735.241-09,Abreu - EI,Souza,SC,2026-05-25 01:16:38
FLOW-0000001583,POL-00000388,CLM-00000401,REFUND,DEBIT,FAILED,2024-08-24,2024-08-26,10589.81,0.0,BRL,863.592.074-00,da Cruz Santos - EI,Macedo,CE,2026-05-25 01:16:38
FLOW-0000001584,POL-00000357,CLM-00000946,COMMISSION,BANK_SLIP,FAILED,2024-07-26,2024-07-26,13219.72,0.0,BRL,796.352.108-68,Siqueira - ME,Cardoso de Brito,RN,2026-05-25 01:16:38
FLOW-0000001585,POL-00000068,CLM-00000332,REFUND,BANK_TRANSFER,PENDING,2025-06-29,2025-07-04,21413.49,21413.49,BRL,426.751.308-26,Cardoso,Marques,AP,2026-05-25 01:16:38
FLOW-0000001586,POL-00000235,CLM-00000671,CANCELLATION,BANK_SLIP,FAILED,2024-10-24,2024-10-24,21252.75,0.0,BRL,293.765.804-00,Brito Moreira - EI,Mendes do Sul,ES,2026-05-25 01:16:38
FLOW-0000001587,POL-00000150,CLM-00000919,CANCELLATION,BANK_SLIP,CANCELLED,2024-06-11,2024-06-15,3482.15,3482.15,BRL,214.875.693-19,da Paz - EI,Novaes,PE,2026-05-25 01:16:38
FLOW-0000001588,POL-00000377,CLM-00000667,CANCELLATION,PIX,PROCESSED,2026-04-26,2026-04-27,5492.51,5492.51,BRL,603.895.124-51,Rodrigues,Fernandes,DF,2026-05-25 01:16:38
FLOW-0000001589,POL-00000348,CLM-00000805,REINSURANCE,BANK_SLIP,PENDING,2025-04-20,2025-04-22,18162.64,18162.64,BRL,489.175.260-20,da Rocha,Vieira,SC,2026-05-25 01:16:38
FLOW-0000001590,POL-00000475,CLM-00000058,REFUND,PIX,PROCESSED,2025-10-19,2025-10-22,23762.43,23762.43,BRL,128.564.307-08,Fonseca Garcia - ME,Montenegro,CE,2026-05-25 01:16:38
FLOW-0000001591,POL-00000061,CLM-00000528,CLAIM_PAYMENT,CREDIT_CARD,PENDING,2024-10-26,2024-10-28,24355.26,24355.26,BRL,352.601.784-08,Fonseca,Novais do Galho,RR,2026-05-25 01:16:38
FLOW-0000001592,POL-00000126,CLM-00000035,CLAIM_PAYMENT,PIX,CANCELLED,2024-07-05,2024-07-09,10873.84,10873.84,BRL,683.904.751-20,Gonçalves,Teixeira,TO,2026-05-25 01:16:38
FLOW-0000001593,POL-00000335,CLM-00000764,COMMISSION,DEBIT,PROCESSED,2024-12-05,2024-12-06,9946.29,9946.29,BRL,378.921.560-03,Silva Guerra - EI,Fernandes de Oliveira,AP,2026-05-25 01:16:38
FLOW-0000001594,POL-00000399,CLM-00000475,CANCELLATION,DEBIT,PENDING,2024-09-06,2024-09-11,24779.54,24779.54,BRL,678.541.309-57,Pimenta Pereira - EI,Silva,RS,2026-05-25 01:16:38
FLOW-0000001595,POL-00000006,CLM-00000123,REFUND,PIX,FAILED,2026-05-03,2026-05-05,15826.72,0.0,BRL,124.096.753-52,Melo Ltda.,Novais de Cavalcante,RS,2026-05-25 01:16:38
FLOW-0000001596,POL-00000012,CLM-00000601,CANCELLATION,BANK_TRANSFER,PROCESSED,2025-06-27,2025-06-27,3095.19,3095.19,BRL,298.047.615-30,Pinto S/A,Pacheco da Mata,ES,2026-05-25 01:16:38
FLOW-0000001597,POL-00000407,CLM-00000608,CANCELLATION,BANK_SLIP,PENDING,2024-12-19,2024-12-23,12013.48,12013.48,BRL,958.237.140-41,Cavalcante Alves S/A,Monteiro,PA,2026-05-25 01:16:38
FLOW-0000001598,POL-00000153,CLM-00000586,CANCELLATION,BANK_SLIP,CANCELLED,2025-06-12,2025-06-15,12130.58,12130.58,BRL,074.168.592-20,Brito Casa Grande - ME,Mendes,AM,2026-05-25 01:16:38
FLOW-0000001599,POL-00000208,CLM-00000833,CANCELLATION,PIX,PROCESSED,2024-12-01,2024-12-01,8164.46,8164.46,BRL,948.170.652-49,Nogueira da Luz - EI,Marques Alegre,SE,2026-05-25 01:16:38
FLOW-0000001600,POL-00000033,CLM-00000532,REINSURANCE,BANK_TRANSFER,CANCELLED,2026-01-16,2026-01-19,13923.7,13923.7,BRL,025.841.763-35,Duarte S/A,Brito do Oeste,AC,2026-05-25 01:16:38
FLOW-0000001601,POL-00000386,CLM-00000772,CANCELLATION,BANK_SLIP,PENDING,2026-03-25,2026-03-29,17858.04,17858.04,BRL,602.894.735-00,da Cunha,Duarte,DF,2026-05-25 01:16:38
FLOW-0000001602,POL-00000003,CLM-00000569,CLAIM_PAYMENT,DEBIT,PROCESSED,2024-12-15,2024-12-20,22445.18,22445.18,BRL,165.039.824-70,da Rocha Carvalho S.A.,Machado,PR,2026-05-25 01:16:38
FLOW-0000001603,POL-00000335,CLM-00000166,CLAIM_PAYMENT,PIX,PROCESSED,2024-07-04,2024-07-06,3119.98,3119.98,BRL,472.351.960-25,Vieira,Cassiano,AC,2026-05-25 01:16:38
FLOW-0000001604,POL-00000064,CLM-00000519,PREMIUM_PAYMENT,CREDIT_CARD,PENDING,2024-11-04,2024-11-08,6456.17,6456.17,BRL,280.796.534-29,Cavalcante,da Rosa do Sul,GO,2026-05-25 01:16:38
FLOW-0000001605,POL-00000484,CLM-00000674,CLAIM_PAYMENT,PIX,CANCELLED,2025-03-28,2025-03-30,24158.59,24158.59,BRL,539.042.816-15,Fernandes Novaes e Filhos,Andrade,DF,2026-05-25 01:16:38
FLOW-0000001606,POL-00000338,CLM-00000547,REINSURANCE,DEBIT,FAILED,2025-09-15,2025-09-16,7549.97,0.0,BRL,978.142.305-60,da Conceição,da Conceição,RJ,2026-05-25 01:16:38
FLOW-0000001607,POL-00000268,CLM-00000933,CANCELLATION,CREDIT_CARD,FAILED,2025-10-12,2025-10-13,14447.93,0.0,BRL,038.764.219-69,Fernandes - ME,Martins,MA,2026-05-25 01:16:38
FLOW-0000001608,POL-00000340,CLM-00000840,CLAIM_PAYMENT,PIX,PENDING,2026-03-31,2026-04-04,13478.33,13478.33,BRL,572.318.069-02,da Cunha S.A.,Rodrigues,MS,2026-05-25 01:16:38
FLOW-0000001609,POL-00000439,CLM-00000853,CLAIM_PAYMENT,BANK_SLIP,FAILED,2025-04-07,2025-04-08,966.51,0.0,BRL,792.863.405-83,Moreira,Cardoso do Sul,RN,2026-05-25 01:16:38
FLOW-0000001610,POL-00000143,CLM-00000132,CLAIM_PAYMENT,BANK_TRANSFER,FAILED,2025-09-28,2025-09-29,15073.5,0.0,BRL,038.657.941-57,Novais Costela - ME,Souza,PB,2026-05-25 01:16:38
FLOW-0000001611,POL-00000196,CLM-00000666,COMMISSION,BANK_SLIP,FAILED,2024-11-09,2024-11-12,1905.27,0.0,BRL,835.129.476-46,das Neves Macedo - ME,Martins,MA,2026-05-25 01:16:38
FLOW-0000001612,POL-00000482,CLM-00000712,COMMISSION,BANK_SLIP,CANCELLED,2025-03-19,2025-03-22,11428.89,11428.89,BRL,510.796.432-06,Camargo Albuquerque e Filhos,da Mata,RN,2026-05-25 01:16:38
FLOW-0000001613,POL-00000325,CLM-00000714,CANCELLATION,BANK_SLIP,FAILED,2025-03-28,2025-04-01,5133.88,0.0,BRL,028.314.657-53,Pastor,da Rocha,RS,2026-05-25 01:16:38
FLOW-0000001614,POL-00000215,CLM-00000842,CANCELLATION,BANK_SLIP,PROCESSED,2024-07-19,2024-07-24,9334.95,9334.95,BRL,823.970.145-05,Marques e Filhos,Costela de Novaes,MA,2026-05-25 01:16:38
FLOW-0000001615,POL-00000014,CLM-00000988,REFUND,BANK_TRANSFER,CANCELLED,2025-08-23,2025-08-25,24811.6,24811.6,BRL,695.780.412-76,Garcia Ltda.,das Neves,MA,2026-05-25 01:16:38
FLOW-0000001616,POL-00000351,CLM-00000562,PREMIUM_PAYMENT,DEBIT,PENDING,2025-03-17,2025-03-18,1984.24,1984.24,BRL,604.923.581-33,Castro,Cavalcanti de Goiás,AP,2026-05-25 01:16:38
FLOW-0000001617,POL-00000466,CLM-00000342,PREMIUM_PAYMENT,CREDIT_CARD,FAILED,2025-06-30,2025-06-30,8267.47,0.0,BRL,267.403.918-31,Campos - ME,Fogaça de Minas,AL,2026-05-25 01:16:38
FLOW-0000001618,POL-00000006,CLM-00000101,CLAIM_PAYMENT,DEBIT,FAILED,2025-03-19,2025-03-20,21727.94,0.0,BRL,386.491.502-33,Macedo,Sá,TO,2026-05-25 01:16:38
FLOW-0000001619,POL-00000090,CLM-00000540,PREMIUM_PAYMENT,CREDIT_CARD,PENDING,2025-08-31,2025-09-01,9496.88,9496.88,BRL,071.845.239-97,Rocha Ltda.,Aparecida do Amparo,MT,2026-05-25 01:16:38
FLOW-0000001620,POL-00000271,CLM-00000358,REFUND,BANK_TRANSFER,PENDING,2025-06-10,2025-06-14,20542.51,20542.51,BRL,580.976.243-38,Mendonça Barros e Filhos,Silveira,MT,2026-05-25 01:16:38
FLOW-0000001621,POL-00000460,CLM-00000050,REINSURANCE,BANK_SLIP,PENDING,2026-01-27,2026-01-29,13810.98,13810.98,BRL,391.047.856-57,Pereira,Nogueira,RO,2026-05-25 01:16:38
FLOW-0000001622,POL-00000177,CLM-00000826,REFUND,BANK_TRANSFER,PROCESSED,2025-05-18,2025-05-20,23665.43,23665.43,BRL,914.603.257-61,Machado da Mota S.A.,Araújo de Lopes,AP,2026-05-25 01:16:38
FLOW-0000001623,POL-00000304,CLM-00000131,REFUND,CREDIT_CARD,CANCELLED,2025-10-02,2025-10-06,14885.69,14885.69,BRL,270.645.831-35,Sá,Melo de Caldeira,DF,2026-05-25 01:16:38
FLOW-0000001624,POL-00000337,CLM-00000130,CANCELLATION,BANK_SLIP,PROCESSED,2026-04-11,2026-04-11,17182.13,17182.13,BRL,516.407.239-43,Araújo - EI,Nascimento,SC,2026-05-25 01:16:38
FLOW-0000001625,POL-00000471,CLM-00000743,COMMISSION,CREDIT_CARD,PENDING,2026-01-17,2026-01-20,14210.64,14210.64,BRL,321.850.674-35,Santos S/A,Gonçalves de Pinto,DF,2026-05-25 01:16:38
FLOW-0000001626,POL-00000362,CLM-00000469,CANCELLATION,BANK_SLIP,CANCELLED,2024-11-28,2024-12-03,19449.33,19449.33,BRL,286.309.451-33,Siqueira Cunha - EI,Guerra do Norte,MG,2026-05-25 01:16:38
FLOW-0000001627,POL-00000142,CLM-00000976,REFUND,DEBIT,FAILED,2025-03-12,2025-03-15,24656.84,0.0,BRL,187.904.632-69,Monteiro,da Paz,RN,2026-05-25 01:16:38
FLOW-0000001628,POL-00000326,CLM-00000879,CLAIM_PAYMENT,PIX,FAILED,2024-06-22,2024-06-26,23544.84,0.0,BRL,632.847.591-82,Vasconcelos Oliveira S.A.,Caldeira,CE,2026-05-25 01:16:38
FLOW-0000001629,POL-00000325,CLM-00000082,COMMISSION,PIX,PENDING,2026-03-06,2026-03-08,10192.54,10192.54,BRL,641.709.385-93,Costa,Pacheco de Barbosa,MS,2026-05-25 01:16:38
FLOW-0000001630,POL-00000295,CLM-00000059,PREMIUM_PAYMENT,PIX,PROCESSED,2025-09-14,2025-09-19,6038.92,6038.92,BRL,824.679.153-28,Moraes,Campos do Galho,PR,2026-05-25 01:16:38
FLOW-0000001631,POL-00000493,CLM-00000972,REFUND,DEBIT,PENDING,2025-07-10,2025-07-15,7181.98,7181.98,BRL,953.284.617-46,Ribeiro - EI,Cardoso da Serra,MA,2026-05-25 01:16:38
FLOW-0000001632,POL-00000246,CLM-00000510,CANCELLATION,BANK_TRANSFER,PROCESSED,2024-10-19,2024-10-24,12741.62,12741.62,BRL,849.326.175-00,Nascimento Ltda.,Campos,AC,2026-05-25 01:16:38
FLOW-0000001633,POL-00000208,CLM-00000015,REINSURANCE,BANK_TRANSFER,PENDING,2024-12-20,2024-12-25,24948.96,24948.96,BRL,039.182.756-12,Rezende Casa Grande - EI,Câmara de Sá,CE,2026-05-25 01:16:38
FLOW-0000001634,POL-00000366,CLM-00000436,CANCELLATION,BANK_TRANSFER,PENDING,2024-12-01,2024-12-02,22776.62,22776.62,BRL,694.035.281-33,Leão Ltda.,Costa do Norte,BA,2026-05-25 01:16:38
FLOW-0000001635,POL-00000311,CLM-00000460,CANCELLATION,BANK_SLIP,PENDING,2025-04-16,2025-04-21,8659.26,8659.26,BRL,501.692.384-15,Rodrigues,Cavalcante de Minas,CE,2026-05-25 01:16:38
FLOW-0000001636,POL-00000090,CLM-00000077,REINSURANCE,CREDIT_CARD,PROCESSED,2024-08-19,2024-08-24,23258.12,23258.12,BRL,635.492.018-42,Cassiano e Filhos,Cirino da Mata,PI,2026-05-25 01:16:38
FLOW-0000001637,POL-00000254,CLM-00000389,PREMIUM_PAYMENT,BANK_SLIP,CANCELLED,2025-03-26,2025-03-27,12866.43,12866.43,BRL,018.964.273-40,Albuquerque,Garcia do Galho,RR,2026-05-25 01:16:38
FLOW-0000001638,POL-00000426,CLM-00000553,COMMISSION,PIX,PROCESSED,2025-10-15,2025-10-17,24244.72,24244.72,BRL,857.194.360-57,Campos Azevedo - EI,Costela,BA,2026-05-25 01:16:38
FLOW-0000001639,POL-00000110,CLM-00000003,COMMISSION,BANK_TRANSFER,FAILED,2024-12-04,2024-12-06,7514.49,0.0,BRL,562.310.789-30,da Rosa S/A,Nogueira de Sousa,MT,2026-05-25 01:16:38
FLOW-0000001640,POL-00000479,CLM-00000475,COMMISSION,BANK_TRANSFER,PENDING,2026-01-19,2026-01-22,5475.71,5475.71,BRL,317.540.926-16,Moreira Cirino - EI,Moraes,DF,2026-05-25 01:16:38
FLOW-0000001641,POL-00000169,CLM-00000306,PREMIUM_PAYMENT,CREDIT_CARD,CANCELLED,2026-05-08,2026-05-11,1484.54,1484.54,BRL,746.829.530-10,das Neves - EI,Ferreira de Melo,ES,2026-05-25 01:16:38
FLOW-0000001642,POL-00000206,CLM-00000364,CANCELLATION,PIX,PROCESSED,2024-07-02,2024-07-02,178.6,178.6,BRL,530.287.691-40,Nogueira - EI,da Cruz,BA,2026-05-25 01:16:38
FLOW-0000001643,POL-00000271,CLM-00000527,CLAIM_PAYMENT,BANK_SLIP,PENDING,2024-06-21,2024-06-21,10798.56,10798.56,BRL,189.460.723-69,Nogueira,Machado,PI,2026-05-25 01:16:38
FLOW-0000001644,POL-00000080,CLM-00000788,REFUND,CREDIT_CARD,PENDING,2026-03-23,2026-03-26,3139.87,3139.87,BRL,841.932.057-97,Montenegro,Machado dos Dourados,AM,2026-05-25 01:16:38
FLOW-0000001645,POL-00000187,CLM-00000439,COMMISSION,BANK_SLIP,FAILED,2026-05-08,2026-05-09,11793.93,0.0,BRL,753.648.192-64,Novaes e Filhos,Campos de Minas,MA,2026-05-25 01:16:38
FLOW-0000001646,POL-00000337,CLM-00000860,PREMIUM_PAYMENT,DEBIT,CANCELLED,2025-05-02,2025-05-06,20298.02,20298.02,BRL,286.354.970-74,Aragão Cardoso - EI,Teixeira do Galho,SC,2026-05-25 01:16:38
FLOW-0000001647,POL-00000003,CLM-00000368,CANCELLATION,BANK_SLIP,CANCELLED,2025-07-23,2025-07-24,3539.87,3539.87,BRL,840.623.951-42,Rodrigues e Filhos,Andrade das Flores,RR,2026-05-25 01:16:38
FLOW-0000001648,POL-00000203,CLM-00000432,PREMIUM_PAYMENT,CREDIT_CARD,PROCESSED,2025-02-09,2025-02-09,4779.7,4779.7,BRL,870.931.652-30,Campos,Mendonça,PA,2026-05-25 01:16:38
FLOW-0000001649,POL-00000492,CLM-00000682,CLAIM_PAYMENT,CREDIT_CARD,CANCELLED,2025-08-09,2025-08-09,4049.8,4049.8,BRL,586.972.431-73,Gomes - EI,da Mata da Mata,CE,2026-05-25 01:16:38
FLOW-0000001650,POL-00000410,CLM-00000699,REINSURANCE,BANK_SLIP,CANCELLED,2024-07-02,2024-07-02,10556.33,10556.33,BRL,093.742.615-61,da Cunha Nogueira - EI,Rios de Moura,PB,2026-05-25 01:16:38
FLOW-0000001651,POL-00000068,CLM-00000113,REFUND,PIX,CANCELLED,2026-03-28,2026-03-30,18789.69,18789.69,BRL,596.701.382-21,Rocha Ltda.,Moraes da Mata,RR,2026-05-25 01:16:38
FLOW-0000001652,POL-00000393,CLM-00000701,COMMISSION,BANK_SLIP,PENDING,2024-06-20,2024-06-20,3196.78,3196.78,BRL,810.326.579-95,Casa Grande,Fonseca,DF,2026-05-25 01:16:38
FLOW-0000001653,POL-00000500,CLM-00000612,COMMISSION,PIX,CANCELLED,2024-10-30,2024-10-30,16973.84,16973.84,BRL,793.084.651-20,Gomes Carvalho S/A,da Paz,AL,2026-05-25 01:16:38
FLOW-0000001654,POL-00000043,CLM-00000780,COMMISSION,DEBIT,CANCELLED,2025-11-03,2025-11-06,12030.82,12030.82,BRL,761.985.230-12,Campos,Aparecida,RS,2026-05-25 01:16:38
FLOW-0000001655,POL-00000128,CLM-00000288,CANCELLATION,PIX,PROCESSED,2025-11-03,2025-11-04,15459.45,15459.45,BRL,058.239.417-14,Jesus,Araújo,RR,2026-05-25 01:16:38
FLOW-0000001656,POL-00000102,CLM-00000486,CLAIM_PAYMENT,PIX,CANCELLED,2026-05-08,2026-05-10,24856.71,24856.71,BRL,654.938.217-37,Sousa - EI,Novais,RR,2026-05-25 01:16:38
FLOW-0000001657,POL-00000097,CLM-00000876,REINSURANCE,BANK_TRANSFER,PROCESSED,2025-09-28,2025-10-03,18274.9,18274.9,BRL,845.319.027-50,Abreu,Oliveira Paulista,RO,2026-05-25 01:16:38
FLOW-0000001658,POL-00000068,CLM-00000411,CLAIM_PAYMENT,PIX,PENDING,2024-12-20,2024-12-25,15880.21,15880.21,BRL,108.472.695-58,Azevedo Souza - EI,Cavalcante,ES,2026-05-25 01:16:38
FLOW-0000001659,POL-00000010,CLM-00000632,CLAIM_PAYMENT,BANK_SLIP,CANCELLED,2025-02-02,2025-02-04,24760.45,24760.45,BRL,725.836.019-03,Lopes Moura e Filhos,Cavalcanti,PA,2026-05-25 01:16:38
FLOW-0000001660,POL-00000269,CLM-00000314,REFUND,BANK_SLIP,CANCELLED,2025-03-25,2025-03-25,21615.54,21615.54,BRL,071.392.685-68,Moraes,Peixoto,CE,2026-05-25 01:16:38
FLOW-0000001661,POL-00000262,CLM-00000438,REFUND,PIX,PENDING,2026-01-24,2026-01-25,8437.64,8437.64,BRL,871.046.529-49,Moraes,Duarte de Correia,PB,2026-05-25 01:16:38
FLOW-0000001662,POL-00000483,CLM-00000360,COMMISSION,DEBIT,FAILED,2024-07-24,2024-07-26,2795.87,0.0,BRL,624.105.938-60,Mendes,Costa,SE,2026-05-25 01:16:38
FLOW-0000001663,POL-00000021,CLM-00000001,PREMIUM_PAYMENT,PIX,PROCESSED,2025-11-08,2025-11-09,8030.03,8030.03,BRL,942.651.380-98,Farias da Luz e Filhos,da Costa,MG,2026-05-25 01:16:38
FLOW-0000001664,POL-00000242,CLM-00000287,CLAIM_PAYMENT,BANK_TRANSFER,FAILED,2024-08-20,2024-08-25,18631.63,0.0,BRL,502.149.637-99,Fogaça - EI,Câmara Alegre,ES,2026-05-25 01:16:38
FLOW-0000001665,POL-00000187,CLM-00000343,COMMISSION,CREDIT_CARD,CANCELLED,2025-09-23,2025-09-23,10801.14,10801.14,BRL,874.250.396-56,Garcia,Nascimento,SP,2026-05-25 01:16:38
FLOW-0000001666,POL-00000170,CLM-00000370,PREMIUM_PAYMENT,CREDIT_CARD,PROCESSED,2024-12-07,2024-12-07,2467.34,2467.34,BRL,562.031.749-80,Vieira Pacheco S/A,Barros,ES,2026-05-25 01:16:38
FLOW-0000001667,POL-00000122,CLM-00000666,REINSURANCE,CREDIT_CARD,FAILED,2026-04-21,2026-04-26,19481.27,0.0,BRL,038.291.465-15,Costa,Rios do Campo,SE,2026-05-25 01:16:38
FLOW-0000001668,POL-00000067,CLM-00000645,PREMIUM_PAYMENT,BANK_TRANSFER,PENDING,2025-10-01,2025-10-02,14628.96,14628.96,BRL,748.639.012-40,Siqueira,Andrade,MS,2026-05-25 01:16:38
FLOW-0000001669,POL-00000099,CLM-00000722,CANCELLATION,DEBIT,PROCESSED,2025-08-19,2025-08-19,1073.92,1073.92,BRL,756.218.403-80,da Costa S/A,da Mota do Galho,TO,2026-05-25 01:16:38
FLOW-0000001670,POL-00000155,CLM-00000743,REINSURANCE,DEBIT,FAILED,2025-10-10,2025-10-10,1918.25,0.0,BRL,037.812.946-50,Leão,Macedo da Serra,PE,2026-05-25 01:16:38
FLOW-0000001671,POL-00000066,CLM-00000197,CLAIM_PAYMENT,DEBIT,PENDING,2025-12-01,2025-12-02,13362.26,13362.26,BRL,174.630.298-40,Freitas,Oliveira Verde,AL,2026-05-25 01:16:38
FLOW-0000001672,POL-00000459,CLM-00000375,REINSURANCE,DEBIT,FAILED,2026-02-04,2026-02-08,17804.5,0.0,BRL,342.716.095-52,Camargo - ME,Rios do Oeste,RJ,2026-05-25 01:16:38
FLOW-0000001673,POL-00000248,CLM-00000430,REFUND,BANK_TRANSFER,PENDING,2025-06-17,2025-06-22,17947.28,17947.28,BRL,416.780.295-30,da Cunha,Azevedo dos Dourados,PI,2026-05-25 01:16:38
FLOW-0000001674,POL-00000357,CLM-00000991,CLAIM_PAYMENT,BANK_SLIP,FAILED,2025-09-07,2025-09-11,19782.59,0.0,BRL,627.359.814-28,Moreira,Alves da Praia,PA,2026-05-25 01:16:38
FLOW-0000001675,POL-00000407,CLM-00000996,REINSURANCE,BANK_SLIP,PENDING,2025-03-15,2025-03-17,1183.86,1183.86,BRL,910.763.485-48,da Conceição,Cirino,SP,2026-05-25 01:16:38
FLOW-0000001676,POL-00000085,CLM-00000449,REFUND,BANK_TRANSFER,PENDING,2025-07-12,2025-07-17,20372.61,20372.61,BRL,107.495.263-43,Correia,Pastor,AP,2026-05-25 01:16:38
FLOW-0000001677,POL-00000311,CLM-00000279,REFUND,BANK_SLIP,CANCELLED,2025-06-19,2025-06-22,14084.34,14084.34,BRL,185.946.320-70,Sá Siqueira - ME,Santos,RN,2026-05-25 01:16:38
FLOW-0000001678,POL-00000304,CLM-00000714,REINSURANCE,PIX,PROCESSED,2025-04-30,2025-05-01,139.83,139.83,BRL,650.387.249-65,Borges Cavalcante S/A,Nunes,AM,2026-05-25 01:16:38
FLOW-0000001679,POL-00000156,CLM-00000873,CANCELLATION,BANK_SLIP,FAILED,2026-01-25,2026-01-29,11413.25,0.0,BRL,350.489.126-24,Nogueira Souza - ME,Rodrigues,PA,2026-05-25 01:16:38
FLOW-0000001680,POL-00000088,CLM-00000230,REINSURANCE,PIX,PENDING,2024-09-09,2024-09-11,17720.95,17720.95,BRL,831.265.749-55,Rodrigues,Lima de Dias,PB,2026-05-25 01:16:38
FLOW-0000001681,POL-00000483,CLM-00000905,PREMIUM_PAYMENT,CREDIT_CARD,PROCESSED,2024-06-02,2024-06-06,5993.51,5993.51,BRL,830.256.791-40,Fogaça,Câmara do Galho,MT,2026-05-25 01:16:38
FLOW-0000001682,POL-00000422,CLM-00000216,PREMIUM_PAYMENT,BANK_TRANSFER,PROCESSED,2025-10-08,2025-10-09,6797.35,6797.35,BRL,942.185.730-50,Cavalcante e Filhos,da Costa dos Dourados,RO,2026-05-25 01:16:38
FLOW-0000001683,POL-00000167,CLM-00000086,COMMISSION,BANK_TRANSFER,FAILED,2024-06-08,2024-06-08,84.93,0.0,BRL,106.857.924-20,Macedo Camargo Ltda.,Azevedo Alegre,AC,2026-05-25 01:16:38
FLOW-0000001684,POL-00000167,CLM-00000059,REFUND,PIX,FAILED,2026-04-30,2026-05-02,18065.89,0.0,BRL,851.342.709-88,Pinto Costa S/A,Andrade,RJ,2026-05-25 01:16:38
FLOW-0000001685,POL-00000132,CLM-00000995,COMMISSION,PIX,PROCESSED,2025-01-31,2025-02-02,5521.03,5521.03,BRL,539.861.047-39,Machado,Alves da Serra,AP,2026-05-25 01:16:38
FLOW-0000001686,POL-00000370,CLM-00000764,REINSURANCE,DEBIT,PENDING,2024-09-07,2024-09-11,16450.07,16450.07,BRL,165.749.832-82,Silva - ME,Fogaça das Flores,PB,2026-05-25 01:16:38
FLOW-0000001687,POL-00000419,CLM-00000453,CANCELLATION,BANK_SLIP,PROCESSED,2026-03-02,2026-03-07,6470.76,6470.76,BRL,915.608.472-20,da Costa,Macedo de Machado,PE,2026-05-25 01:16:38
FLOW-0000001688,POL-00000080,CLM-00000457,REINSURANCE,BANK_SLIP,CANCELLED,2026-05-13,2026-05-15,6756.4,6756.4,BRL,318.502.974-79,Lima,Ribeiro da Serra,PA,2026-05-25 01:16:38
FLOW-0000001689,POL-00000462,CLM-00000491,COMMISSION,PIX,PROCESSED,2025-04-20,2025-04-25,18170.84,18170.84,BRL,813.940.756-93,Brito - ME,Monteiro das Pedras,AM,2026-05-25 01:16:38
FLOW-0000001690,POL-00000097,CLM-00000584,CLAIM_PAYMENT,DEBIT,PROCESSED,2025-06-27,2025-06-30,4578.76,4578.76,BRL,801.932.756-86,Pinto,Araújo,MT,2026-05-25 01:16:38
FLOW-0000001691,POL-00000159,CLM-00000167,COMMISSION,BANK_SLIP,PENDING,2025-01-26,2025-01-31,4551.15,4551.15,BRL,614.382.079-13,Andrade Montenegro S.A.,Araújo da Prata,PI,2026-05-25 01:16:38
FLOW-0000001692,POL-00000074,CLM-00000074,CLAIM_PAYMENT,DEBIT,PENDING,2026-01-01,2026-01-04,17199.8,17199.8,BRL,128.794.503-14,Moura,Aragão de Gonçalves,RR,2026-05-25 01:16:38
FLOW-0000001693,POL-00000052,CLM-00000742,CANCELLATION,BANK_TRANSFER,CANCELLED,2026-04-21,2026-04-22,11402.85,11402.85,BRL,605.312.748-53,Dias,Gomes da Prata,SE,2026-05-25 01:16:38
FLOW-0000001694,POL-00000194,CLM-00000394,PREMIUM_PAYMENT,PIX,PENDING,2024-05-29,2024-05-30,18182.78,18182.78,BRL,623.407.859-10,da Rosa,Duarte,SC,2026-05-25 01:16:38
FLOW-0000001695,POL-00000068,CLM-00000255,CANCELLATION,PIX,PENDING,2026-03-02,2026-03-02,20672.73,20672.73,BRL,671.428.539-64,da Costa,Moraes de Gonçalves,ES,2026-05-25 01:16:38
FLOW-0000001696,POL-00000406,CLM-00000990,CANCELLATION,PIX,PENDING,2024-11-24,2024-11-26,3608.76,3608.76,BRL,639.247.058-10,Abreu S.A.,Dias do Amparo,TO,2026-05-25 01:16:38
FLOW-0000001697,POL-00000104,CLM-00000143,COMMISSION,DEBIT,PENDING,2026-03-03,2026-03-03,13582.14,13582.14,BRL,861.904.327-78,Garcia,Câmara,DF,2026-05-25 01:16:38
FLOW-0000001698,POL-00000170,CLM-00000491,CLAIM_PAYMENT,BANK_SLIP,FAILED,2025-09-21,2025-09-25,22315.14,0.0,BRL,048.617.295-30,Monteiro Cavalcanti e Filhos,Montenegro da Serra,SE,2026-05-25 01:16:38
FLOW-0000001699,POL-00000322,CLM-00000557,CANCELLATION,PIX,FAILED,2025-02-08,2025-02-09,1444.09,0.0,BRL,648.107.923-31,Peixoto da Costa S/A,Campos da Mata,BA,2026-05-25 01:16:38
FLOW-0000001700,POL-00000053,CLM-00000524,PREMIUM_PAYMENT,DEBIT,FAILED,2025-04-27,2025-04-27,20631.88,0.0,BRL,410.573.962-06,Vieira e Filhos,Cavalcanti,RR,2026-05-25 01:16:38
FLOW-0000001701,POL-00000117,CLM-00000438,CLAIM_PAYMENT,DEBIT,PENDING,2026-05-10,2026-05-11,80.2,80.2,BRL,976.124.053-34,Lima,Souza,TO,2026-05-25 01:16:38
FLOW-0000001702,POL-00000472,CLM-00000901,COMMISSION,DEBIT,PROCESSED,2025-10-13,2025-10-14,8865.08,8865.08,BRL,692.174.308-03,Caldeira Rezende S/A,Castro,DF,2026-05-25 01:16:38
FLOW-0000001703,POL-00000087,CLM-00000113,PREMIUM_PAYMENT,BANK_SLIP,CANCELLED,2025-02-15,2025-02-20,22111.39,22111.39,BRL,217.690.384-69,Sousa Novais - ME,Araújo da Serra,TO,2026-05-25 01:16:38
FLOW-0000001704,POL-00000040,CLM-00000631,COMMISSION,CREDIT_CARD,FAILED,2026-03-20,2026-03-20,23913.84,0.0,BRL,481.590.237-23,da Cunha - ME,Martins,AC,2026-05-25 01:16:38
FLOW-0000001705,POL-00000310,CLM-00000155,PREMIUM_PAYMENT,BANK_SLIP,PENDING,2025-12-18,2025-12-18,9044.31,9044.31,BRL,578.601.342-17,da Conceição Garcia - EI,Ferreira dos Dourados,AL,2026-05-25 01:16:38
FLOW-0000001706,POL-00000348,CLM-00000436,REINSURANCE,BANK_SLIP,PROCESSED,2024-08-14,2024-08-17,13285.49,13285.49,BRL,750.614.932-06,Rezende Jesus S/A,Monteiro,PI,2026-05-25 01:16:38
FLOW-0000001707,POL-00000179,CLM-00000897,REINSURANCE,PIX,FAILED,2025-08-28,2025-09-02,17194.66,0.0,BRL,097.835.641-10,Moreira,Guerra,PA,2026-05-25 01:16:38
FLOW-0000001708,POL-00000478,CLM-00000272,CANCELLATION,PIX,FAILED,2026-04-15,2026-04-17,22910.05,0.0,BRL,187.906.435-93,Barros Rodrigues e Filhos,Marques de Goiás,SP,2026-05-25 01:16:38
FLOW-0000001709,POL-00000164,CLM-00000152,CLAIM_PAYMENT,DEBIT,PROCESSED,2026-01-14,2026-01-14,21549.76,21549.76,BRL,643.807.521-35,Pires S/A,Pastor,RN,2026-05-25 01:16:38
FLOW-0000001710,POL-00000058,CLM-00000592,REFUND,DEBIT,PENDING,2026-01-07,2026-01-10,18047.52,18047.52,BRL,415.270.386-53,da Rosa,Ribeiro,AP,2026-05-25 01:16:38
FLOW-0000001711,POL-00000066,CLM-00000187,PREMIUM_PAYMENT,DEBIT,FAILED,2025-02-06,2025-02-11,6997.98,0.0,BRL,158.924.073-14,da Rocha,da Rosa de Souza,TO,2026-05-25 01:16:38
FLOW-0000001712,POL-00000356,CLM-00000997,REFUND,DEBIT,CANCELLED,2026-02-12,2026-02-14,8016.93,8016.93,BRL,541.873.920-41,da Rosa,Ramos Alegre,PB,2026-05-25 01:16:38
FLOW-0000001713,POL-00000411,CLM-00000967,COMMISSION,BANK_SLIP,PROCESSED,2025-02-13,2025-02-17,19847.86,19847.86,BRL,742.305.816-53,Pinto Aparecida e Filhos,Sousa,RN,2026-05-25 01:16:38
FLOW-0000001714,POL-00000273,CLM-00000550,REFUND,BANK_SLIP,CANCELLED,2025-12-24,2025-12-27,10495.56,10495.56,BRL,430.671.289-31,Cavalcante Monteiro S/A,Barros,DF,2026-05-25 01:16:38
FLOW-0000001715,POL-00000270,CLM-00000592,CANCELLATION,BANK_SLIP,CANCELLED,2026-03-30,2026-04-02,2136.26,2136.26,BRL,468.905.123-24,Barbosa,Moreira,PB,2026-05-25 01:16:38
FLOW-0000001716,POL-00000105,CLM-00000872,COMMISSION,PIX,PENDING,2026-05-12,2026-05-17,2226.89,2226.89,BRL,970.835.624-74,Moraes Câmara S/A,Abreu do Campo,AC,2026-05-25 01:16:38
FLOW-0000001717,POL-00000031,CLM-00000934,CLAIM_PAYMENT,CREDIT_CARD,PENDING,2025-12-16,2025-12-18,13981.44,13981.44,BRL,917.326.485-73,Castro Montenegro - ME,Costela,AM,2026-05-25 01:16:38
FLOW-0000001718,POL-00000236,CLM-00000148,CLAIM_PAYMENT,BANK_TRANSFER,FAILED,2025-07-02,2025-07-04,21226.35,0.0,BRL,248.175.630-44,Marques,Nunes de Borges,BA,2026-05-25 01:16:38
FLOW-0000001719,POL-00000383,CLM-00000142,CLAIM_PAYMENT,PIX,PENDING,2025-12-16,2025-12-19,6100.31,6100.31,BRL,380.614.975-57,Alves S/A,Ribeiro de da Conceição,ES,2026-05-25 01:16:38
FLOW-0000001720,POL-00000357,CLM-00000989,REFUND,DEBIT,PENDING,2025-02-01,2025-02-06,17613.87,17613.87,BRL,384.561.709-84,Porto,Martins,PR,2026-05-25 01:16:38
FLOW-0000001721,POL-00000245,CLM-00000858,PREMIUM_PAYMENT,BANK_TRANSFER,PENDING,2026-01-30,2026-02-01,1399.38,1399.38,BRL,875.630.912-03,Peixoto,Cavalcanti,BA,2026-05-25 01:16:38
FLOW-0000001722,POL-00000041,CLM-00000251,COMMISSION,PIX,PROCESSED,2024-06-06,2024-06-07,803.13,803.13,BRL,384.129.576-28,Nunes,Lima Grande,DF,2026-05-25 01:16:38
FLOW-0000001723,POL-00000392,CLM-00000187,REFUND,DEBIT,PROCESSED,2025-01-26,2025-01-26,14251.12,14251.12,BRL,207.841.356-90,Monteiro Costela Ltda.,Sá do Norte,MA,2026-05-25 01:16:38
FLOW-0000001724,POL-00000241,CLM-00000422,REINSURANCE,CREDIT_CARD,FAILED,2025-07-30,2025-08-04,3545.8,0.0,BRL,071.465.982-76,da Mata Santos Ltda.,Mendes,RJ,2026-05-25 01:16:38
FLOW-0000001725,POL-00000147,CLM-00000114,CANCELLATION,BANK_SLIP,PENDING,2025-03-26,2025-03-29,19545.85,19545.85,BRL,429.068.731-87,Andrade,Camargo da Prata,RR,2026-05-25 01:16:38
FLOW-0000001726,POL-00000258,CLM-00000165,PREMIUM_PAYMENT,PIX,PROCESSED,2026-01-23,2026-01-23,22034.87,22034.87,BRL,476.829.035-38,Gomes,Peixoto,MT,2026-05-25 01:16:38
FLOW-0000001727,POL-00000284,CLM-00000729,CANCELLATION,CREDIT_CARD,CANCELLED,2024-10-30,2024-11-02,20825.37,20825.37,BRL,738.019.452-60,Silveira,Teixeira,AP,2026-05-25 01:16:38
FLOW-0000001728,POL-00000217,CLM-00000954,CANCELLATION,BANK_SLIP,PROCESSED,2025-03-14,2025-03-18,12571.72,12571.72,BRL,579.281.603-40,Marques Jesus - EI,Carvalho do Amparo,PR,2026-05-25 01:16:38
FLOW-0000001729,POL-00000487,CLM-00000129,REINSURANCE,BANK_SLIP,CANCELLED,2026-05-23,2026-05-25,24329.4,24329.4,BRL,904.521.387-79,Fogaça,Silva do Sul,AM,2026-05-25 01:16:38
FLOW-0000001730,POL-00000095,CLM-00000843,CLAIM_PAYMENT,BANK_TRANSFER,CANCELLED,2025-12-11,2025-12-14,15495.14,15495.14,BRL,692.785.043-00,Souza Pires - EI,Guerra das Flores,BA,2026-05-25 01:16:38
FLOW-0000001731,POL-00000245,CLM-00000321,CANCELLATION,DEBIT,CANCELLED,2025-03-08,2025-03-12,21050.74,21050.74,BRL,697.134.258-55,Siqueira Ltda.,Teixeira,DF,2026-05-25 01:16:38
FLOW-0000001732,POL-00000100,CLM-00000277,COMMISSION,PIX,CANCELLED,2025-09-21,2025-09-24,4162.37,4162.37,BRL,758.692.431-73,Caldeira S.A.,Pastor,SC,2026-05-25 01:16:38
FLOW-0000001733,POL-00000015,CLM-00000246,REINSURANCE,CREDIT_CARD,FAILED,2026-04-29,2026-04-29,1991.32,0.0,BRL,368.104.579-84,Ramos S.A.,da Paz das Flores,PA,2026-05-25 01:16:38
FLOW-0000001734,POL-00000306,CLM-00000012,PREMIUM_PAYMENT,CREDIT_CARD,PROCESSED,2025-10-01,2025-10-02,13562.12,13562.12,BRL,618.904.357-75,Nunes S/A,Pimenta das Pedras,BA,2026-05-25 01:16:38
FLOW-0000001735,POL-00000124,CLM-00000276,CANCELLATION,PIX,PENDING,2025-05-15,2025-05-16,13814.7,13814.7,BRL,730.148.956-01,Vieira,Aragão da Praia,BA,2026-05-25 01:16:38
FLOW-0000001736,POL-00000024,CLM-00000050,REINSURANCE,CREDIT_CARD,CANCELLED,2025-12-26,2025-12-30,14141.68,14141.68,BRL,345.179.820-41,Carvalho,Marques da Praia,TO,2026-05-25 01:16:38
FLOW-0000001737,POL-00000385,CLM-00000290,PREMIUM_PAYMENT,DEBIT,FAILED,2025-11-18,2025-11-18,23590.55,0.0,BRL,806.971.245-76,Garcia,Pastor do Sul,PI,2026-05-25 01:16:38
FLOW-0000001738,POL-00000499,CLM-00000133,REFUND,PIX,FAILED,2025-11-16,2025-11-20,4912.35,0.0,BRL,095.712.486-49,Moraes,da Costa de Silveira,ES,2026-05-25 01:16:38
FLOW-0000001739,POL-00000258,CLM-00000827,CANCELLATION,BANK_SLIP,PENDING,2025-02-20,2025-02-22,10211.8,10211.8,BRL,305.269.817-68,Aragão e Filhos,Pacheco,SE,2026-05-25 01:16:38
FLOW-0000001740,POL-00000301,CLM-00000890,REFUND,PIX,CANCELLED,2026-04-15,2026-04-15,14700.03,14700.03,BRL,167.308.429-03,Peixoto,Cassiano,PB,2026-05-25 01:16:38
FLOW-0000001741,POL-00000041,CLM-00000907,CANCELLATION,PIX,CANCELLED,2025-04-13,2025-04-15,4072.51,4072.51,BRL,963.051.842-24,Cassiano,Campos do Sul,AL,2026-05-25 01:16:38
FLOW-0000001742,POL-00000394,CLM-00000736,CLAIM_PAYMENT,BANK_SLIP,PROCESSED,2024-11-05,2024-11-10,5827.67,5827.67,BRL,571.329.840-04,Cavalcante e Filhos,da Costa da Prata,TO,2026-05-25 01:16:38
FLOW-0000001743,POL-00000230,CLM-00000805,CANCELLATION,BANK_SLIP,FAILED,2024-09-30,2024-10-04,12931.7,0.0,BRL,389.105.642-70,Cavalcante Caldeira - EI,Vasconcelos do Sul,AM,2026-05-25 01:16:38
FLOW-0000001744,POL-00000021,CLM-00000913,REINSURANCE,DEBIT,CANCELLED,2025-10-06,2025-10-08,7306.5,7306.5,BRL,039.725.468-74,Peixoto Ltda.,da Rosa,SP,2026-05-25 01:16:38
FLOW-0000001745,POL-00000491,CLM-00000157,REINSURANCE,BANK_TRANSFER,PENDING,2024-07-19,2024-07-20,5260.07,5260.07,BRL,387.502.491-50,Casa Grande,Moraes,PE,2026-05-25 01:16:38
FLOW-0000001746,POL-00000074,CLM-00000785,PREMIUM_PAYMENT,CREDIT_CARD,PENDING,2025-02-22,2025-02-27,24860.39,24860.39,BRL,256.019.743-06,Jesus - ME,Campos,ES,2026-05-25 01:16:38
FLOW-0000001747,POL-00000049,CLM-00000466,PREMIUM_PAYMENT,CREDIT_CARD,CANCELLED,2024-10-16,2024-10-20,21694.97,21694.97,BRL,628.940.517-94,da Conceição S/A,Ferreira da Mata,RS,2026-05-25 01:16:38
FLOW-0000001748,POL-00000144,CLM-00000591,CLAIM_PAYMENT,CREDIT_CARD,PENDING,2025-12-20,2025-12-21,23354.7,23354.7,BRL,035.826.974-10,Pinto,Pires,AP,2026-05-25 01:16:38
FLOW-0000001749,POL-00000133,CLM-00000485,CLAIM_PAYMENT,CREDIT_CARD,CANCELLED,2025-01-10,2025-01-12,2276.27,2276.27,BRL,210.834.967-78,Abreu,Abreu de Goiás,RS,2026-05-25 01:16:38
FLOW-0000001750,POL-00000498,CLM-00000583,CLAIM_PAYMENT,DEBIT,PENDING,2024-08-03,2024-08-06,16274.79,16274.79,BRL,584.036.219-06,Caldeira - ME,Gomes,AP,2026-05-25 01:16:38
FLOW-0000001751,POL-00000210,CLM-00000878,COMMISSION,BANK_TRANSFER,CANCELLED,2025-01-11,2025-01-11,9118.63,9118.63,BRL,803.576.941-39,Almeida,Pereira da Praia,ES,2026-05-25 01:16:38
FLOW-0000001752,POL-00000192,CLM-00000086,COMMISSION,DEBIT,FAILED,2024-10-25,2024-10-30,3268.16,0.0,BRL,217.849.560-58,Pereira,Santos,SE,2026-05-25 01:16:38
FLOW-0000001753,POL-00000318,CLM-00000660,CANCELLATION,PIX,PENDING,2025-02-21,2025-02-25,11279.8,11279.8,BRL,314.789.625-00,Pimenta S.A.,Costa,TO,2026-05-25 01:16:38
FLOW-0000001754,POL-00000080,CLM-00000874,CANCELLATION,PIX,PENDING,2024-12-29,2025-01-03,19775.24,19775.24,BRL,685.371.290-03,Melo Rocha e Filhos,da Costa de Goiás,RS,2026-05-25 01:16:38
FLOW-0000001755,POL-00000438,CLM-00000075,REINSURANCE,BANK_SLIP,CANCELLED,2026-03-11,2026-03-13,9426.75,9426.75,BRL,934.865.017-39,Nunes,Rezende de das Neves,AC,2026-05-25 01:16:38
FLOW-0000001756,POL-00000179,CLM-00000478,CANCELLATION,DEBIT,PENDING,2025-03-05,2025-03-08,21860.26,21860.26,BRL,693.051.274-52,Mendes Machado S/A,Duarte,PE,2026-05-25 01:16:38
FLOW-0000001757,POL-00000044,CLM-00000185,REFUND,PIX,PENDING,2025-09-03,2025-09-08,13401.14,13401.14,BRL,381.905.467-75,Marques Souza S/A,Correia Paulista,CE,2026-05-25 01:16:38
FLOW-0000001758,POL-00000169,CLM-00000067,CLAIM_PAYMENT,CREDIT_CARD,CANCELLED,2026-01-21,2026-01-24,19217.01,19217.01,BRL,762.841.930-50,Cunha Ltda.,Lopes,RO,2026-05-25 01:16:38
FLOW-0000001759,POL-00000360,CLM-00000760,REFUND,DEBIT,PROCESSED,2026-01-31,2026-02-02,24911.13,24911.13,BRL,978.365.012-21,Freitas,Rios da Prata,MT,2026-05-25 01:16:38
FLOW-0000001760,POL-00000486,CLM-00000482,PREMIUM_PAYMENT,BANK_SLIP,PROCESSED,2025-04-19,2025-04-19,6995.46,6995.46,BRL,189.203.457-32,Pires Caldeira - EI,Monteiro do Galho,RS,2026-05-25 01:16:38
FLOW-0000001761,POL-00000308,CLM-00000793,REINSURANCE,DEBIT,PENDING,2024-11-16,2024-11-21,5376.08,5376.08,BRL,436.809.172-87,Vieira,Almeida de Minas,DF,2026-05-25 01:16:38
FLOW-0000001762,POL-00000243,CLM-00000219,COMMISSION,PIX,CANCELLED,2024-07-14,2024-07-14,23414.67,23414.67,BRL,264.805.971-76,Lima,Pastor,CE,2026-05-25 01:16:38
FLOW-0000001763,POL-00000139,CLM-00000259,CANCELLATION,BANK_SLIP,CANCELLED,2026-01-16,2026-01-17,21707.11,21707.11,BRL,914.807.362-87,Campos,das Neves,SP,2026-05-25 01:16:38
FLOW-0000001764,POL-00000042,CLM-00000306,COMMISSION,DEBIT,CANCELLED,2025-04-26,2025-04-26,3586.36,3586.36,BRL,837.109.452-32,Gonçalves Vieira e Filhos,Câmara,AP,2026-05-25 01:16:38
FLOW-0000001765,POL-00000095,CLM-00000851,CANCELLATION,PIX,FAILED,2025-09-06,2025-09-09,13143.21,0.0,BRL,378.214.650-62,Caldeira Aparecida Ltda.,Lima,MA,2026-05-25 01:16:38
FLOW-0000001766,POL-00000494,CLM-00000772,REFUND,CREDIT_CARD,FAILED,2024-11-04,2024-11-04,22379.17,0.0,BRL,970.613.584-75,Fonseca,Jesus,AM,2026-05-25 01:16:38
FLOW-0000001767,POL-00000244,CLM-00000549,REFUND,BANK_SLIP,CANCELLED,2025-06-27,2025-06-28,5005.2,5005.2,BRL,037.561.428-17,da Rosa Aparecida Ltda.,Moraes,RN,2026-05-25 01:16:38
FLOW-0000001768,POL-00000422,CLM-00000011,CANCELLATION,BANK_TRANSFER,CANCELLED,2024-11-16,2024-11-21,10947.76,10947.76,BRL,904.613.728-78,Freitas,Sales,SC,2026-05-25 01:16:38
FLOW-0000001769,POL-00000166,CLM-00000681,CANCELLATION,CREDIT_CARD,PROCESSED,2025-09-26,2025-09-30,5004.07,5004.07,BRL,594.012.376-70,Silva,Caldeira do Oeste,PB,2026-05-25 01:16:38
FLOW-0000001770,POL-00000256,CLM-00000886,REFUND,CREDIT_CARD,PROCESSED,2024-12-29,2024-12-29,3805.13,3805.13,BRL,631.270.549-80,Abreu,Moura,RS,2026-05-25 01:16:38
FLOW-0000001771,POL-00000135,CLM-00000534,CANCELLATION,PIX,CANCELLED,2024-07-18,2024-07-18,19810.82,19810.82,BRL,183.650.942-15,Brito,Pereira,RN,2026-05-25 01:16:38
FLOW-0000001772,POL-00000328,CLM-00000993,CLAIM_PAYMENT,BANK_TRANSFER,CANCELLED,2025-02-25,2025-02-28,23585.93,23585.93,BRL,467.952.018-30,Moreira,das Neves,PB,2026-05-25 01:16:38
FLOW-0000001773,POL-00000216,CLM-00000714,CANCELLATION,BANK_TRANSFER,PROCESSED,2025-10-22,2025-10-22,960.32,960.32,BRL,432.865.907-38,Mendonça Rezende S/A,Melo,SP,2026-05-25 01:16:38
FLOW-0000001774,POL-00000108,CLM-00000976,CLAIM_PAYMENT,BANK_SLIP,FAILED,2026-05-02,2026-05-03,15043.54,0.0,BRL,901.573.426-70,da Rosa,Borges de Duarte,TO,2026-05-25 01:16:38
FLOW-0000001775,POL-00000417,CLM-00000373,PREMIUM_PAYMENT,PIX,FAILED,2024-12-02,2024-12-07,14442.07,0.0,BRL,381.645.279-55,Campos,Leão,SE,2026-05-25 01:16:38
FLOW-0000001776,POL-00000359,CLM-00000512,REINSURANCE,DEBIT,PENDING,2025-07-05,2025-07-07,22421.54,22421.54,BRL,501.826.934-06,Moura,Pimenta de Pinto,PA,2026-05-25 01:16:38
FLOW-0000001777,POL-00000268,CLM-00000998,COMMISSION,CREDIT_CARD,CANCELLED,2024-08-14,2024-08-17,10289.15,10289.15,BRL,296.510.384-89,da Rocha Pereira S.A.,Câmara,RJ,2026-05-25 01:16:38
FLOW-0000001778,POL-00000192,CLM-00000182,REFUND,BANK_TRANSFER,CANCELLED,2025-01-16,2025-01-16,23162.4,23162.4,BRL,703.219.548-23,da Luz S/A,Moraes,PB,2026-05-25 01:16:38
FLOW-0000001779,POL-00000146,CLM-00000866,REFUND,DEBIT,CANCELLED,2024-11-27,2024-12-01,4108.3,4108.3,BRL,145.237.908-41,Nascimento Novaes S.A.,Correia,SP,2026-05-25 01:16:38
FLOW-0000001780,POL-00000045,CLM-00000826,REINSURANCE,PIX,PENDING,2024-11-16,2024-11-21,7117.05,7117.05,BRL,609.784.512-01,Sampaio S/A,Borges,RN,2026-05-25 01:16:38
FLOW-0000001781,POL-00000054,CLM-00000509,REINSURANCE,BANK_TRANSFER,CANCELLED,2025-01-29,2025-01-29,16258.13,16258.13,BRL,750.134.269-52,Sousa S/A,Martins de Sá,MA,2026-05-25 01:16:38
FLOW-0000001782,POL-00000342,CLM-00000297,REFUND,DEBIT,PENDING,2025-03-11,2025-03-15,2537.57,2537.57,BRL,729.356.081-86,Teixeira,Cavalcanti de Pastor,SC,2026-05-25 01:16:38
FLOW-0000001783,POL-00000059,CLM-00000201,REFUND,DEBIT,CANCELLED,2024-08-26,2024-08-27,5610.84,5610.84,BRL,186.052.794-94,da Rocha,Rodrigues,ES,2026-05-25 01:16:38
FLOW-0000001784,POL-00000465,CLM-00000841,REFUND,DEBIT,CANCELLED,2024-12-13,2024-12-13,8797.81,8797.81,BRL,396.482.057-10,Monteiro Garcia e Filhos,Viana,RR,2026-05-25 01:16:38
FLOW-0000001785,POL-00000138,CLM-00000901,CLAIM_PAYMENT,CREDIT_CARD,FAILED,2025-06-25,2025-06-25,23493.44,0.0,BRL,429.058.371-79,Fonseca,Cirino,PR,2026-05-25 01:16:38
FLOW-0000001786,POL-00000003,CLM-00000922,REFUND,DEBIT,PROCESSED,2024-10-28,2024-10-30,20970.18,20970.18,BRL,105.784.692-94,Viana S.A.,Dias do Amparo,PB,2026-05-25 01:16:38
FLOW-0000001787,POL-00000431,CLM-00000837,CLAIM_PAYMENT,BANK_TRANSFER,FAILED,2024-07-03,2024-07-03,437.48,0.0,BRL,865.347.910-48,Souza,Farias,PB,2026-05-25 01:16:38
FLOW-0000001788,POL-00000492,CLM-00000586,COMMISSION,DEBIT,PROCESSED,2026-02-06,2026-02-11,15018.64,15018.64,BRL,132.658.490-15,Monteiro,Araújo de Aragão,RN,2026-05-25 01:16:38
FLOW-0000001789,POL-00000316,CLM-00000660,REFUND,DEBIT,PROCESSED,2026-05-21,2026-05-22,13915.7,13915.7,BRL,963.805.214-70,Pimenta - EI,Leão Paulista,RO,2026-05-25 01:16:38
FLOW-0000001790,POL-00000066,CLM-00000962,REINSURANCE,DEBIT,CANCELLED,2026-03-01,2026-03-01,20043.22,20043.22,BRL,480.257.916-02,Fogaça,Andrade Grande,CE,2026-05-25 01:16:38
FLOW-0000001791,POL-00000224,CLM-00000237,COMMISSION,PIX,PROCESSED,2025-06-22,2025-06-27,4384.25,4384.25,BRL,462.853.019-05,da Rosa Macedo S.A.,Machado,DF,2026-05-25 01:16:38
FLOW-0000001792,POL-00000324,CLM-00000591,REINSURANCE,DEBIT,PENDING,2024-08-20,2024-08-25,20039.24,20039.24,BRL,190.532.764-16,Melo Novaes - ME,Dias Alegre,MS,2026-05-25 01:16:38
FLOW-0000001793,POL-00000486,CLM-00000331,REINSURANCE,BANK_SLIP,PROCESSED,2025-06-11,2025-06-16,22920.8,22920.8,BRL,142.706.893-31,Cavalcante,Pacheco,AP,2026-05-25 01:16:38
FLOW-0000001794,POL-00000322,CLM-00000789,REFUND,BANK_TRANSFER,PENDING,2025-04-11,2025-04-11,2376.97,2376.97,BRL,756.028.943-65,Marques Caldeira S/A,Abreu dos Dourados,AP,2026-05-25 01:16:38
FLOW-0000001795,POL-00000293,CLM-00000392,CANCELLATION,PIX,PENDING,2024-08-16,2024-08-17,744.07,744.07,BRL,960.452.378-38,Almeida - ME,Sales,ES,2026-05-25 01:16:38
FLOW-0000001796,POL-00000096,CLM-00000246,REFUND,BANK_SLIP,FAILED,2026-02-12,2026-02-17,18367.52,0.0,BRL,683.921.570-95,Sá Ltda.,Nunes do Amparo,RN,2026-05-25 01:16:38
FLOW-0000001797,POL-00000395,CLM-00000267,CLAIM_PAYMENT,PIX,CANCELLED,2025-05-06,2025-05-08,4886.03,4886.03,BRL,364.012.897-40,Souza Leão - ME,da Cunha,AM,2026-05-25 01:16:38
FLOW-0000001798,POL-00000327,CLM-00000594,CLAIM_PAYMENT,PIX,PENDING,2025-07-20,2025-07-22,2119.94,2119.94,BRL,654.703.921-80,Montenegro Casa Grande Ltda.,Sousa,SP,2026-05-25 01:16:38
FLOW-0000001799,POL-00000055,CLM-00000146,REINSURANCE,CREDIT_CARD,PENDING,2024-08-06,2024-08-06,11505.24,11505.24,BRL,457.962.130-16,Porto,Andrade,GO,2026-05-25 01:16:38
FLOW-0000001800,POL-00000254,CLM-00000865,PREMIUM_PAYMENT,CREDIT_CARD,PENDING,2025-05-12,2025-05-14,22370.39,22370.39,BRL,896.527.430-38,Freitas - EI,Guerra,SP,2026-05-25 01:16:38
FLOW-0000001801,POL-00000212,CLM-00000076,REFUND,DEBIT,PENDING,2025-01-14,2025-01-15,9800.47,9800.47,BRL,863.542.017-90,Fernandes Montenegro S.A.,Almeida de Silveira,RO,2026-05-25 01:16:38
FLOW-0000001802,POL-00000193,CLM-00000912,CANCELLATION,CREDIT_CARD,CANCELLED,2025-11-08,2025-11-13,1954.0,1954.0,BRL,947.603.528-56,Almeida Leão e Filhos,Silva de Cunha,SC,2026-05-25 01:16:38
FLOW-0000001803,POL-00000153,CLM-00000011,CLAIM_PAYMENT,BANK_SLIP,PROCESSED,2025-10-11,2025-10-16,22712.14,22712.14,BRL,429.358.617-28,da Paz,Silva,PA,2026-05-25 01:16:38
FLOW-0000001804,POL-00000061,CLM-00001000,REINSURANCE,CREDIT_CARD,PENDING,2025-06-17,2025-06-22,14203.98,14203.98,BRL,630.415.279-52,Gomes,Rodrigues do Sul,GO,2026-05-25 01:16:38
FLOW-0000001805,POL-00000082,CLM-00000535,REINSURANCE,CREDIT_CARD,PENDING,2024-09-26,2024-09-28,12123.58,12123.58,BRL,134.082.756-53,Lopes - EI,Ramos de Garcia,AC,2026-05-25 01:16:38
FLOW-0000001806,POL-00000266,CLM-00000525,PREMIUM_PAYMENT,BANK_SLIP,PENDING,2026-04-13,2026-04-13,4861.49,4861.49,BRL,049.316.872-96,Farias,Azevedo Grande,PA,2026-05-25 01:16:38
FLOW-0000001807,POL-00000016,CLM-00000336,PREMIUM_PAYMENT,BANK_SLIP,PROCESSED,2025-06-05,2025-06-06,21678.51,21678.51,BRL,170.683.429-22,Cassiano,Garcia das Pedras,CE,2026-05-25 01:16:38
FLOW-0000001808,POL-00000138,CLM-00000281,CANCELLATION,DEBIT,PROCESSED,2024-08-10,2024-08-11,2131.9,2131.9,BRL,879.612.530-68,da Costa S/A,Barros,RS,2026-05-25 01:16:38
FLOW-0000001809,POL-00000240,CLM-00000764,COMMISSION,DEBIT,FAILED,2025-04-05,2025-04-06,23833.07,0.0,BRL,421.053.896-51,Nunes,da Cruz,SC,2026-05-25 01:16:38
FLOW-0000001810,POL-00000129,CLM-00000178,REFUND,BANK_SLIP,PROCESSED,2024-08-25,2024-08-28,12840.78,12840.78,BRL,089.163.457-66,Borges Freitas Ltda.,Vasconcelos,PI,2026-05-25 01:16:38
FLOW-0000001811,POL-00000493,CLM-00000403,CANCELLATION,PIX,FAILED,2025-06-11,2025-06-16,21158.59,0.0,BRL,390.754.216-99,Siqueira,Moraes,AP,2026-05-25 01:16:38
FLOW-0000001812,POL-00000085,CLM-00000814,REINSURANCE,BANK_SLIP,FAILED,2025-10-19,2025-10-23,19839.17,0.0,BRL,840.397.126-50,Dias,Rodrigues de Minas,ES,2026-05-25 01:16:38
FLOW-0000001813,POL-00000306,CLM-00000766,REFUND,CREDIT_CARD,CANCELLED,2024-09-09,2024-09-14,12221.4,12221.4,BRL,395.046.812-98,Rios,Câmara,AP,2026-05-25 01:16:38
FLOW-0000001814,POL-00000220,CLM-00000205,REINSURANCE,BANK_TRANSFER,CANCELLED,2026-01-21,2026-01-23,15591.63,15591.63,BRL,351.627.098-59,Rios S.A.,Ramos de da Conceição,DF,2026-05-25 01:16:38
FLOW-0000001815,POL-00000231,CLM-00000172,CANCELLATION,PIX,PENDING,2026-01-17,2026-01-19,9380.31,9380.31,BRL,561.039.487-20,Freitas da Rosa - ME,Gomes,PB,2026-05-25 01:16:38
FLOW-0000001816,POL-00000310,CLM-00000847,REFUND,BANK_TRANSFER,FAILED,2025-11-11,2025-11-15,6363.94,0.0,BRL,453.290.618-06,Sampaio,Peixoto Alegre,PE,2026-05-25 01:16:38
FLOW-0000001817,POL-00000415,CLM-00000331,PREMIUM_PAYMENT,DEBIT,PROCESSED,2025-08-07,2025-08-09,9987.75,9987.75,BRL,504.763.821-90,Mendonça,Abreu,DF,2026-05-25 01:16:38
FLOW-0000001818,POL-00000337,CLM-00000381,PREMIUM_PAYMENT,CREDIT_CARD,PROCESSED,2025-11-09,2025-11-10,8975.73,8975.73,BRL,167.298.435-19,Nunes,Peixoto Paulista,PA,2026-05-25 01:16:38
FLOW-0000001819,POL-00000164,CLM-00000705,PREMIUM_PAYMENT,PIX,PENDING,2025-06-04,2025-06-05,19498.89,19498.89,BRL,073.689.125-03,Pires Silveira S.A.,Casa Grande,RS,2026-05-25 01:16:38
FLOW-0000001820,POL-00000461,CLM-00000239,REFUND,BANK_TRANSFER,FAILED,2025-03-12,2025-03-17,8255.29,0.0,BRL,069.742.583-56,Azevedo,Fernandes do Sul,MA,2026-05-25 01:16:38
FLOW-0000001821,POL-00000270,CLM-00000223,REINSURANCE,PIX,PROCESSED,2024-08-07,2024-08-07,9670.49,9670.49,BRL,567.829.410-58,Nogueira,Brito do Campo,PA,2026-05-25 01:16:38
FLOW-0000001822,POL-00000294,CLM-00000915,REINSURANCE,DEBIT,PENDING,2024-12-18,2024-12-22,6987.31,6987.31,BRL,613.502.784-08,Novaes Gomes S/A,Camargo,RS,2026-05-25 01:16:38
FLOW-0000001823,POL-00000102,CLM-00000202,COMMISSION,PIX,FAILED,2024-08-31,2024-09-05,18917.22,0.0,BRL,503.621.479-06,Vieira Ltda.,Novaes das Pedras,AC,2026-05-25 01:16:38
FLOW-0000001824,POL-00000062,CLM-00000128,COMMISSION,DEBIT,CANCELLED,2024-06-26,2024-06-29,12491.34,12491.34,BRL,589.302.647-00,Moraes,Alves,MS,2026-05-25 01:16:38
FLOW-0000001825,POL-00000122,CLM-00000591,REINSURANCE,PIX,CANCELLED,2024-09-07,2024-09-08,15055.7,15055.7,BRL,451.839.026-15,Montenegro Moraes Ltda.,da Mota do Amparo,GO,2026-05-25 01:16:38
FLOW-0000001826,POL-00000467,CLM-00000473,REINSURANCE,CREDIT_CARD,PENDING,2025-10-06,2025-10-08,495.02,495.02,BRL,429.056.813-06,da Cunha,Rios de Montenegro,PB,2026-05-25 01:16:38
FLOW-0000001827,POL-00000459,CLM-00000547,REFUND,BANK_TRANSFER,PENDING,2026-04-03,2026-04-04,21048.99,21048.99,BRL,015.438.679-01,Cirino Siqueira - EI,Viana do Oeste,SC,2026-05-25 01:16:38
FLOW-0000001828,POL-00000241,CLM-00000098,PREMIUM_PAYMENT,DEBIT,PENDING,2024-10-09,2024-10-09,8467.88,8467.88,BRL,301.698.527-68,Câmara,Barbosa Verde,SP,2026-05-25 01:16:38
FLOW-0000001829,POL-00000205,CLM-00000082,COMMISSION,BANK_TRANSFER,FAILED,2025-06-21,2025-06-26,7559.91,0.0,BRL,763.159.042-70,Silveira Duarte e Filhos,da Rocha,BA,2026-05-25 01:16:38
FLOW-0000001830,POL-00000153,CLM-00000714,PREMIUM_PAYMENT,DEBIT,CANCELLED,2024-07-29,2024-07-31,12370.77,12370.77,BRL,875.093.214-41,Pereira - ME,Mendonça,DF,2026-05-25 01:16:38
FLOW-0000001831,POL-00000481,CLM-00000633,PREMIUM_PAYMENT,PIX,FAILED,2025-09-22,2025-09-25,21224.37,0.0,BRL,376.108.452-80,Martins,Cavalcanti,MT,2026-05-25 01:16:38
FLOW-0000001832,POL-00000054,CLM-00000331,PREMIUM_PAYMENT,DEBIT,PROCESSED,2026-05-22,2026-05-22,5639.16,5639.16,BRL,726.839.514-00,Aparecida,Lopes Paulista,TO,2026-05-25 01:16:38
FLOW-0000001833,POL-00000418,CLM-00000925,CLAIM_PAYMENT,BANK_TRANSFER,FAILED,2025-02-13,2025-02-14,4296.28,0.0,BRL,950.743.286-83,Macedo da Rosa - EI,da Paz do Sul,RR,2026-05-25 01:16:38
FLOW-0000001834,POL-00000453,CLM-00000804,PREMIUM_PAYMENT,PIX,FAILED,2026-03-08,2026-03-08,23356.05,0.0,BRL,184.527.096-76,Rocha,Nascimento,PA,2026-05-25 01:16:38
FLOW-0000001835,POL-00000136,CLM-00000338,COMMISSION,BANK_TRANSFER,PENDING,2024-11-09,2024-11-09,1247.68,1247.68,BRL,038.921.574-05,Albuquerque,Marques,MG,2026-05-25 01:16:38
FLOW-0000001836,POL-00000299,CLM-00000472,CLAIM_PAYMENT,PIX,PROCESSED,2025-10-04,2025-10-07,6784.31,6784.31,BRL,317.654.820-62,da Mota - ME,Alves,SP,2026-05-25 01:16:38
FLOW-0000001837,POL-00000327,CLM-00000458,CLAIM_PAYMENT,PIX,CANCELLED,2024-09-17,2024-09-18,8017.35,8017.35,BRL,260.137.845-07,Nascimento,Castro,AC,2026-05-25 01:16:38
FLOW-0000001838,POL-00000339,CLM-00000502,REINSURANCE,CREDIT_CARD,CANCELLED,2024-10-18,2024-10-22,13213.34,13213.34,BRL,261.840.379-78,Silva,Araújo de Minas,GO,2026-05-25 01:16:38
FLOW-0000001839,POL-00000048,CLM-00000271,REFUND,CREDIT_CARD,PROCESSED,2026-04-04,2026-04-06,19327.47,19327.47,BRL,769.523.481-82,Porto Barbosa e Filhos,da Mata de Goiás,TO,2026-05-25 01:16:38
FLOW-0000001840,POL-00000338,CLM-00000663,REINSURANCE,BANK_SLIP,PROCESSED,2024-08-30,2024-09-04,2115.72,2115.72,BRL,038.754.962-56,Macedo Duarte - ME,Dias de Aragão,AM,2026-05-25 01:16:38
FLOW-0000001841,POL-00000109,CLM-00000014,REFUND,BANK_SLIP,PENDING,2025-09-04,2025-09-09,1996.52,1996.52,BRL,340.862.917-03,Monteiro Ltda.,Ribeiro,AL,2026-05-25 01:16:38
FLOW-0000001842,POL-00000054,CLM-00000349,CLAIM_PAYMENT,BANK_SLIP,CANCELLED,2025-08-23,2025-08-26,20471.86,20471.86,BRL,421.857.690-49,Gonçalves S.A.,Machado das Flores,MA,2026-05-25 01:16:38
FLOW-0000001843,POL-00000390,CLM-00000968,REINSURANCE,CREDIT_CARD,FAILED,2025-06-26,2025-06-30,19051.98,0.0,BRL,562.081.347-90,Ramos e Filhos,Carvalho de Câmara,MT,2026-05-25 01:16:38
FLOW-0000001844,POL-00000469,CLM-00000134,CLAIM_PAYMENT,BANK_SLIP,PENDING,2024-06-25,2024-06-30,11377.85,11377.85,BRL,310.758.694-39,Aragão,Albuquerque dos Dourados,SP,2026-05-25 01:16:38
FLOW-0000001845,POL-00000400,CLM-00000410,REFUND,BANK_SLIP,PROCESSED,2025-12-13,2025-12-15,9670.11,9670.11,BRL,405.397.628-65,da Luz Melo Ltda.,Brito,TO,2026-05-25 01:16:38
FLOW-0000001846,POL-00000488,CLM-00000891,CLAIM_PAYMENT,BANK_TRANSFER,FAILED,2025-02-25,2025-02-25,6982.07,0.0,BRL,106.352.847-07,da Cruz,Marques do Norte,MG,2026-05-25 01:16:38
FLOW-0000001847,POL-00000382,CLM-00000113,REFUND,BANK_SLIP,PENDING,2025-07-05,2025-07-10,2596.51,2596.51,BRL,137.942.058-04,Araújo,Borges do Oeste,PI,2026-05-25 01:16:38
FLOW-0000001848,POL-00000015,CLM-00000488,CLAIM_PAYMENT,BANK_TRANSFER,FAILED,2024-07-06,2024-07-06,22357.75,0.0,BRL,395.178.246-37,Freitas Pereira - EI,Cunha dos Dourados,SP,2026-05-25 01:16:38
FLOW-0000001849,POL-00000182,CLM-00000442,PREMIUM_PAYMENT,BANK_SLIP,PENDING,2025-08-15,2025-08-18,8831.32,8831.32,BRL,451.067.832-08,Montenegro,Andrade Alegre,PI,2026-05-25 01:16:38
FLOW-0000001850,POL-00000028,CLM-00000452,REFUND,CREDIT_CARD,FAILED,2026-01-21,2026-01-22,9953.35,0.0,BRL,287.514.093-05,Cassiano,da Mota do Galho,SE,2026-05-25 01:16:38
FLOW-0000001851,POL-00000375,CLM-00000951,CANCELLATION,DEBIT,CANCELLED,2026-03-28,2026-03-30,2490.43,2490.43,BRL,861.023.579-30,Leão,Sá,AM,2026-05-25 01:16:38
FLOW-0000001852,POL-00000305,CLM-00000283,REFUND,BANK_TRANSFER,PROCESSED,2024-07-15,2024-07-16,7385.45,7385.45,BRL,834.105.976-20,Marques,Sampaio,GO,2026-05-25 01:16:38
FLOW-0000001853,POL-00000349,CLM-00000052,REFUND,BANK_SLIP,PENDING,2025-11-01,2025-11-05,12365.72,12365.72,BRL,784.695.203-00,Abreu e Filhos,Almeida de Sales,MA,2026-05-25 01:16:38
FLOW-0000001854,POL-00000295,CLM-00000273,PREMIUM_PAYMENT,BANK_SLIP,PENDING,2024-06-02,2024-06-02,5528.52,5528.52,BRL,572.019.384-79,Aparecida,Lopes,MA,2026-05-25 01:16:38
FLOW-0000001855,POL-00000452,CLM-00000636,COMMISSION,DEBIT,PROCESSED,2024-11-06,2024-11-06,13326.69,13326.69,BRL,127.049.386-87,Melo Rios e Filhos,Rios de Cavalcante,TO,2026-05-25 01:16:38
FLOW-0000001856,POL-00000254,CLM-00000211,CLAIM_PAYMENT,BANK_SLIP,FAILED,2025-01-07,2025-01-10,9852.49,0.0,BRL,087.492.315-88,Barros Lopes S.A.,Farias,SP,2026-05-25 01:16:38
FLOW-0000001857,POL-00000376,CLM-00000004,COMMISSION,PIX,FAILED,2025-03-18,2025-03-19,8723.45,0.0,BRL,307.489.126-22,Novaes,Ferreira do Campo,SP,2026-05-25 01:16:38
FLOW-0000001858,POL-00000379,CLM-00000313,CANCELLATION,BANK_SLIP,CANCELLED,2025-09-13,2025-09-14,12605.84,12605.84,BRL,817.602.954-85,Fernandes Sampaio S.A.,Câmara da Serra,RO,2026-05-25 01:16:38
FLOW-0000001859,POL-00000096,CLM-00000341,PREMIUM_PAYMENT,DEBIT,PROCESSED,2026-03-14,2026-03-15,7912.06,7912.06,BRL,409.572.816-76,Nogueira,Abreu,AM,2026-05-25 01:16:38
FLOW-0000001860,POL-00000220,CLM-00000343,CANCELLATION,PIX,CANCELLED,2024-10-07,2024-10-08,24057.96,24057.96,BRL,367.580.429-10,Silva Santos S.A.,Pires de Goiás,PI,2026-05-25 01:16:38
FLOW-0000001861,POL-00000348,CLM-00000779,PREMIUM_PAYMENT,PIX,PROCESSED,2024-12-25,2024-12-26,24360.55,24360.55,BRL,523.874.960-00,Araújo e Filhos,Rocha do Galho,MG,2026-05-25 01:16:38
FLOW-0000001862,POL-00000251,CLM-00000895,REFUND,BANK_SLIP,PENDING,2026-03-04,2026-03-08,8835.98,8835.98,BRL,190.543.672-61,da Cruz Viana - EI,Ramos,CE,2026-05-25 01:16:38
FLOW-0000001863,POL-00000428,CLM-00000234,PREMIUM_PAYMENT,BANK_TRANSFER,FAILED,2025-07-01,2025-07-04,2779.18,0.0,BRL,012.567.943-25,Almeida,Albuquerque,MA,2026-05-25 01:16:38
FLOW-0000001864,POL-00000052,CLM-00000312,CLAIM_PAYMENT,CREDIT_CARD,PENDING,2024-06-04,2024-06-08,4224.25,4224.25,BRL,962.837.014-69,Macedo e Filhos,Sampaio,SE,2026-05-25 01:16:38
FLOW-0000001865,POL-00000340,CLM-00000499,COMMISSION,CREDIT_CARD,FAILED,2024-07-18,2024-07-21,12292.01,0.0,BRL,176.328.905-21,Guerra,Ribeiro,RR,2026-05-25 01:16:38
FLOW-0000001866,POL-00000364,CLM-00000342,COMMISSION,BANK_TRANSFER,FAILED,2025-06-16,2025-06-18,11495.83,0.0,BRL,129.563.478-37,Rezende S/A,Lima da Mata,AP,2026-05-25 01:16:38
FLOW-0000001867,POL-00000058,CLM-00000277,REINSURANCE,BANK_TRANSFER,CANCELLED,2025-07-14,2025-07-19,21431.06,21431.06,BRL,621.948.073-22,Leão,Moreira,SP,2026-05-25 01:16:38
FLOW-0000001868,POL-00000439,CLM-00000226,CLAIM_PAYMENT,BANK_SLIP,CANCELLED,2025-09-17,2025-09-22,16013.02,16013.02,BRL,416.903.857-66,Pinto,Borges,BA,2026-05-25 01:16:38
FLOW-0000001869,POL-00000185,CLM-00000212,CLAIM_PAYMENT,PIX,CANCELLED,2025-10-14,2025-10-16,12470.91,12470.91,BRL,263.548.097-47,Pacheco,Alves da Praia,GO,2026-05-25 01:16:38
FLOW-0000001870,POL-00000495,CLM-00000281,REFUND,BANK_TRANSFER,PENDING,2026-03-05,2026-03-06,23020.15,23020.15,BRL,290.768.135-40,Vieira da Cunha Ltda.,da Rosa,BA,2026-05-25 01:16:38
FLOW-0000001871,POL-00000136,CLM-00000933,REINSURANCE,CREDIT_CARD,PROCESSED,2024-07-15,2024-07-18,24683.93,24683.93,BRL,895.026.743-83,Araújo,da Conceição de Machado,AC,2026-05-25 01:16:38
FLOW-0000001872,POL-00000159,CLM-00000196,REFUND,PIX,FAILED,2026-02-20,2026-02-22,9806.1,0.0,BRL,875.139.460-00,Dias Ltda.,Camargo do Sul,RR,2026-05-25 01:16:38
FLOW-0000001873,POL-00000222,CLM-00000815,COMMISSION,DEBIT,PENDING,2026-03-11,2026-03-15,13025.94,13025.94,BRL,364.971.502-34,Sales S.A.,Pereira de Goiás,RN,2026-05-25 01:16:38
FLOW-0000001874,POL-00000057,CLM-00000993,COMMISSION,PIX,FAILED,2024-12-13,2024-12-17,24205.42,0.0,BRL,284.517.936-73,Pires,Farias de Porto,PA,2026-05-25 01:16:38
FLOW-0000001875,POL-00000349,CLM-00000154,CLAIM_PAYMENT,BANK_TRANSFER,CANCELLED,2025-10-12,2025-10-15,23184.46,23184.46,BRL,617.503.492-99,Castro,Cunha da Praia,SC,2026-05-25 01:16:38
FLOW-0000001876,POL-00000156,CLM-00000499,CANCELLATION,CREDIT_CARD,PROCESSED,2024-07-15,2024-07-17,15613.69,15613.69,BRL,157.480.623-80,Sampaio Ltda.,Gomes,AC,2026-05-25 01:16:38
FLOW-0000001877,POL-00000021,CLM-00000223,PREMIUM_PAYMENT,CREDIT_CARD,CANCELLED,2024-12-23,2024-12-23,20004.64,20004.64,BRL,580.732.691-12,Leão Sousa e Filhos,Gomes de Minas,PR,2026-05-25 01:16:38
FLOW-0000001878,POL-00000003,CLM-00000441,REFUND,CREDIT_CARD,FAILED,2024-10-25,2024-10-29,3129.72,0.0,BRL,502.183.674-90,Moura,das Neves,MS,2026-05-25 01:16:38
FLOW-0000001879,POL-00000071,CLM-00000359,PREMIUM_PAYMENT,CREDIT_CARD,FAILED,2024-11-27,2024-12-02,20861.05,0.0,BRL,798.405.362-65,Monteiro Almeida S/A,Cavalcante de Caldeira,RJ,2026-05-25 01:16:38
FLOW-0000001880,POL-00000489,CLM-00000089,REINSURANCE,CREDIT_CARD,PROCESSED,2025-12-23,2025-12-27,16649.88,16649.88,BRL,487.609.125-02,da Luz,Pires,ES,2026-05-25 01:16:38
FLOW-0000001881,POL-00000300,CLM-00000941,CLAIM_PAYMENT,PIX,CANCELLED,2026-01-09,2026-01-10,24898.06,24898.06,BRL,568.420.391-42,Carvalho Peixoto - ME,Casa Grande,DF,2026-05-25 01:16:38
FLOW-0000001882,POL-00000128,CLM-00000832,REFUND,DEBIT,FAILED,2026-01-01,2026-01-03,5510.5,0.0,BRL,780.265.319-30,Fernandes,Rocha,AC,2026-05-25 01:16:38
FLOW-0000001883,POL-00000472,CLM-00000310,PREMIUM_PAYMENT,BANK_TRANSFER,FAILED,2024-07-09,2024-07-12,10007.88,0.0,BRL,782.659.140-67,Moreira,Pinto,RR,2026-05-25 01:16:38
FLOW-0000001884,POL-00000412,CLM-00000593,REFUND,BANK_SLIP,FAILED,2024-09-29,2024-10-01,4373.88,0.0,BRL,957.468.031-20,Rios,Pastor de Costa,SP,2026-05-25 01:16:38
FLOW-0000001885,POL-00000214,CLM-00000568,COMMISSION,BANK_SLIP,PROCESSED,2024-06-03,2024-06-08,19203.13,19203.13,BRL,412.579.603-34,da Cunha,Fogaça de Goiás,RR,2026-05-25 01:16:38
FLOW-0000001886,POL-00000280,CLM-00000188,COMMISSION,DEBIT,CANCELLED,2025-11-20,2025-11-22,7659.65,7659.65,BRL,507.291.638-30,Brito da Cunha e Filhos,Sá,PE,2026-05-25 01:16:38
FLOW-0000001887,POL-00000356,CLM-00000321,REINSURANCE,BANK_TRANSFER,CANCELLED,2025-07-08,2025-07-11,2446.26,2446.26,BRL,238.974.560-10,Cunha,Costa Paulista,TO,2026-05-25 01:16:38
FLOW-0000001888,POL-00000219,CLM-00000478,REFUND,DEBIT,FAILED,2024-07-16,2024-07-21,17829.33,0.0,BRL,750.312.496-25,da Rocha Souza S/A,Viana,DF,2026-05-25 01:16:38
FLOW-0000001889,POL-00000491,CLM-00000786,REINSURANCE,DEBIT,PENDING,2025-02-22,2025-02-25,11559.04,11559.04,BRL,913.650.427-07,Mendes,Camargo,TO,2026-05-25 01:16:38
FLOW-0000001890,POL-00000403,CLM-00000249,REINSURANCE,BANK_TRANSFER,FAILED,2026-04-25,2026-04-25,18908.62,0.0,BRL,903.142.658-05,Campos,Garcia,MA,2026-05-25 01:16:38
FLOW-0000001891,POL-00000028,CLM-00000774,REINSURANCE,DEBIT,FAILED,2025-02-15,2025-02-19,9359.12,0.0,BRL,396.257.148-55,Pacheco,Mendonça do Sul,TO,2026-05-25 01:16:38
FLOW-0000001892,POL-00000414,CLM-00000782,PREMIUM_PAYMENT,BANK_TRANSFER,CANCELLED,2025-10-15,2025-10-16,10103.41,10103.41,BRL,702.534.698-56,Siqueira da Conceição Ltda.,Nogueira,AM,2026-05-25 01:16:38
FLOW-0000001893,POL-00000139,CLM-00000850,PREMIUM_PAYMENT,PIX,PENDING,2024-09-17,2024-09-20,20987.99,20987.99,BRL,674.128.539-37,Gomes Sales e Filhos,Almeida Verde,CE,2026-05-25 01:16:38
FLOW-0000001894,POL-00000354,CLM-00000340,COMMISSION,PIX,CANCELLED,2025-03-12,2025-03-14,14878.78,14878.78,BRL,281.097.653-86,da Costa Ltda.,Casa Grande,PR,2026-05-25 01:16:38
FLOW-0000001895,POL-00000360,CLM-00000210,CANCELLATION,BANK_TRANSFER,PENDING,2025-01-04,2025-01-04,18524.8,18524.8,BRL,029.635.471-61,Rezende - ME,Garcia do Galho,PA,2026-05-25 01:16:38
FLOW-0000001896,POL-00000115,CLM-00000917,REFUND,BANK_SLIP,PROCESSED,2025-10-08,2025-10-09,14073.13,14073.13,BRL,498.307.152-05,Gonçalves Ltda.,Brito,PI,2026-05-25 01:16:38
FLOW-0000001897,POL-00000413,CLM-00000497,CANCELLATION,BANK_TRANSFER,PENDING,2025-04-11,2025-04-13,15724.57,15724.57,BRL,569.718.034-93,Pacheco,Monteiro de Goiás,RN,2026-05-25 01:16:38
FLOW-0000001898,POL-00000079,CLM-00000619,PREMIUM_PAYMENT,PIX,PENDING,2024-12-25,2024-12-30,5057.46,5057.46,BRL,293.180.645-51,Melo,Souza,AL,2026-05-25 01:16:38
FLOW-0000001899,POL-00000243,CLM-00000026,CLAIM_PAYMENT,BANK_TRANSFER,PENDING,2024-07-05,2024-07-09,2466.75,2466.75,BRL,719.435.280-04,Cunha - ME,Lima,AC,2026-05-25 01:16:38
FLOW-0000001900,POL-00000208,CLM-00000496,PREMIUM_PAYMENT,BANK_SLIP,FAILED,2025-07-20,2025-07-23,9798.31,0.0,BRL,610.725.983-02,Pires,Cirino,GO,2026-05-25 01:16:38
FLOW-0000001901,POL-00000421,CLM-00000628,REINSURANCE,DEBIT,FAILED,2024-06-19,2024-06-20,21050.93,0.0,BRL,746.128.035-07,da Luz,Oliveira do Sul,RS,2026-05-25 01:16:38
FLOW-0000001902,POL-00000326,CLM-00000023,REFUND,BANK_SLIP,PROCESSED,2025-01-01,2025-01-06,15448.11,15448.11,BRL,936.150.874-10,Rezende Siqueira - EI,Viana do Oeste,PR,2026-05-25 01:16:38
FLOW-0000001903,POL-00000088,CLM-00000524,CANCELLATION,BANK_TRANSFER,PROCESSED,2025-07-10,2025-07-11,20472.83,20472.83,BRL,701.564.839-39,da Luz,Alves,RN,2026-05-25 01:16:38
FLOW-0000001904,POL-00000342,CLM-00000103,COMMISSION,BANK_TRANSFER,FAILED,2025-08-28,2025-08-29,11930.15,0.0,BRL,061.543.297-25,Brito,Silva,RJ,2026-05-25 01:16:38
FLOW-0000001905,POL-00000198,CLM-00000715,COMMISSION,PIX,CANCELLED,2025-07-17,2025-07-20,9215.12,9215.12,BRL,783.201.649-31,Vieira S.A.,Cardoso,RJ,2026-05-25 01:16:38
FLOW-0000001906,POL-00000015,CLM-00000291,REFUND,DEBIT,PROCESSED,2025-05-21,2025-05-24,10451.57,10451.57,BRL,528.170.369-21,da Mata,Ribeiro,SP,2026-05-25 01:16:38
FLOW-0000001907,POL-00000018,CLM-00000661,PREMIUM_PAYMENT,BANK_TRANSFER,FAILED,2025-03-03,2025-03-03,14127.02,0.0,BRL,762.015.483-35,da Cruz e Filhos,Casa Grande,GO,2026-05-25 01:16:38
FLOW-0000001908,POL-00000240,CLM-00000904,COMMISSION,DEBIT,PROCESSED,2025-05-28,2025-05-31,1113.66,1113.66,BRL,698.142.053-89,Vasconcelos Ltda.,Santos,SC,2026-05-25 01:16:38
FLOW-0000001909,POL-00000257,CLM-00000877,CLAIM_PAYMENT,BANK_TRANSFER,FAILED,2025-03-29,2025-03-31,277.55,0.0,BRL,495.780.236-00,Barros,Lima,MS,2026-05-25 01:16:38
FLOW-0000001910,POL-00000263,CLM-00000065,CANCELLATION,BANK_SLIP,CANCELLED,2025-03-29,2025-03-30,8753.41,8753.41,BRL,095.681.243-06,Azevedo Dias e Filhos,Martins,MA,2026-05-25 01:16:38
FLOW-0000001911,POL-00000236,CLM-00000733,CANCELLATION,BANK_SLIP,FAILED,2024-05-24,2024-05-29,3827.5,0.0,BRL,058.926.471-02,Abreu,Castro,MS,2026-05-25 01:16:38
FLOW-0000001912,POL-00000473,CLM-00000404,CANCELLATION,PIX,FAILED,2025-05-16,2025-05-18,19634.78,0.0,BRL,380.574.692-00,Cirino Duarte S.A.,Câmara Paulista,PI,2026-05-25 01:16:38
FLOW-0000001913,POL-00000295,CLM-00000726,REFUND,BANK_TRANSFER,PROCESSED,2026-01-23,2026-01-28,12119.43,12119.43,BRL,413.672.089-04,Sousa S.A.,Araújo,TO,2026-05-25 01:16:38
FLOW-0000001914,POL-00000302,CLM-00000979,CLAIM_PAYMENT,BANK_TRANSFER,FAILED,2025-04-26,2025-05-01,13159.58,0.0,BRL,142.890.567-76,Correia,da Cruz,AM,2026-05-25 01:16:38
FLOW-0000001915,POL-00000024,CLM-00000031,REFUND,BANK_SLIP,PENDING,2025-02-22,2025-02-24,14633.11,14633.11,BRL,634.910.728-40,Sousa Viana - EI,Abreu de Caldeira,AL,2026-05-25 01:16:38
FLOW-0000001916,POL-00000479,CLM-00000696,PREMIUM_PAYMENT,DEBIT,CANCELLED,2025-10-15,2025-10-16,2458.68,2458.68,BRL,867.914.530-01,Teixeira,Sampaio de Garcia,TO,2026-05-25 01:16:38
FLOW-0000001917,POL-00000054,CLM-00000922,CANCELLATION,BANK_SLIP,PROCESSED,2025-05-28,2025-05-30,19009.74,19009.74,BRL,290.613.458-98,Marques Lima S/A,Cirino de Duarte,AP,2026-05-25 01:16:38
FLOW-0000001918,POL-00000032,CLM-00000627,REFUND,CREDIT_CARD,PENDING,2025-02-21,2025-02-26,22317.2,22317.2,BRL,917.546.382-28,Camargo,Aparecida,SE,2026-05-25 01:16:38
FLOW-0000001919,POL-00000227,CLM-00000782,CANCELLATION,CREDIT_CARD,PENDING,2025-07-09,2025-07-09,983.59,983.59,BRL,973.402.851-05,Casa Grande,Carvalho de Souza,MT,2026-05-25 01:16:38
FLOW-0000001920,POL-00000165,CLM-00000111,PREMIUM_PAYMENT,DEBIT,PROCESSED,2026-03-10,2026-03-14,15800.79,15800.79,BRL,589.106.374-39,Correia Fernandes Ltda.,Machado,SC,2026-05-25 01:16:38
FLOW-0000001921,POL-00000101,CLM-00000259,CANCELLATION,DEBIT,PROCESSED,2026-04-15,2026-04-18,3373.76,3373.76,BRL,836.042.157-90,Guerra Marques - ME,das Neves de Correia,TO,2026-05-25 01:16:38
FLOW-0000001922,POL-00000380,CLM-00000166,CLAIM_PAYMENT,DEBIT,PROCESSED,2026-04-18,2026-04-21,16987.28,16987.28,BRL,085.347.169-00,da Conceição Ltda.,Nunes,SC,2026-05-25 01:16:38
FLOW-0000001923,POL-00000299,CLM-00000025,CLAIM_PAYMENT,PIX,PENDING,2026-01-18,2026-01-22,20226.37,20226.37,BRL,826.097.154-20,Ferreira da Cunha Ltda.,Martins de Peixoto,MA,2026-05-25 01:16:38
FLOW-0000001924,POL-00000185,CLM-00000793,CLAIM_PAYMENT,DEBIT,PENDING,2024-06-17,2024-06-18,879.32,879.32,BRL,217.034.598-14,da Rocha Sousa S/A,Pereira das Flores,GO,2026-05-25 01:16:38
FLOW-0000001925,POL-00000095,CLM-00000699,PREMIUM_PAYMENT,BANK_TRANSFER,FAILED,2024-08-06,2024-08-10,13687.19,0.0,BRL,082.396.145-15,da Cunha,Martins,TO,2026-05-25 01:16:38
FLOW-0000001926,POL-00000257,CLM-00000361,CLAIM_PAYMENT,CREDIT_CARD,CANCELLED,2024-11-21,2024-11-24,4793.92,4793.92,BRL,872.504.169-01,Albuquerque S/A,Duarte,PR,2026-05-25 01:16:38
FLOW-0000001927,POL-00000225,CLM-00000438,CLAIM_PAYMENT,DEBIT,PENDING,2024-11-09,2024-11-13,22498.91,22498.91,BRL,193.642.587-46,da Mota Andrade - EI,da Paz,RO,2026-05-25 01:16:38
FLOW-0000001928,POL-00000052,CLM-00000121,CLAIM_PAYMENT,DEBIT,FAILED,2025-03-05,2025-03-05,14250.35,0.0,BRL,307.421.856-80,Cavalcante Ramos S.A.,Albuquerque,PA,2026-05-25 01:16:38
FLOW-0000001929,POL-00000012,CLM-00000230,REINSURANCE,CREDIT_CARD,FAILED,2025-01-23,2025-01-24,1334.4,0.0,BRL,346.827.109-31,Gomes e Filhos,Pimenta do Oeste,PA,2026-05-25 01:16:38
FLOW-0000001930,POL-00000447,CLM-00000893,COMMISSION,BANK_SLIP,PENDING,2024-07-22,2024-07-24,9791.14,9791.14,BRL,958.312.067-77,Almeida,Cavalcanti do Sul,PB,2026-05-25 01:16:38
FLOW-0000001931,POL-00000437,CLM-00000531,REINSURANCE,BANK_TRANSFER,PROCESSED,2026-03-11,2026-03-13,1915.69,1915.69,BRL,381.067.924-04,Fernandes,Correia,MG,2026-05-25 01:16:38
FLOW-0000001932,POL-00000280,CLM-00000715,REINSURANCE,PIX,PENDING,2025-08-28,2025-09-01,7840.37,7840.37,BRL,914.857.623-91,Moura Silva S/A,Cavalcanti do Amparo,TO,2026-05-25 01:16:38
FLOW-0000001933,POL-00000017,CLM-00000347,COMMISSION,DEBIT,PENDING,2026-01-25,2026-01-29,11800.92,11800.92,BRL,476.281.053-35,Teixeira,Castro,DF,2026-05-25 01:16:38
FLOW-0000001934,POL-00000105,CLM-00000561,PREMIUM_PAYMENT,CREDIT_CARD,PROCESSED,2025-06-17,2025-06-19,5052.76,5052.76,BRL,316.579.284-46,da Mata Ltda.,Fogaça da Serra,TO,2026-05-25 01:16:38
FLOW-0000001935,POL-00000253,CLM-00000075,PREMIUM_PAYMENT,BANK_TRANSFER,PROCESSED,2024-06-06,2024-06-11,22812.37,22812.37,BRL,956.130.872-02,Andrade S/A,Andrade,RR,2026-05-25 01:16:38
FLOW-0000001936,POL-00000037,CLM-00000973,PREMIUM_PAYMENT,DEBIT,FAILED,2025-01-06,2025-01-10,17592.12,0.0,BRL,496.728.013-78,Fogaça,da Paz,RR,2026-05-25 01:16:38
FLOW-0000001937,POL-00000485,CLM-00000133,PREMIUM_PAYMENT,CREDIT_CARD,CANCELLED,2024-11-20,2024-11-24,18495.27,18495.27,BRL,507.438.296-38,Pinto - ME,Monteiro,DF,2026-05-25 01:16:38
FLOW-0000001938,POL-00000260,CLM-00000231,PREMIUM_PAYMENT,CREDIT_CARD,CANCELLED,2025-01-27,2025-02-01,1091.44,1091.44,BRL,321.904.865-05,Cunha Moura - ME,Sá,PR,2026-05-25 01:16:38
FLOW-0000001939,POL-00000477,CLM-00000057,CLAIM_PAYMENT,PIX,PENDING,2026-03-22,2026-03-25,11965.94,11965.94,BRL,152.346.890-42,Camargo da Rosa S/A,Freitas Verde,AM,2026-05-25 01:16:38
FLOW-0000001940,POL-00000283,CLM-00000494,REFUND,PIX,PENDING,2025-03-10,2025-03-11,13377.94,13377.94,BRL,812.635.794-00,Nogueira Barros - ME,Lopes da Prata,PB,2026-05-25 01:16:38
FLOW-0000001941,POL-00000221,CLM-00000719,CANCELLATION,DEBIT,PROCESSED,2025-04-21,2025-04-24,19153.75,19153.75,BRL,803.152.967-12,Ramos,Peixoto,SC,2026-05-25 01:16:38
FLOW-0000001942,POL-00000460,CLM-00000631,REFUND,CREDIT_CARD,PENDING,2025-01-11,2025-01-15,3487.37,3487.37,BRL,613.570.429-06,Abreu Azevedo S/A,Oliveira,BA,2026-05-25 01:16:38
FLOW-0000001943,POL-00000122,CLM-00000238,REFUND,PIX,PENDING,2024-10-07,2024-10-09,4881.46,4881.46,BRL,831.245.907-32,Vargas,Novaes,PA,2026-05-25 01:16:38
FLOW-0000001944,POL-00000411,CLM-00000016,REFUND,BANK_SLIP,PENDING,2026-01-14,2026-01-18,300.74,300.74,BRL,140.863.275-62,Marques - EI,Lima do Amparo,MA,2026-05-25 01:16:38
FLOW-0000001945,POL-00000093,CLM-00000290,CLAIM_PAYMENT,PIX,CANCELLED,2025-03-03,2025-03-03,1961.46,1961.46,BRL,460.327.891-87,Garcia Nogueira S/A,Caldeira,AC,2026-05-25 01:16:38
FLOW-0000001946,POL-00000150,CLM-00000133,CANCELLATION,BANK_TRANSFER,PROCESSED,2025-01-22,2025-01-24,8774.2,8774.2,BRL,523.496.870-74,Dias Câmara e Filhos,Caldeira da Serra,RO,2026-05-25 01:16:38
FLOW-0000001947,POL-00000040,CLM-00000257,PREMIUM_PAYMENT,BANK_TRANSFER,PENDING,2025-02-11,2025-02-14,11993.6,11993.6,BRL,897.413.625-28,Siqueira,Gomes do Oeste,AL,2026-05-25 01:16:38
FLOW-0000001948,POL-00000460,CLM-00000938,CANCELLATION,BANK_SLIP,FAILED,2024-12-08,2024-12-09,12398.48,0.0,BRL,453.618.079-66,Guerra,Marques,TO,2026-05-25 01:16:38
FLOW-0000001949,POL-00000445,CLM-00000670,COMMISSION,BANK_SLIP,FAILED,2026-02-05,2026-02-08,17842.69,0.0,BRL,716.930.542-99,Cavalcanti da Rosa S.A.,Garcia,ES,2026-05-25 01:16:38
FLOW-0000001950,POL-00000028,CLM-00000355,COMMISSION,DEBIT,PENDING,2025-11-25,2025-11-29,22329.81,22329.81,BRL,247.960.318-04,Cavalcante,Araújo de Vieira,SP,2026-05-25 01:16:38
FLOW-0000001951,POL-00000041,CLM-00000209,REFUND,BANK_SLIP,FAILED,2026-02-02,2026-02-07,23766.56,0.0,BRL,198.764.530-84,Azevedo,da Mota,RO,2026-05-25 01:16:38
FLOW-0000001952,POL-00000063,CLM-00000382,CANCELLATION,BANK_SLIP,PROCESSED,2026-04-04,2026-04-08,5801.87,5801.87,BRL,890.453.726-65,Costela,Lima,RJ,2026-05-25 01:16:38
FLOW-0000001953,POL-00000333,CLM-00000783,CANCELLATION,DEBIT,CANCELLED,2024-07-16,2024-07-16,24448.85,24448.85,BRL,213.068.594-33,da Paz,Gomes de Minas,AP,2026-05-25 01:16:38
FLOW-0000001954,POL-00000143,CLM-00000603,PREMIUM_PAYMENT,DEBIT,FAILED,2024-10-13,2024-10-13,581.18,0.0,BRL,072.438.561-44,Costa - ME,Machado,CE,2026-05-25 01:16:38
FLOW-0000001955,POL-00000143,CLM-00000876,PREMIUM_PAYMENT,BANK_TRANSFER,PENDING,2025-06-06,2025-06-08,20688.11,20688.11,BRL,706.124.953-61,Costa,Albuquerque,BA,2026-05-25 01:16:38
FLOW-0000001956,POL-00000228,CLM-00000046,REFUND,BANK_SLIP,CANCELLED,2024-08-14,2024-08-17,12409.17,12409.17,BRL,450.869.321-06,Andrade,Freitas,DF,2026-05-25 01:16:38
FLOW-0000001957,POL-00000273,CLM-00000054,CANCELLATION,CREDIT_CARD,CANCELLED,2025-11-09,2025-11-10,9514.21,9514.21,BRL,467.182.059-58,Viana,Camargo dos Dourados,SC,2026-05-25 01:16:38
FLOW-0000001958,POL-00000466,CLM-00000624,COMMISSION,CREDIT_CARD,PENDING,2025-10-31,2025-10-31,13561.65,13561.65,BRL,031.846.957-00,Porto - EI,Duarte das Pedras,DF,2026-05-25 01:16:38
FLOW-0000001959,POL-00000388,CLM-00000029,REINSURANCE,CREDIT_CARD,PROCESSED,2025-12-27,2025-12-29,20265.58,20265.58,BRL,365.781.940-10,Moreira S/A,Aparecida de Azevedo,MS,2026-05-25 01:16:38
FLOW-0000001960,POL-00000401,CLM-00000747,REFUND,PIX,CANCELLED,2024-07-21,2024-07-26,20739.52,20739.52,BRL,456.372.089-56,Moraes,da Conceição,GO,2026-05-25 01:16:38
FLOW-0000001961,POL-00000440,CLM-00000961,CANCELLATION,BANK_TRANSFER,FAILED,2025-09-06,2025-09-06,13854.69,0.0,BRL,795.183.402-50,Dias,Rezende de Ribeiro,MS,2026-05-25 01:16:38
FLOW-0000001962,POL-00000084,CLM-00000984,CANCELLATION,DEBIT,FAILED,2026-02-10,2026-02-13,10624.68,0.0,BRL,415.382.907-23,Nascimento S.A.,Andrade das Flores,PR,2026-05-25 01:16:38
FLOW-0000001963,POL-00000465,CLM-00000016,CLAIM_PAYMENT,CREDIT_CARD,PROCESSED,2026-03-05,2026-03-08,18653.57,18653.57,BRL,196.478.253-82,Fogaça,da Costa,MA,2026-05-25 01:16:38
FLOW-0000001964,POL-00000395,CLM-00000556,PREMIUM_PAYMENT,CREDIT_CARD,PROCESSED,2026-05-16,2026-05-21,23776.63,23776.63,BRL,905.326.478-74,Cassiano Rios e Filhos,Barbosa,RR,2026-05-25 01:16:38
FLOW-0000001965,POL-00000186,CLM-00000276,PREMIUM_PAYMENT,CREDIT_CARD,FAILED,2026-01-06,2026-01-08,14298.51,0.0,BRL,081.673.495-00,Sampaio S.A.,Teixeira,PE,2026-05-25 01:16:38
FLOW-0000001966,POL-00000064,CLM-00000315,REINSURANCE,BANK_TRANSFER,PENDING,2024-12-13,2024-12-18,20265.97,20265.97,BRL,824.916.573-09,Garcia Ltda.,Vargas,RN,2026-05-25 01:16:38
FLOW-0000001967,POL-00000228,CLM-00000474,COMMISSION,PIX,PROCESSED,2025-03-13,2025-03-18,8058.69,8058.69,BRL,136.897.250-03,Correia,Gonçalves,PI,2026-05-25 01:16:38
FLOW-0000001968,POL-00000246,CLM-00000654,PREMIUM_PAYMENT,BANK_TRANSFER,FAILED,2026-04-07,2026-04-10,271.32,0.0,BRL,025.961.874-85,Ribeiro S.A.,Campos,RN,2026-05-25 01:16:38
FLOW-0000001969,POL-00000142,CLM-00000919,REINSURANCE,BANK_TRANSFER,PENDING,2025-07-28,2025-07-29,10244.84,10244.84,BRL,241.756.389-46,Carvalho,Fernandes de Siqueira,GO,2026-05-25 01:16:38
FLOW-0000001970,POL-00000093,CLM-00000265,PREMIUM_PAYMENT,CREDIT_CARD,CANCELLED,2025-03-11,2025-03-15,7884.96,7884.96,BRL,653.820.917-30,da Mata Rezende - EI,Santos,PR,2026-05-25 01:16:38
FLOW-0000001971,POL-00000323,CLM-00000179,CLAIM_PAYMENT,BANK_SLIP,PROCESSED,2024-12-28,2024-12-30,21732.93,21732.93,BRL,529.678.104-01,Cavalcante,Martins de Costa,AC,2026-05-25 01:16:38
FLOW-0000001972,POL-00000336,CLM-00000040,CLAIM_PAYMENT,BANK_SLIP,PENDING,2025-10-03,2025-10-07,16416.65,16416.65,BRL,691.387.204-69,Martins - ME,Castro,PA,2026-05-25 01:16:38
FLOW-0000001973,POL-00000022,CLM-00000567,REFUND,BANK_SLIP,FAILED,2025-05-28,2025-06-02,12692.64,0.0,BRL,327.891.054-05,Barbosa Silva S/A,Pastor,MG,2026-05-25 01:16:38
FLOW-0000001974,POL-00000009,CLM-00000695,COMMISSION,CREDIT_CARD,FAILED,2024-05-30,2024-05-30,23795.01,0.0,BRL,492.830.567-10,Aragão e Filhos,Sampaio,MA,2026-05-25 01:16:38
FLOW-0000001975,POL-00000180,CLM-00000112,REINSURANCE,PIX,PROCESSED,2026-03-02,2026-03-06,17972.07,17972.07,BRL,628.905.341-89,Sá,Ribeiro do Oeste,SP,2026-05-25 01:16:38
FLOW-0000001976,POL-00000122,CLM-00000209,REINSURANCE,CREDIT_CARD,PENDING,2025-02-06,2025-02-10,11123.13,11123.13,BRL,013.265.947-61,da Paz Porto e Filhos,Souza,SC,2026-05-25 01:16:38
FLOW-0000001977,POL-00000037,CLM-00000658,CANCELLATION,DEBIT,CANCELLED,2026-04-13,2026-04-17,9315.42,9315.42,BRL,270.349.158-14,Vargas,Aragão,ES,2026-05-25 01:16:38
FLOW-0000001978,POL-00000172,CLM-00000999,COMMISSION,DEBIT,FAILED,2026-01-24,2026-01-26,3619.83,0.0,BRL,785.103.624-08,Sousa,Vieira,RN,2026-05-25 01:16:38
FLOW-0000001979,POL-00000083,CLM-00000378,COMMISSION,PIX,PENDING,2025-05-26,2025-05-31,9399.15,9399.15,BRL,719.035.482-41,Carvalho,Cardoso,SE,2026-05-25 01:16:38
FLOW-0000001980,POL-00000055,CLM-00000624,REINSURANCE,BANK_SLIP,PENDING,2025-09-22,2025-09-24,23261.2,23261.2,BRL,674.810.953-10,Pires Aparecida S.A.,Duarte de Sampaio,GO,2026-05-25 01:16:38
FLOW-0000001981,POL-00000482,CLM-00000221,CANCELLATION,DEBIT,FAILED,2024-09-14,2024-09-16,12794.36,0.0,BRL,690.837.215-40,Aragão,da Cruz,PA,2026-05-25 01:16:38
FLOW-0000001982,POL-00000196,CLM-00000781,CANCELLATION,PIX,PROCESSED,2024-09-30,2024-10-04,863.36,863.36,BRL,017.856.439-75,Macedo,Fogaça,MT,2026-05-25 01:16:38
FLOW-0000001983,POL-00000276,CLM-00000751,CLAIM_PAYMENT,PIX,CANCELLED,2025-06-27,2025-06-27,23967.7,23967.7,BRL,287.195.634-00,Silveira Casa Grande e Filhos,Ribeiro das Pedras,MA,2026-05-25 01:16:38
FLOW-0000001984,POL-00000338,CLM-00000538,REINSURANCE,BANK_TRANSFER,CANCELLED,2025-05-30,2025-06-03,19965.23,19965.23,BRL,019.752.643-80,Lima Albuquerque Ltda.,Vasconcelos de Goiás,AM,2026-05-25 01:16:38
FLOW-0000001985,POL-00000467,CLM-00000250,CLAIM_PAYMENT,CREDIT_CARD,FAILED,2026-04-10,2026-04-13,7957.64,0.0,BRL,731.869.524-09,Barros Nunes S.A.,Novais,RS,2026-05-25 01:16:38
FLOW-0000001986,POL-00000234,CLM-00000323,COMMISSION,PIX,PROCESSED,2025-02-14,2025-02-15,19985.2,19985.2,BRL,576.418.290-58,Ferreira,Fonseca do Campo,RR,2026-05-25 01:16:38
FLOW-0000001987,POL-00000186,CLM-00000082,CANCELLATION,CREDIT_CARD,CANCELLED,2025-05-30,2025-06-04,6064.11,6064.11,BRL,059.734.861-84,Cavalcanti,Santos Verde,MT,2026-05-25 01:16:38
FLOW-0000001988,POL-00000310,CLM-00000236,COMMISSION,DEBIT,CANCELLED,2026-03-18,2026-03-22,12665.8,12665.8,BRL,849.056.137-01,Ramos Ltda.,Silva de da Rocha,BA,2026-05-25 01:16:38
FLOW-0000001989,POL-00000398,CLM-00000932,CLAIM_PAYMENT,DEBIT,PROCESSED,2024-09-28,2024-10-01,5782.59,5782.59,BRL,802.697.315-12,Sá - ME,Ferreira,ES,2026-05-25 01:16:38
FLOW-0000001990,POL-00000408,CLM-00000294,CLAIM_PAYMENT,CREDIT_CARD,FAILED,2025-03-13,2025-03-18,14639.65,0.0,BRL,430.968.752-00,Carvalho,Oliveira do Oeste,SP,2026-05-25 01:16:38
FLOW-0000001991,POL-00000259,CLM-00000152,REFUND,BANK_TRANSFER,CANCELLED,2025-12-27,2025-12-29,2993.2,2993.2,BRL,017.624.358-53,Macedo,Farias de Lopes,AL,2026-05-25 01:16:38
FLOW-0000001992,POL-00000449,CLM-00000465,CLAIM_PAYMENT,PIX,PROCESSED,2025-08-05,2025-08-08,15834.11,15834.11,BRL,371.859.026-30,Monteiro - ME,Monteiro,AL,2026-05-25 01:16:38
FLOW-0000001993,POL-00000381,CLM-00000104,COMMISSION,BANK_SLIP,CANCELLED,2025-11-15,2025-11-16,3063.68,3063.68,BRL,016.952.378-03,da Rosa Castro e Filhos,Guerra da Prata,PR,2026-05-25 01:16:38
FLOW-0000001994,POL-00000038,CLM-00000136,PREMIUM_PAYMENT,BANK_TRANSFER,PROCESSED,2026-04-12,2026-04-12,20854.77,20854.77,BRL,478.210.659-94,Silveira,Nogueira de Dias,SE,2026-05-25 01:16:38
FLOW-0000001995,POL-00000066,CLM-00000412,REFUND,BANK_TRANSFER,FAILED,2025-08-11,2025-08-15,22969.64,0.0,BRL,793.528.460-10,Ribeiro,Silveira do Norte,MA,2026-05-25 01:16:38
FLOW-0000001996,POL-00000460,CLM-00000845,PREMIUM_PAYMENT,CREDIT_CARD,FAILED,2024-08-06,2024-08-07,17813.99,0.0,BRL,056.382.974-56,Silveira Rocha Ltda.,Silveira,PB,2026-05-25 01:16:38
FLOW-0000001997,POL-00000038,CLM-00000757,PREMIUM_PAYMENT,CREDIT_CARD,PENDING,2026-03-25,2026-03-29,15238.5,15238.5,BRL,914.370.586-39,Macedo S.A.,Nascimento,BA,2026-05-25 01:16:38
FLOW-0000001998,POL-00000380,CLM-00000855,CANCELLATION,DEBIT,CANCELLED,2025-02-13,2025-02-16,22771.32,22771.32,BRL,857.603.492-10,Sá Rios - ME,Vargas da Serra,RR,2026-05-25 01:16:38
FLOW-0000001999,POL-00000376,CLM-00000188,CANCELLATION,BANK_TRANSFER,PROCESSED,2026-05-15,2026-05-17,18953.62,18953.62,BRL,914.720.658-67,da Paz - ME,Borges do Norte,MA,2026-05-25 01:16:38
FLOW-0000002000,POL-00000346,CLM-00000665,PREMIUM_PAYMENT,DEBIT,FAILED,2024-10-07,2024-10-11,2140.55,0.0,BRL,285.049.671-58,Correia da Rocha S/A,Nogueira de Carvalho,RJ,2026-05-25 01:16:38
FLOW-0000002001,POL-00000484,CLM-00000792,CLAIM_PAYMENT,PIX,FAILED,2024-07-29,2024-08-01,8044.9,0.0,BRL,709.638.524-00,Fonseca,Cardoso das Pedras,RS,2026-05-25 01:16:38
FLOW-0000002002,POL-00000289,CLM-00000531,COMMISSION,BANK_TRANSFER,PENDING,2026-04-13,2026-04-14,7468.85,7468.85,BRL,068.429.137-13,Pires e Filhos,Rocha,MS,2026-05-25 01:16:38
FLOW-0000002003,POL-00000166,CLM-00000394,REFUND,CREDIT_CARD,FAILED,2024-08-06,2024-08-10,12730.29,0.0,BRL,841.970.236-69,Rocha - EI,da Cunha de Goiás,DF,2026-05-25 01:16:38
FLOW-0000002004,POL-00000221,CLM-00000532,PREMIUM_PAYMENT,CREDIT_CARD,PROCESSED,2024-07-18,2024-07-19,23840.17,23840.17,BRL,172.368.540-26,Vieira S.A.,Vargas de Pastor,MS,2026-05-25 01:16:38
FLOW-0000002005,POL-00000178,CLM-00000292,COMMISSION,BANK_SLIP,PENDING,2024-11-22,2024-11-26,21995.61,21995.61,BRL,736.410.958-75,Novais Cunha S/A,Cavalcanti,PI,2026-05-25 01:16:38
FLOW-0000002006,POL-00000115,CLM-00000907,REFUND,BANK_SLIP,CANCELLED,2025-07-27,2025-07-27,7231.69,7231.69,BRL,792.536.108-59,Lopes Ltda.,Silveira de Minas,CE,2026-05-25 01:16:38
FLOW-0000002007,POL-00000474,CLM-00000238,COMMISSION,CREDIT_CARD,PENDING,2026-03-28,2026-03-30,23483.16,23483.16,BRL,421.783.965-00,das Neves,Pinto,RO,2026-05-25 01:16:38
FLOW-0000002008,POL-00000015,CLM-00000613,REINSURANCE,PIX,PROCESSED,2026-01-10,2026-01-11,2444.6,2444.6,BRL,798.231.654-91,da Luz Nascimento S.A.,Ferreira Alegre,AM,2026-05-25 01:16:38
FLOW-0000002009,POL-00000251,CLM-00000853,CLAIM_PAYMENT,PIX,PENDING,2025-11-05,2025-11-09,13471.0,13471.0,BRL,541.238.069-70,Campos Moura - ME,Novaes da Prata,MG,2026-05-25 01:16:38
FLOW-0000002010,POL-00000375,CLM-00000456,REINSURANCE,BANK_TRANSFER,CANCELLED,2026-03-30,2026-04-01,5118.37,5118.37,BRL,748.165.920-67,Teixeira - EI,Duarte,SE,2026-05-25 01:16:38
FLOW-0000002011,POL-00000367,CLM-00000724,COMMISSION,PIX,PENDING,2024-10-17,2024-10-18,20784.39,20784.39,BRL,182.407.593-60,Rezende,Macedo,AC,2026-05-25 01:16:38
FLOW-0000002012,POL-00000045,CLM-00000886,REFUND,BANK_SLIP,FAILED,2025-11-07,2025-11-10,22227.55,0.0,BRL,983.245.671-19,Lima,Garcia,PI,2026-05-25 01:16:38
FLOW-0000002013,POL-00000412,CLM-00000081,PREMIUM_PAYMENT,BANK_SLIP,FAILED,2024-11-12,2024-11-14,18304.26,0.0,BRL,482.935.710-04,Pimenta Rios - EI,Martins de da Cruz,AP,2026-05-25 01:16:38
FLOW-0000002014,POL-00000142,CLM-00000465,CLAIM_PAYMENT,BANK_TRANSFER,FAILED,2024-06-01,2024-06-06,1905.04,0.0,BRL,215.769.038-77,Mendes Sales - ME,Gonçalves de Pastor,RN,2026-05-25 01:16:38
FLOW-0000002015,POL-00000457,CLM-00000947,CANCELLATION,PIX,FAILED,2024-10-18,2024-10-23,19437.29,0.0,BRL,183.026.574-17,da Rosa Aparecida e Filhos,da Mota dos Dourados,MS,2026-05-25 01:16:38
FLOW-0000002016,POL-00000098,CLM-00000862,CANCELLATION,BANK_TRANSFER,FAILED,2024-07-13,2024-07-16,2555.95,0.0,BRL,475.063.218-07,Ramos Azevedo Ltda.,Cavalcanti de Costa,CE,2026-05-25 01:16:38
FLOW-0000002017,POL-00000486,CLM-00000650,CANCELLATION,PIX,PENDING,2026-01-30,2026-02-04,20948.99,20948.99,BRL,567.902.413-61,Correia Ltda.,Pastor das Flores,RN,2026-05-25 01:16:38
FLOW-0000002018,POL-00000345,CLM-00000201,REFUND,CREDIT_CARD,PROCESSED,2025-11-17,2025-11-18,3465.02,3465.02,BRL,280.165.379-95,Vasconcelos S.A.,Fogaça Paulista,TO,2026-05-25 01:16:38
FLOW-0000002019,POL-00000145,CLM-00000135,CLAIM_PAYMENT,BANK_SLIP,CANCELLED,2025-03-02,2025-03-05,3828.26,3828.26,BRL,796.305.241-80,Campos e Filhos,Fonseca,AC,2026-05-25 01:16:38
FLOW-0000002020,POL-00000002,CLM-00000445,REINSURANCE,PIX,PROCESSED,2024-10-23,2024-10-28,21902.81,21902.81,BRL,297.481.365-82,Pereira,Vieira,CE,2026-05-25 01:16:38
FLOW-0000002021,POL-00000020,CLM-00000429,CLAIM_PAYMENT,CREDIT_CARD,PROCESSED,2025-04-27,2025-04-30,13965.54,13965.54,BRL,306.942.581-05,Pereira Fernandes e Filhos,Almeida,RS,2026-05-25 01:16:38
FLOW-0000002022,POL-00000327,CLM-00000358,REINSURANCE,DEBIT,PROCESSED,2024-08-03,2024-08-07,9538.24,9538.24,BRL,089.736.214-40,da Mota,Rios,DF,2026-05-25 01:16:38
FLOW-0000002023,POL-00000431,CLM-00000238,CLAIM_PAYMENT,CREDIT_CARD,FAILED,2024-08-06,2024-08-10,16440.68,0.0,BRL,283.965.014-24,Peixoto Marques Ltda.,Pacheco,DF,2026-05-25 01:16:38
FLOW-0000002024,POL-00000307,CLM-00000366,CANCELLATION,BANK_TRANSFER,CANCELLED,2026-01-13,2026-01-18,12152.25,12152.25,BRL,182.694.570-94,Silveira,Campos de Cavalcanti,RJ,2026-05-25 01:16:38
FLOW-0000002025,POL-00000494,CLM-00000903,CLAIM_PAYMENT,CREDIT_CARD,PENDING,2025-10-22,2025-10-25,7420.66,7420.66,BRL,527.418.690-49,Brito,Almeida,RR,2026-05-25 01:16:38
FLOW-0000002026,POL-00000340,CLM-00000436,COMMISSION,PIX,PROCESSED,2024-10-28,2024-10-31,24235.59,24235.59,BRL,047.869.215-30,Caldeira Brito e Filhos,da Mata do Campo,RR,2026-05-25 01:16:38
FLOW-0000002027,POL-00000178,CLM-00000714,COMMISSION,DEBIT,PENDING,2026-04-20,2026-04-21,11645.16,11645.16,BRL,896.742.301-22,Ramos Fogaça - ME,Silva,AP,2026-05-25 01:16:38
FLOW-0000002028,POL-00000308,CLM-00000422,REFUND,BANK_SLIP,CANCELLED,2026-01-28,2026-02-02,3245.04,3245.04,BRL,108.526.934-51,Marques Ltda.,Gomes,CE,2026-05-25 01:16:38
FLOW-0000002029,POL-00000456,CLM-00000872,REINSURANCE,DEBIT,PROCESSED,2025-01-02,2025-01-02,7308.71,7308.71,BRL,381.674.052-90,Melo,da Paz,PA,2026-05-25 01:16:38
FLOW-0000002030,POL-00000346,CLM-00000326,COMMISSION,DEBIT,FAILED,2025-02-27,2025-02-27,14078.32,0.0,BRL,149.073.562-34,Rezende,Aparecida da Mata,SE,2026-05-25 01:16:38
FLOW-0000002031,POL-00000134,CLM-00000935,REFUND,PIX,CANCELLED,2024-06-22,2024-06-25,20235.31,20235.31,BRL,610.739.428-13,Borges Campos S.A.,Rezende do Norte,SE,2026-05-25 01:16:38
FLOW-0000002032,POL-00000326,CLM-00000839,CLAIM_PAYMENT,PIX,FAILED,2025-12-13,2025-12-15,12163.36,0.0,BRL,012.956.483-42,Farias,Costa do Campo,MT,2026-05-25 01:16:38
FLOW-0000002033,POL-00000275,CLM-00000212,CLAIM_PAYMENT,PIX,PROCESSED,2025-10-28,2025-10-30,11218.53,11218.53,BRL,253.704.961-61,Silveira,Ramos,CE,2026-05-25 01:16:38
FLOW-0000002034,POL-00000487,CLM-00000740,CLAIM_PAYMENT,PIX,PENDING,2025-09-03,2025-09-07,15288.25,15288.25,BRL,320.958.674-83,da Rosa S/A,Vieira Verde,AP,2026-05-25 01:16:38
FLOW-0000002035,POL-00000468,CLM-00000362,CANCELLATION,BANK_TRANSFER,FAILED,2024-08-18,2024-08-21,2301.81,0.0,BRL,129.407.638-87,Cirino Macedo e Filhos,Porto da Prata,RS,2026-05-25 01:16:38
FLOW-0000002036,POL-00000186,CLM-00000549,REINSURANCE,BANK_SLIP,PROCESSED,2024-12-28,2024-12-28,16390.54,16390.54,BRL,273.451.908-97,Vieira,da Cruz do Campo,AC,2026-05-25 01:16:38
FLOW-0000002037,POL-00000149,CLM-00000821,REFUND,BANK_SLIP,PROCESSED,2024-07-11,2024-07-12,20961.82,20961.82,BRL,508.146.397-39,Fernandes Pacheco e Filhos,Souza da Serra,RO,2026-05-25 01:16:38
FLOW-0000002038,POL-00000482,CLM-00000014,CLAIM_PAYMENT,PIX,PROCESSED,2025-10-10,2025-10-12,8320.98,8320.98,BRL,493.867.520-00,Câmara Albuquerque Ltda.,Rodrigues,SE,2026-05-25 01:16:38
FLOW-0000002039,POL-00000257,CLM-00000408,REINSURANCE,DEBIT,PENDING,2025-11-08,2025-11-08,18890.29,18890.29,BRL,172.346.509-70,Pinto,Câmara de Moura,PR,2026-05-25 01:16:38
FLOW-0000002040,POL-00000118,CLM-00000647,COMMISSION,BANK_SLIP,PENDING,2025-10-25,2025-10-25,3965.79,3965.79,BRL,108.325.469-33,Abreu,das Neves do Galho,RJ,2026-05-25 01:16:38
FLOW-0000002041,POL-00000336,CLM-00000411,PREMIUM_PAYMENT,BANK_SLIP,CANCELLED,2025-06-22,2025-06-22,6847.83,6847.83,BRL,063.249.857-92,Gomes e Filhos,Fonseca,RS,2026-05-25 01:16:38
FLOW-0000002042,POL-00000038,CLM-00000517,PREMIUM_PAYMENT,DEBIT,PENDING,2025-09-21,2025-09-26,21921.71,21921.71,BRL,804.623.579-29,Cardoso,Cavalcante,CE,2026-05-25 01:16:38
FLOW-0000002043,POL-00000049,CLM-00000754,REINSURANCE,BANK_TRANSFER,PROCESSED,2024-09-23,2024-09-23,417.81,417.81,BRL,819.724.365-46,Viana,da Conceição,RO,2026-05-25 01:16:38
FLOW-0000002044,POL-00000402,CLM-00000332,REINSURANCE,DEBIT,FAILED,2026-03-25,2026-03-28,4897.39,0.0,BRL,182.573.096-21,Sousa,Garcia,PR,2026-05-25 01:16:38
FLOW-0000002045,POL-00000235,CLM-00000208,COMMISSION,PIX,FAILED,2026-04-29,2026-05-03,18599.91,0.0,BRL,013.724.589-05,Correia - EI,Moreira,PA,2026-05-25 01:16:38
FLOW-0000002046,POL-00000193,CLM-00000299,REINSURANCE,DEBIT,CANCELLED,2026-05-12,2026-05-14,24233.1,24233.1,BRL,694.310.287-78,Silva e Filhos,Garcia do Oeste,DF,2026-05-25 01:16:38
FLOW-0000002047,POL-00000248,CLM-00000292,REFUND,BANK_TRANSFER,FAILED,2024-12-26,2024-12-26,5595.21,0.0,BRL,309.726.145-16,Sales,da Cruz do Campo,RN,2026-05-25 01:16:38
FLOW-0000002048,POL-00000373,CLM-00000404,PREMIUM_PAYMENT,CREDIT_CARD,CANCELLED,2025-02-05,2025-02-09,6153.12,6153.12,BRL,430.872.569-00,Almeida S/A,Guerra,PA,2026-05-25 01:16:38
FLOW-0000002049,POL-00000296,CLM-00000999,REFUND,PIX,PROCESSED,2025-06-15,2025-06-19,17878.74,17878.74,BRL,108.246.759-67,Garcia,Alves,MT,2026-05-25 01:16:38
FLOW-0000002050,POL-00000245,CLM-00000577,REFUND,PIX,FAILED,2025-08-09,2025-08-12,19291.58,0.0,BRL,402.938.167-78,Novais,Brito das Flores,RS,2026-05-25 01:16:38
FLOW-0000002051,POL-00000049,CLM-00000575,CLAIM_PAYMENT,BANK_SLIP,PENDING,2025-09-20,2025-09-25,7799.72,7799.72,BRL,375.201.896-86,Montenegro Silva S.A.,Vargas dos Dourados,AM,2026-05-25 01:16:38
FLOW-0000002052,POL-00000043,CLM-00000145,REFUND,DEBIT,PROCESSED,2026-05-24,2026-05-25,21627.45,21627.45,BRL,103.645.972-16,Pires,da Rocha de Goiás,PI,2026-05-25 01:16:38
FLOW-0000002053,POL-00000031,CLM-00000786,REINSURANCE,DEBIT,PROCESSED,2024-10-01,2024-10-05,20959.86,20959.86,BRL,520.416.879-67,da Paz Nascimento S.A.,Freitas,AP,2026-05-25 01:16:38
FLOW-0000002054,POL-00000428,CLM-00000155,CANCELLATION,PIX,FAILED,2025-12-16,2025-12-18,10325.87,0.0,BRL,485.073.629-74,Vieira,Vasconcelos do Campo,GO,2026-05-25 01:16:38
FLOW-0000002055,POL-00000447,CLM-00000006,REINSURANCE,CREDIT_CARD,CANCELLED,2024-08-15,2024-08-17,17240.49,17240.49,BRL,745.961.803-93,Abreu,Mendonça de Peixoto,SP,2026-05-25 01:16:38
FLOW-0000002056,POL-00000280,CLM-00000512,REINSURANCE,CREDIT_CARD,CANCELLED,2024-08-29,2024-09-03,5270.14,5270.14,BRL,513.679.402-06,Viana,Cavalcanti do Amparo,PB,2026-05-25 01:16:38
FLOW-0000002057,POL-00000264,CLM-00000569,REFUND,PIX,CANCELLED,2025-04-13,2025-04-18,5931.7,5931.7,BRL,685.974.201-11,Vargas,Lopes Grande,PI,2026-05-25 01:16:38
FLOW-0000002058,POL-00000066,CLM-00000776,PREMIUM_PAYMENT,PIX,CANCELLED,2025-02-02,2025-02-02,10671.27,10671.27,BRL,685.390.247-56,Alves - ME,Peixoto,ES,2026-05-25 01:16:38
FLOW-0000002059,POL-00000102,CLM-00000449,PREMIUM_PAYMENT,PIX,PROCESSED,2024-06-15,2024-06-16,13022.48,13022.48,BRL,284.769.315-73,da Rosa,Silva,RJ,2026-05-25 01:16:38
FLOW-0000002060,POL-00000321,CLM-00000823,REFUND,BANK_TRANSFER,PROCESSED,2025-05-26,2025-05-26,22143.3,22143.3,BRL,701.869.543-01,Jesus Castro - EI,Fogaça,RR,2026-05-25 01:16:38
FLOW-0000002061,POL-00000205,CLM-00000010,REINSURANCE,CREDIT_CARD,CANCELLED,2025-12-27,2025-12-30,3539.64,3539.64,BRL,104.865.372-26,Pires Sá - EI,Cunha,SP,2026-05-25 01:16:38
FLOW-0000002062,POL-00000268,CLM-00000331,COMMISSION,BANK_TRANSFER,FAILED,2026-03-09,2026-03-09,10915.21,0.0,BRL,426.758.091-01,Rezende,Pires,MG,2026-05-25 01:16:38
FLOW-0000002063,POL-00000149,CLM-00000536,CLAIM_PAYMENT,BANK_SLIP,PROCESSED,2025-03-09,2025-03-11,14117.07,14117.07,BRL,658.170.324-90,Rocha,Santos Alegre,RR,2026-05-25 01:16:38
FLOW-0000002064,POL-00000242,CLM-00000474,COMMISSION,BANK_SLIP,FAILED,2025-01-07,2025-01-11,23802.28,0.0,BRL,034.691.728-03,Silveira,Fonseca,MT,2026-05-25 01:16:38
FLOW-0000002065,POL-00000085,CLM-00000537,CANCELLATION,DEBIT,PROCESSED,2026-03-04,2026-03-06,23180.64,23180.64,BRL,947.325.816-09,Pastor,Rezende do Sul,AM,2026-05-25 01:16:38
FLOW-0000002066,POL-00000241,CLM-00000069,CLAIM_PAYMENT,PIX,PROCESSED,2025-02-26,2025-02-26,7976.32,7976.32,BRL,726.358.149-37,da Mata,Ferreira Verde,AM,2026-05-25 01:16:38
FLOW-0000002067,POL-00000276,CLM-00000470,CLAIM_PAYMENT,CREDIT_CARD,PENDING,2025-05-26,2025-05-28,17551.54,17551.54,BRL,127.803.964-31,Mendes,Cavalcante de Rios,CE,2026-05-25 01:16:38
FLOW-0000002068,POL-00000035,CLM-00000359,REFUND,BANK_TRANSFER,PROCESSED,2024-12-17,2024-12-17,1574.64,1574.64,BRL,905.617.843-10,Ramos,Cunha,MS,2026-05-25 01:16:38
FLOW-0000002069,POL-00000141,CLM-00000292,PREMIUM_PAYMENT,DEBIT,PROCESSED,2025-05-02,2025-05-03,8656.69,8656.69,BRL,451.603.872-26,Barros,Silveira,CE,2026-05-25 01:16:38
FLOW-0000002070,POL-00000479,CLM-00000261,COMMISSION,BANK_TRANSFER,CANCELLED,2026-02-22,2026-02-26,18246.61,18246.61,BRL,470.862.139-69,Silva,Novais Alegre,SE,2026-05-25 01:16:38
FLOW-0000002071,POL-00000304,CLM-00000157,CLAIM_PAYMENT,PIX,PENDING,2025-05-17,2025-05-21,16057.9,16057.9,BRL,437.956.281-64,Pacheco Ltda.,Cassiano Paulista,MA,2026-05-25 01:16:38
FLOW-0000002072,POL-00000289,CLM-00000105,CLAIM_PAYMENT,BANK_SLIP,FAILED,2024-09-30,2024-10-05,5450.21,0.0,BRL,942.157.063-43,Lima Jesus e Filhos,Marques,RO,2026-05-25 01:16:38
FLOW-0000002073,POL-00000295,CLM-00000791,REFUND,BANK_TRANSFER,FAILED,2025-01-11,2025-01-15,14703.56,0.0,BRL,138.207.495-60,Guerra,Pinto de Ribeiro,AL,2026-05-25 01:16:38
FLOW-0000002074,POL-00000108,CLM-00000173,CANCELLATION,PIX,CANCELLED,2026-04-27,2026-05-01,6967.08,6967.08,BRL,764.325.801-53,Pinto Ltda.,Correia,BA,2026-05-25 01:16:38
FLOW-0000002075,POL-00000074,CLM-00000169,PREMIUM_PAYMENT,DEBIT,PROCESSED,2024-10-14,2024-10-15,24727.73,24727.73,BRL,562.471.908-67,Lima,Câmara Paulista,RJ,2026-05-25 01:16:38
FLOW-0000002076,POL-00000262,CLM-00000827,PREMIUM_PAYMENT,DEBIT,PROCESSED,2026-05-20,2026-05-20,8117.28,8117.28,BRL,329.085.476-00,Mendes Andrade S/A,Garcia de Gomes,AP,2026-05-25 01:16:38
FLOW-0000002077,POL-00000257,CLM-00000779,COMMISSION,PIX,FAILED,2026-05-01,2026-05-04,16637.81,0.0,BRL,239.850.714-97,Cavalcante Cunha Ltda.,Casa Grande da Serra,MT,2026-05-25 01:16:38
FLOW-0000002078,POL-00000362,CLM-00000486,REFUND,CREDIT_CARD,CANCELLED,2025-06-06,2025-06-07,14025.62,14025.62,BRL,675.942.103-52,Moreira,Moreira do Oeste,MT,2026-05-25 01:16:38
FLOW-0000002079,POL-00000453,CLM-00000620,COMMISSION,BANK_SLIP,PENDING,2025-04-20,2025-04-22,20974.3,20974.3,BRL,637.082.915-30,Ramos Porto - EI,Silva,BA,2026-05-25 01:16:38
FLOW-0000002080,POL-00000431,CLM-00000448,COMMISSION,BANK_TRANSFER,PROCESSED,2025-05-13,2025-05-14,23639.97,23639.97,BRL,468.305.127-35,Nascimento - EI,da Cunha,MA,2026-05-25 01:16:38
FLOW-0000002081,POL-00000286,CLM-00000922,COMMISSION,DEBIT,PENDING,2025-05-18,2025-05-21,12277.83,12277.83,BRL,104.895.672-58,Ribeiro,Sousa da Prata,RR,2026-05-25 01:16:38
FLOW-0000002082,POL-00000438,CLM-00000478,PREMIUM_PAYMENT,CREDIT_CARD,FAILED,2026-01-04,2026-01-09,8737.1,0.0,BRL,751.984.306-84,Cardoso,da Cruz de Rezende,MT,2026-05-25 01:16:38
FLOW-0000002083,POL-00000196,CLM-00000384,REINSURANCE,BANK_SLIP,PROCESSED,2024-12-18,2024-12-23,10630.74,10630.74,BRL,209.561.374-07,Aragão - EI,Pastor da Mata,PA,2026-05-25 01:16:38
FLOW-0000002084,POL-00000185,CLM-00000539,CLAIM_PAYMENT,BANK_SLIP,CANCELLED,2025-09-16,2025-09-21,24886.19,24886.19,BRL,182.709.546-67,da Mota,da Luz,MS,2026-05-25 01:16:38
FLOW-0000002085,POL-00000467,CLM-00000378,COMMISSION,CREDIT_CARD,PENDING,2025-06-23,2025-06-23,14675.4,14675.4,BRL,026.493.175-07,Macedo Barbosa S.A.,das Neves do Galho,CE,2026-05-25 01:16:38
FLOW-0000002086,POL-00000018,CLM-00000663,REINSURANCE,CREDIT_CARD,FAILED,2024-09-02,2024-09-06,23043.02,0.0,BRL,815.769.203-21,Nascimento Azevedo - EI,Alves,DF,2026-05-25 01:16:38
FLOW-0000002087,POL-00000141,CLM-00000641,PREMIUM_PAYMENT,PIX,FAILED,2024-06-04,2024-06-09,11994.43,0.0,BRL,813.254.609-15,da Conceição,Nascimento de Vieira,SC,2026-05-25 01:16:38
FLOW-0000002088,POL-00000312,CLM-00000648,CANCELLATION,DEBIT,CANCELLED,2026-03-01,2026-03-05,20591.98,20591.98,BRL,549.683.107-57,Mendonça Teixeira - EI,Aparecida dos Dourados,ES,2026-05-25 01:16:38
FLOW-0000002089,POL-00000020,CLM-00000379,CANCELLATION,PIX,PENDING,2025-10-02,2025-10-05,4385.59,4385.59,BRL,271.590.436-34,Vargas Farias S.A.,Camargo Alegre,RS,2026-05-25 01:16:38
FLOW-0000002090,POL-00000446,CLM-00000872,CLAIM_PAYMENT,BANK_SLIP,PROCESSED,2025-09-27,2025-10-01,22361.92,22361.92,BRL,762.841.935-64,Andrade Pacheco - ME,Aparecida da Mata,CE,2026-05-25 01:16:38
FLOW-0000002091,POL-00000228,CLM-00000653,PREMIUM_PAYMENT,PIX,PENDING,2025-07-31,2025-07-31,10518.34,10518.34,BRL,437.021.856-07,Rodrigues S/A,Costela do Oeste,MS,2026-05-25 01:16:38
FLOW-0000002092,POL-00000437,CLM-00000199,REINSURANCE,BANK_TRANSFER,FAILED,2026-01-21,2026-01-23,2482.01,0.0,BRL,624.051.387-35,Caldeira,Lima das Flores,SP,2026-05-25 01:16:38
FLOW-0000002093,POL-00000460,CLM-00000727,CANCELLATION,BANK_SLIP,FAILED,2025-12-28,2026-01-02,466.03,0.0,BRL,739.502.648-92,Vieira Ltda.,Aragão Verde,MT,2026-05-25 01:16:38
FLOW-0000002094,POL-00000482,CLM-00000681,COMMISSION,DEBIT,PENDING,2025-09-20,2025-09-24,18067.28,18067.28,BRL,702.691.548-76,Pinto - EI,Silveira da Serra,PB,2026-05-25 01:16:38
FLOW-0000002095,POL-00000034,CLM-00000198,CANCELLATION,BANK_TRANSFER,PENDING,2026-01-28,2026-01-31,20951.03,20951.03,BRL,973.210.546-16,Guerra,Fogaça,RJ,2026-05-25 01:16:38
FLOW-0000002096,POL-00000228,CLM-00000046,PREMIUM_PAYMENT,CREDIT_CARD,PROCESSED,2024-08-16,2024-08-17,18237.48,18237.48,BRL,902.753.148-04,Abreu Montenegro - ME,Pinto dos Dourados,MA,2026-05-25 01:16:38
FLOW-0000002097,POL-00000089,CLM-00000651,REINSURANCE,PIX,CANCELLED,2025-03-15,2025-03-19,5007.15,5007.15,BRL,549.267.183-91,Ferreira,da Luz,MG,2026-05-25 01:16:38
FLOW-0000002098,POL-00000175,CLM-00000478,COMMISSION,BANK_TRANSFER,PENDING,2026-01-24,2026-01-26,6880.39,6880.39,BRL,635.492.187-37,Aparecida S/A,Nascimento Alegre,PR,2026-05-25 01:16:38
FLOW-0000002099,POL-00000060,CLM-00000941,REFUND,PIX,PENDING,2025-04-01,2025-04-06,2198.08,2198.08,BRL,915.837.264-46,Guerra,da Cunha da Mata,MS,2026-05-25 01:16:38
FLOW-0000002100,POL-00000303,CLM-00000642,CLAIM_PAYMENT,PIX,FAILED,2024-09-26,2024-09-27,18252.28,0.0,BRL,928.056.341-60,Pires S.A.,Oliveira do Amparo,ES,2026-05-25 01:16:38
FLOW-0000002101,POL-00000236,CLM-00000084,CLAIM_PAYMENT,BANK_SLIP,FAILED,2025-11-17,2025-11-18,19728.98,0.0,BRL,067.931.524-16,Pinto da Rosa - EI,Moraes,PE,2026-05-25 01:16:38
FLOW-0000002102,POL-00000383,CLM-00000774,CANCELLATION,BANK_SLIP,PROCESSED,2025-04-25,2025-04-27,20940.84,20940.84,BRL,637.514.298-91,Castro Borges - EI,Vasconcelos do Campo,SC,2026-05-25 01:16:38
FLOW-0000002103,POL-00000092,CLM-00000286,CANCELLATION,BANK_SLIP,FAILED,2026-01-09,2026-01-11,1380.72,0.0,BRL,973.058.612-86,Costa,Rodrigues,GO,2026-05-25 01:16:38
FLOW-0000002104,POL-00000140,CLM-00000905,CLAIM_PAYMENT,BANK_SLIP,PROCESSED,2025-10-22,2025-10-26,7922.75,7922.75,BRL,029.418.765-02,Cunha,Duarte da Praia,TO,2026-05-25 01:16:38
FLOW-0000002105,POL-00000136,CLM-00000095,COMMISSION,DEBIT,CANCELLED,2024-11-07,2024-11-08,24482.99,24482.99,BRL,302.145.789-41,Brito,Nogueira,MG,2026-05-25 01:16:38
FLOW-0000002106,POL-00000425,CLM-00000647,COMMISSION,BANK_SLIP,CANCELLED,2026-01-02,2026-01-04,14488.47,14488.47,BRL,901.645.823-98,Cavalcante Duarte - EI,Correia,AL,2026-05-25 01:16:38
FLOW-0000002107,POL-00000080,CLM-00000551,REINSURANCE,BANK_TRANSFER,CANCELLED,2024-09-01,2024-09-01,23744.14,23744.14,BRL,803.592.716-77,Campos,Cavalcanti de Cavalcanti,MS,2026-05-25 01:16:38
FLOW-0000002108,POL-00000331,CLM-00000831,REFUND,CREDIT_CARD,FAILED,2024-12-12,2024-12-13,24844.2,0.0,BRL,612.470.598-20,Pastor S.A.,Viana do Oeste,BA,2026-05-25 01:16:38
FLOW-0000002109,POL-00000047,CLM-00000526,REINSURANCE,BANK_SLIP,FAILED,2026-01-29,2026-01-30,8587.42,0.0,BRL,175.302.489-79,da Costa S/A,da Mata,RS,2026-05-25 01:16:38
FLOW-0000002110,POL-00000473,CLM-00000119,COMMISSION,BANK_TRANSFER,PENDING,2026-03-02,2026-03-04,5495.46,5495.46,BRL,408.123.657-71,Casa Grande S.A.,Nunes do Campo,SP,2026-05-25 01:16:38
FLOW-0000002111,POL-00000240,CLM-00000601,REFUND,CREDIT_CARD,PROCESSED,2025-09-28,2025-10-03,15796.29,15796.29,BRL,195.284.703-60,Andrade S.A.,Andrade de Goiás,AM,2026-05-25 01:16:38
FLOW-0000002112,POL-00000166,CLM-00000719,CANCELLATION,PIX,PENDING,2026-03-21,2026-03-23,14116.05,14116.05,BRL,129.354.078-14,Marques,Marques Grande,AC,2026-05-25 01:16:38
FLOW-0000002113,POL-00000216,CLM-00000487,PREMIUM_PAYMENT,CREDIT_CARD,PROCESSED,2024-09-13,2024-09-18,9004.16,9004.16,BRL,654.918.370-75,Alves - ME,Moraes do Amparo,PA,2026-05-25 01:16:38
FLOW-0000002114,POL-00000468,CLM-00000367,PREMIUM_PAYMENT,CREDIT_CARD,PROCESSED,2025-07-05,2025-07-07,16214.64,16214.64,BRL,325.786.409-47,Montenegro Siqueira - ME,Lopes,TO,2026-05-25 01:16:38
FLOW-0000002115,POL-00000225,CLM-00000829,CLAIM_PAYMENT,BANK_TRANSFER,PENDING,2025-08-15,2025-08-16,11697.69,11697.69,BRL,397.584.210-50,das Neves S/A,Oliveira Paulista,ES,2026-05-25 01:16:38
FLOW-0000002116,POL-00000375,CLM-00000409,CANCELLATION,DEBIT,CANCELLED,2026-04-21,2026-04-24,14859.69,14859.69,BRL,024.135.879-50,Almeida,Castro,AC,2026-05-25 01:16:38
FLOW-0000002117,POL-00000248,CLM-00000695,COMMISSION,DEBIT,FAILED,2024-12-14,2024-12-15,6351.74,0.0,BRL,908.752.413-79,Pires,Costela Verde,BA,2026-05-25 01:16:38
FLOW-0000002118,POL-00000216,CLM-00000437,CLAIM_PAYMENT,CREDIT_CARD,PENDING,2025-09-05,2025-09-07,1051.22,1051.22,BRL,581.640.932-89,Macedo da Mata S.A.,Barbosa,PR,2026-05-25 01:16:38
FLOW-0000002119,POL-00000263,CLM-00000171,PREMIUM_PAYMENT,CREDIT_CARD,PROCESSED,2024-09-18,2024-09-22,10048.72,10048.72,BRL,370.698.125-40,Albuquerque Fogaça Ltda.,Albuquerque,SE,2026-05-25 01:16:38
FLOW-0000002120,POL-00000488,CLM-00000996,REINSURANCE,BANK_TRANSFER,PROCESSED,2024-09-18,2024-09-22,24132.63,24132.63,BRL,518.972.346-19,Aragão Ltda.,Novaes,SP,2026-05-25 01:16:38
FLOW-0000002121,POL-00000497,CLM-00000093,COMMISSION,CREDIT_CARD,PENDING,2026-03-09,2026-03-10,3290.78,3290.78,BRL,931.627.405-25,Pimenta,da Conceição,MG,2026-05-25 01:16:38
FLOW-0000002122,POL-00000085,CLM-00000472,REFUND,PIX,CANCELLED,2024-06-18,2024-06-19,20047.17,20047.17,BRL,482.359.016-33,Pires,Silveira,AM,2026-05-25 01:16:38
FLOW-0000002123,POL-00000158,CLM-00000083,CLAIM_PAYMENT,BANK_SLIP,FAILED,2024-08-02,2024-08-07,3729.9,0.0,BRL,398.167.245-37,Jesus - EI,Carvalho do Amparo,AP,2026-05-25 01:16:38
FLOW-0000002124,POL-00000371,CLM-00000251,REFUND,BANK_SLIP,PENDING,2026-05-07,2026-05-08,21451.17,21451.17,BRL,913.265.847-82,Vieira,Vasconcelos Alegre,PA,2026-05-25 01:16:38
FLOW-0000002125,POL-00000245,CLM-00000164,COMMISSION,CREDIT_CARD,PENDING,2025-02-10,2025-02-15,13905.94,13905.94,BRL,024.918.376-50,Pacheco Nunes e Filhos,Oliveira,TO,2026-05-25 01:16:38
FLOW-0000002126,POL-00000358,CLM-00000218,CANCELLATION,DEBIT,CANCELLED,2024-09-30,2024-09-30,11796.48,11796.48,BRL,426.097.835-74,Vasconcelos Gomes Ltda.,Pinto,SC,2026-05-25 01:16:38
FLOW-0000002127,POL-00000391,CLM-00000939,REFUND,PIX,PROCESSED,2025-09-17,2025-09-22,9438.47,9438.47,BRL,518.647.293-09,Lopes,Casa Grande,RR,2026-05-25 01:16:38
FLOW-0000002128,POL-00000396,CLM-00000335,CLAIM_PAYMENT,CREDIT_CARD,CANCELLED,2025-06-14,2025-06-17,3256.13,3256.13,BRL,468.715.930-39,Vasconcelos,Silveira,RO,2026-05-25 01:16:38
FLOW-0000002129,POL-00000274,CLM-00000074,REFUND,CREDIT_CARD,CANCELLED,2025-12-18,2025-12-23,18272.78,18272.78,BRL,093.748.625-65,Cirino,Nascimento de Albuquerque,MS,2026-05-25 01:16:38
FLOW-0000002130,POL-00000114,CLM-00000907,REINSURANCE,BANK_TRANSFER,PENDING,2024-08-02,2024-08-05,16763.42,16763.42,BRL,586.491.703-66,da Conceição,Fernandes de Câmara,SC,2026-05-25 01:16:38
FLOW-0000002131,POL-00000175,CLM-00000514,COMMISSION,PIX,FAILED,2024-07-16,2024-07-17,19207.71,0.0,BRL,954.132.867-91,Câmara e Filhos,Aparecida do Amparo,TO,2026-05-25 01:16:38
FLOW-0000002132,POL-00000331,CLM-00000236,REFUND,BANK_SLIP,PENDING,2025-05-07,2025-05-11,14999.3,14999.3,BRL,379.481.620-03,Campos da Rocha S.A.,Montenegro de Minas,BA,2026-05-25 01:16:38
FLOW-0000002133,POL-00000223,CLM-00000096,CLAIM_PAYMENT,CREDIT_CARD,FAILED,2024-12-07,2024-12-10,4739.87,0.0,BRL,910.247.658-49,Nascimento,Ribeiro,RR,2026-05-25 01:16:38
FLOW-0000002134,POL-00000146,CLM-00000319,REFUND,DEBIT,PROCESSED,2024-05-29,2024-06-01,16368.42,16368.42,BRL,857.041.293-23,Camargo,Pimenta de Andrade,PB,2026-05-25 01:16:38
FLOW-0000002135,POL-00000491,CLM-00000978,PREMIUM_PAYMENT,DEBIT,FAILED,2024-11-23,2024-11-28,20540.81,0.0,BRL,149.856.703-75,Albuquerque,Cirino Alegre,AL,2026-05-25 01:16:38
FLOW-0000002136,POL-00000239,CLM-00000826,CANCELLATION,PIX,PENDING,2026-02-06,2026-02-07,4130.39,4130.39,BRL,425.918.763-55,Sales S/A,Santos do Campo,MS,2026-05-25 01:16:38
FLOW-0000002137,POL-00000412,CLM-00000827,PREMIUM_PAYMENT,PIX,CANCELLED,2025-01-07,2025-01-09,17167.34,17167.34,BRL,067.498.251-76,Mendonça Porto - ME,Porto,PI,2026-05-25 01:16:38
FLOW-0000002138,POL-00000352,CLM-00000466,REINSURANCE,PIX,CANCELLED,2026-01-12,2026-01-13,8009.69,8009.69,BRL,687.419.532-82,Dias Ramos e Filhos,Vargas,PR,2026-05-25 01:16:38
FLOW-0000002139,POL-00000217,CLM-00000790,CANCELLATION,PIX,CANCELLED,2026-02-20,2026-02-23,16362.74,16362.74,BRL,879.210.465-76,Mendonça Cunha - EI,Cavalcanti da Mata,RJ,2026-05-25 01:16:38
FLOW-0000002140,POL-00000310,CLM-00000827,CANCELLATION,DEBIT,PENDING,2024-07-30,2024-08-01,10653.28,10653.28,BRL,691.804.325-06,Viana - ME,Teixeira do Sul,PB,2026-05-25 01:16:38
FLOW-0000002141,POL-00000433,CLM-00000548,REFUND,CREDIT_CARD,FAILED,2025-12-21,2025-12-25,9351.99,0.0,BRL,475.092.631-07,Farias,Moreira de Goiás,BA,2026-05-25 01:16:38
FLOW-0000002142,POL-00000446,CLM-00000691,REFUND,PIX,CANCELLED,2024-08-31,2024-08-31,19648.09,19648.09,BRL,918.532.470-14,Montenegro,Borges de Sousa,SC,2026-05-25 01:16:38
FLOW-0000002143,POL-00000102,CLM-00000528,CANCELLATION,BANK_TRANSFER,FAILED,2026-03-15,2026-03-16,223.57,0.0,BRL,527.064.931-43,Fonseca Costela - ME,da Cunha,PE,2026-05-25 01:16:38
FLOW-0000002144,POL-00000238,CLM-00000289,REFUND,PIX,PENDING,2025-12-14,2025-12-19,21811.52,21811.52,BRL,351.742.890-60,Mendonça Camargo - ME,Freitas,CE,2026-05-25 01:16:38
FLOW-0000002145,POL-00000026,CLM-00000911,REFUND,BANK_TRANSFER,FAILED,2025-02-11,2025-02-11,21704.02,0.0,BRL,540.789.236-74,Cunha,Andrade,PB,2026-05-25 01:16:38
FLOW-0000002146,POL-00000346,CLM-00000304,REFUND,PIX,FAILED,2026-04-29,2026-05-04,9263.95,0.0,BRL,763.029.145-07,Rocha da Mota S/A,Casa Grande,PB,2026-05-25 01:16:38
FLOW-0000002147,POL-00000214,CLM-00000018,COMMISSION,DEBIT,FAILED,2025-12-19,2025-12-23,6717.53,0.0,BRL,392.016.784-87,Macedo Viana Ltda.,Jesus,MA,2026-05-25 01:16:38
FLOW-0000002148,POL-00000183,CLM-00000750,PREMIUM_PAYMENT,PIX,PENDING,2024-06-01,2024-06-03,7477.2,7477.2,BRL,285.970.163-02,Rocha Novais Ltda.,Alves,PB,2026-05-25 01:16:38
FLOW-0000002149,POL-00000044,CLM-00000548,CLAIM_PAYMENT,PIX,PROCESSED,2026-01-02,2026-01-06,18480.07,18480.07,BRL,524.780.196-20,Vieira S.A.,da Rocha,TO,2026-05-25 01:16:38
FLOW-0000002150,POL-00000221,CLM-00000915,CANCELLATION,CREDIT_CARD,CANCELLED,2025-07-19,2025-07-20,18183.35,18183.35,BRL,981.640.752-30,Lopes - ME,Ramos do Sul,PA,2026-05-25 01:16:38
FLOW-0000002151,POL-00000471,CLM-00000846,CANCELLATION,BANK_TRANSFER,PROCESSED,2025-09-08,2025-09-10,24297.73,24297.73,BRL,368.102.594-06,Montenegro Monteiro S/A,Ribeiro,RR,2026-05-25 01:16:38
FLOW-0000002152,POL-00000191,CLM-00000040,PREMIUM_PAYMENT,BANK_SLIP,FAILED,2025-10-22,2025-10-26,11487.57,0.0,BRL,274.630.815-08,da Costa da Cunha - ME,Sampaio,GO,2026-05-25 01:16:38
FLOW-0000002153,POL-00000196,CLM-00000525,CANCELLATION,PIX,PENDING,2024-10-09,2024-10-13,24422.24,24422.24,BRL,493.261.857-37,da Rosa Ltda.,Cavalcanti,ES,2026-05-25 01:16:38
FLOW-0000002154,POL-00000217,CLM-00000411,CANCELLATION,PIX,FAILED,2024-10-25,2024-10-27,23189.64,0.0,BRL,310.754.298-97,Melo,Silva,PA,2026-05-25 01:16:38
FLOW-0000002155,POL-00000429,CLM-00000935,COMMISSION,DEBIT,PENDING,2024-06-30,2024-07-01,23761.45,23761.45,BRL,423.671.905-34,Cavalcante Brito S/A,Brito da Prata,PR,2026-05-25 01:16:38
FLOW-0000002156,POL-00000156,CLM-00000631,REINSURANCE,BANK_TRANSFER,FAILED,2024-05-30,2024-05-30,19851.44,0.0,BRL,214.506.873-26,Martins,Silva da Prata,RS,2026-05-25 01:16:38
FLOW-0000002157,POL-00000192,CLM-00000588,CLAIM_PAYMENT,DEBIT,PENDING,2026-03-27,2026-03-31,21363.38,21363.38,BRL,249.137.865-55,Dias,das Neves da Mata,AM,2026-05-25 01:16:38
FLOW-0000002158,POL-00000383,CLM-00000706,REFUND,BANK_SLIP,FAILED,2026-04-19,2026-04-20,19029.94,0.0,BRL,438.251.607-26,Azevedo,Duarte,RJ,2026-05-25 01:16:38
FLOW-0000002159,POL-00000466,CLM-00000186,PREMIUM_PAYMENT,CREDIT_CARD,CANCELLED,2024-12-24,2024-12-26,12564.0,12564.0,BRL,063.541.289-60,Moraes Cassiano - EI,Farias,AC,2026-05-25 01:16:38
FLOW-0000002160,POL-00000401,CLM-00000425,CLAIM_PAYMENT,BANK_SLIP,PENDING,2025-12-06,2025-12-08,176.02,176.02,BRL,716.492.305-16,Alves e Filhos,Cavalcanti,PE,2026-05-25 01:16:38
FLOW-0000002161,POL-00000050,CLM-00000227,REINSURANCE,BANK_SLIP,FAILED,2025-09-24,2025-09-26,6712.98,0.0,BRL,306.294.175-80,Martins,da Mota Alegre,RO,2026-05-25 01:16:38
FLOW-0000002162,POL-00000314,CLM-00000295,CLAIM_PAYMENT,BANK_TRANSFER,PENDING,2024-09-22,2024-09-22,17739.76,17739.76,BRL,054.817.693-01,Melo - ME,Borges,PE,2026-05-25 01:16:38
FLOW-0000002163,POL-00000278,CLM-00000399,CANCELLATION,DEBIT,FAILED,2025-11-28,2025-12-01,14718.46,0.0,BRL,921.856.403-05,Ferreira Farias S/A,Lopes do Oeste,ES,2026-05-25 01:16:38
FLOW-0000002164,POL-00000178,CLM-00000843,COMMISSION,DEBIT,FAILED,2026-04-27,2026-05-01,363.55,0.0,BRL,736.814.592-82,Barbosa,Alves,RN,2026-05-25 01:16:38
FLOW-0000002165,POL-00000108,CLM-00000546,CANCELLATION,BANK_SLIP,CANCELLED,2025-02-23,2025-02-24,11575.59,11575.59,BRL,928.705.461-49,Correia,Almeida das Flores,SE,2026-05-25 01:16:38
FLOW-0000002166,POL-00000339,CLM-00000873,REFUND,BANK_TRANSFER,PENDING,2026-04-09,2026-04-14,9782.03,9782.03,BRL,549.082.637-10,Freitas Nogueira S.A.,Câmara,RN,2026-05-25 01:16:38
FLOW-0000002167,POL-00000043,CLM-00000213,REINSURANCE,BANK_TRANSFER,FAILED,2025-06-26,2025-06-26,15803.03,0.0,BRL,041.762.359-34,Fogaça,Cassiano,RO,2026-05-25 01:16:38
FLOW-0000002168,POL-00000346,CLM-00000479,COMMISSION,PIX,CANCELLED,2025-06-06,2025-06-08,7635.62,7635.62,BRL,461.278.509-67,da Cunha,Souza das Pedras,AM,2026-05-25 01:16:38
FLOW-0000002169,POL-00000290,CLM-00000442,CLAIM_PAYMENT,DEBIT,FAILED,2026-01-10,2026-01-11,15640.32,0.0,BRL,729.813.504-04,Moreira,da Mota de Câmara,CE,2026-05-25 01:16:38
FLOW-0000002170,POL-00000121,CLM-00000385,COMMISSION,BANK_TRANSFER,CANCELLED,2025-09-14,2025-09-14,18797.14,18797.14,BRL,250.341.689-60,Borges,Novaes,GO,2026-05-25 01:16:38
FLOW-0000002171,POL-00000203,CLM-00000224,PREMIUM_PAYMENT,BANK_SLIP,PENDING,2025-04-23,2025-04-24,9491.8,9491.8,BRL,305.624.987-29,Nunes Cavalcanti S.A.,Cavalcante Paulista,PB,2026-05-25 01:16:38
FLOW-0000002172,POL-00000393,CLM-00000797,CLAIM_PAYMENT,DEBIT,PROCESSED,2025-08-26,2025-08-26,14290.09,14290.09,BRL,693.801.742-50,Freitas e Filhos,Rios da Serra,PA,2026-05-25 01:16:38
FLOW-0000002173,POL-00000462,CLM-00000614,CLAIM_PAYMENT,CREDIT_CARD,CANCELLED,2024-08-18,2024-08-22,10242.48,10242.48,BRL,621.945.083-33,Almeida,Lopes,PI,2026-05-25 01:16:38
FLOW-0000002174,POL-00000341,CLM-00000906,CANCELLATION,CREDIT_CARD,PENDING,2025-06-15,2025-06-17,19273.97,19273.97,BRL,158.962.407-67,Teixeira Sá S/A,Pereira,PE,2026-05-25 01:16:38
FLOW-0000002175,POL-00000440,CLM-00000414,REFUND,DEBIT,PROCESSED,2024-09-13,2024-09-17,13413.89,13413.89,BRL,679.312.450-16,Borges Fonseca S/A,Cassiano da Praia,RN,2026-05-25 01:16:38
FLOW-0000002176,POL-00000474,CLM-00000895,REFUND,BANK_SLIP,PROCESSED,2025-12-02,2025-12-05,7192.77,7192.77,BRL,170.249.836-04,Farias Gonçalves S/A,da Luz de Alves,AC,2026-05-25 01:16:38
FLOW-0000002177,POL-00000391,CLM-00000476,REINSURANCE,BANK_SLIP,FAILED,2025-08-11,2025-08-14,7245.77,0.0,BRL,437.096.182-31,Moura e Filhos,Sales,MT,2026-05-25 01:16:38
FLOW-0000002178,POL-00000499,CLM-00000429,REFUND,DEBIT,CANCELLED,2025-02-16,2025-02-21,22686.66,22686.66,BRL,251.847.639-37,Casa Grande - EI,Viana,TO,2026-05-25 01:16:38
FLOW-0000002179,POL-00000071,CLM-00000625,REINSURANCE,BANK_TRANSFER,PROCESSED,2025-12-01,2025-12-02,15928.6,15928.6,BRL,054.716.983-39,Cassiano,Lima,CE,2026-05-25 01:16:38
FLOW-0000002180,POL-00000485,CLM-00000024,REINSURANCE,CREDIT_CARD,CANCELLED,2024-12-22,2024-12-26,24972.8,24972.8,BRL,239.470.165-06,Caldeira,Araújo do Amparo,MG,2026-05-25 01:16:38
FLOW-0000002181,POL-00000351,CLM-00000094,REINSURANCE,CREDIT_CARD,CANCELLED,2025-07-31,2025-08-04,6286.02,6286.02,BRL,631.724.058-26,Novais,Sales de Cassiano,SE,2026-05-25 01:16:38
FLOW-0000002182,POL-00000283,CLM-00000524,CANCELLATION,BANK_SLIP,CANCELLED,2024-12-02,2024-12-02,18586.99,18586.99,BRL,964.172.083-03,Fonseca e Filhos,Moura,MG,2026-05-25 01:16:38
FLOW-0000002183,POL-00000090,CLM-00000484,CANCELLATION,BANK_SLIP,PROCESSED,2026-01-01,2026-01-02,11471.33,11471.33,BRL,397.201.856-86,Sampaio,Castro do Galho,MA,2026-05-25 01:16:38
FLOW-0000002184,POL-00000106,CLM-00000592,PREMIUM_PAYMENT,DEBIT,PENDING,2025-09-02,2025-09-04,3359.62,3359.62,BRL,825.419.306-15,Gomes Mendes - EI,da Mota dos Dourados,RJ,2026-05-25 01:16:38
FLOW-0000002185,POL-00000124,CLM-00000816,REINSURANCE,BANK_SLIP,CANCELLED,2025-12-05,2025-12-08,6163.92,6163.92,BRL,681.209.534-60,Albuquerque S/A,Gonçalves,MS,2026-05-25 01:16:38
FLOW-0000002186,POL-00000447,CLM-00000943,PREMIUM_PAYMENT,BANK_SLIP,FAILED,2025-03-06,2025-03-09,12530.36,0.0,BRL,506.987.432-29,Siqueira,Pastor do Amparo,RN,2026-05-25 01:16:38
FLOW-0000002187,POL-00000384,CLM-00000034,PREMIUM_PAYMENT,DEBIT,PENDING,2026-04-15,2026-04-16,11582.2,11582.2,BRL,926.873.501-68,Costela,Castro,BA,2026-05-25 01:16:38
FLOW-0000002188,POL-00000401,CLM-00000428,REFUND,CREDIT_CARD,PENDING,2025-06-04,2025-06-08,24888.59,24888.59,BRL,184.630.295-15,Dias - EI,Moraes do Galho,RJ,2026-05-25 01:16:38
FLOW-0000002189,POL-00000225,CLM-00000493,CANCELLATION,PIX,PENDING,2025-04-19,2025-04-24,13456.67,13456.67,BRL,695.870.421-58,Gonçalves - EI,Rodrigues,PE,2026-05-25 01:16:38
FLOW-0000002190,POL-00000187,CLM-00000410,CANCELLATION,BANK_TRANSFER,PENDING,2025-04-14,2025-04-16,20300.98,20300.98,BRL,480.279.563-74,Melo,Alves do Sul,ES,2026-05-25 01:16:38
FLOW-0000002191,POL-00000054,CLM-00000150,REFUND,CREDIT_CARD,PENDING,2024-07-19,2024-07-24,16258.26,16258.26,BRL,142.079.853-79,Leão,Cardoso do Amparo,DF,2026-05-25 01:16:38
FLOW-0000002192,POL-00000188,CLM-00000423,PREMIUM_PAYMENT,CREDIT_CARD,PROCESSED,2025-04-19,2025-04-23,18851.77,18851.77,BRL,083.625.179-21,da Rocha Ltda.,Sales Grande,CE,2026-05-25 01:16:38
FLOW-0000002193,POL-00000136,CLM-00000100,REFUND,CREDIT_CARD,PROCESSED,2025-01-29,2025-01-30,22828.72,22828.72,BRL,347.901.852-14,Farias Fonseca - ME,Moraes de Cavalcanti,SC,2026-05-25 01:16:38
FLOW-0000002194,POL-00000386,CLM-00000251,REFUND,CREDIT_CARD,CANCELLED,2025-07-15,2025-07-20,17358.22,17358.22,BRL,389.215.764-28,Cavalcante,Rocha,MT,2026-05-25 01:16:38
FLOW-0000002195,POL-00000404,CLM-00000462,REFUND,CREDIT_CARD,FAILED,2024-08-13,2024-08-15,7417.54,0.0,BRL,614.870.295-94,Mendes Campos - EI,das Neves dos Dourados,MS,2026-05-25 01:16:38
FLOW-0000002196,POL-00000076,CLM-00000535,PREMIUM_PAYMENT,CREDIT_CARD,PROCESSED,2025-01-20,2025-01-24,6918.71,6918.71,BRL,067.891.532-68,Costa,Cunha,RN,2026-05-25 01:16:38
FLOW-0000002197,POL-00000366,CLM-00000299,COMMISSION,CREDIT_CARD,FAILED,2024-06-22,2024-06-22,5564.49,0.0,BRL,742.951.036-16,Gomes Cardoso - ME,Costela,RR,2026-05-25 01:16:38
FLOW-0000002198,POL-00000244,CLM-00000731,CANCELLATION,DEBIT,FAILED,2024-12-17,2024-12-22,3999.65,0.0,BRL,982.741.356-28,da Cunha S/A,Casa Grande,RJ,2026-05-25 01:16:38
FLOW-0000002199,POL-00000076,CLM-00000623,CANCELLATION,CREDIT_CARD,PROCESSED,2026-01-23,2026-01-28,7407.25,7407.25,BRL,120.573.946-70,Cardoso Cirino - ME,Santos de Rocha,SP,2026-05-25 01:16:38
FLOW-0000002200,POL-00000436,CLM-00000217,CLAIM_PAYMENT,BANK_TRANSFER,PENDING,2026-05-16,2026-05-19,6469.78,6469.78,BRL,412.379.086-04,Nascimento,Almeida do Oeste,RR,2026-05-25 01:16:38
FLOW-0000002201,POL-00000187,CLM-00000739,PREMIUM_PAYMENT,BANK_TRANSFER,FAILED,2024-06-28,2024-06-30,3751.67,0.0,BRL,072.435.698-38,Rodrigues,Farias do Sul,ES,2026-05-25 01:16:38
FLOW-0000002202,POL-00000245,CLM-00000634,REINSURANCE,BANK_SLIP,CANCELLED,2025-03-08,2025-03-13,21762.3,21762.3,BRL,035.428.719-23,Abreu,Porto,PI,2026-05-25 01:16:38
FLOW-0000002203,POL-00000268,CLM-00000384,REINSURANCE,DEBIT,FAILED,2025-09-23,2025-09-25,16114.1,0.0,BRL,721.630.458-62,da Cruz - EI,Macedo,BA,2026-05-25 01:16:38
FLOW-0000002204,POL-00000090,CLM-00000496,REINSURANCE,DEBIT,CANCELLED,2026-03-24,2026-03-27,16226.99,16226.99,BRL,625.189.430-05,Almeida,Cassiano de Câmara,TO,2026-05-25 01:16:38
FLOW-0000002205,POL-00000116,CLM-00000317,PREMIUM_PAYMENT,BANK_SLIP,FAILED,2024-10-08,2024-10-08,16735.18,0.0,BRL,069.213.485-98,da Mota,Pimenta Grande,ES,2026-05-25 01:16:38
FLOW-0000002206,POL-00000333,CLM-00000202,REINSURANCE,CREDIT_CARD,PENDING,2024-11-03,2024-11-04,3794.71,3794.71,BRL,657.413.908-20,Barbosa,Fogaça,ES,2026-05-25 01:16:38
FLOW-0000002207,POL-00000431,CLM-00000765,CANCELLATION,BANK_TRANSFER,PENDING,2026-04-16,2026-04-19,11510.08,11510.08,BRL,918.460.325-98,Fonseca Pastor - ME,Lopes,PB,2026-05-25 01:16:38
FLOW-0000002208,POL-00000205,CLM-00000642,COMMISSION,PIX,PENDING,2025-08-12,2025-08-13,18547.38,18547.38,BRL,769.021.543-25,Alves,Monteiro,BA,2026-05-25 01:16:38
FLOW-0000002209,POL-00000497,CLM-00000818,COMMISSION,PIX,PENDING,2025-11-07,2025-11-09,12710.04,12710.04,BRL,695.217.408-76,Costa,Fonseca,BA,2026-05-25 01:16:38
FLOW-0000002210,POL-00000132,CLM-00000817,CLAIM_PAYMENT,BANK_SLIP,PROCESSED,2025-05-24,2025-05-27,14189.22,14189.22,BRL,437.205.968-00,Teixeira S/A,da Rosa,RJ,2026-05-25 01:16:38
FLOW-0000002211,POL-00000354,CLM-00000735,CLAIM_PAYMENT,DEBIT,PROCESSED,2025-12-10,2025-12-15,23411.52,23411.52,BRL,645.139.827-64,Oliveira,Gomes,TO,2026-05-25 01:16:38
FLOW-0000002212,POL-00000283,CLM-00000285,REINSURANCE,PIX,FAILED,2026-03-25,2026-03-26,1053.81,0.0,BRL,348.729.061-87,Pastor,Gonçalves de Minas,DF,2026-05-25 01:16:38
FLOW-0000002213,POL-00000268,CLM-00000311,PREMIUM_PAYMENT,PIX,PROCESSED,2025-01-27,2025-02-01,4790.85,4790.85,BRL,108.435.627-90,da Luz da Mata e Filhos,Leão,TO,2026-05-25 01:16:38
FLOW-0000002214,POL-00000238,CLM-00000101,REINSURANCE,BANK_TRANSFER,CANCELLED,2025-11-03,2025-11-04,5728.28,5728.28,BRL,913.467.582-55,Sampaio Ltda.,Cardoso,MS,2026-05-25 01:16:38
FLOW-0000002215,POL-00000101,CLM-00000490,CANCELLATION,PIX,PENDING,2026-02-22,2026-02-22,8005.52,8005.52,BRL,432.085.169-24,Martins Sá S/A,da Paz,AM,2026-05-25 01:16:38
FLOW-0000002216,POL-00000278,CLM-00000604,CLAIM_PAYMENT,BANK_SLIP,PENDING,2024-08-13,2024-08-16,2130.49,2130.49,BRL,247.308.961-22,da Costa,Pimenta,BA,2026-05-25 01:16:38
FLOW-0000002217,POL-00000298,CLM-00000441,REINSURANCE,PIX,PENDING,2024-11-17,2024-11-21,12206.41,12206.41,BRL,298.675.413-91,Lopes,Moreira da Serra,AP,2026-05-25 01:16:38
FLOW-0000002218,POL-00000302,CLM-00000826,CANCELLATION,BANK_TRANSFER,PROCESSED,2025-05-06,2025-05-11,22168.61,22168.61,BRL,721.658.093-12,Cavalcanti - EI,Farias da Praia,RO,2026-05-25 01:16:38
FLOW-0000002219,POL-00000308,CLM-00000278,COMMISSION,DEBIT,CANCELLED,2026-03-29,2026-04-01,24806.33,24806.33,BRL,018.974.625-49,Castro,Casa Grande de da Mata,PA,2026-05-25 01:16:38
FLOW-0000002220,POL-00000264,CLM-00000291,REINSURANCE,CREDIT_CARD,CANCELLED,2024-06-15,2024-06-20,4454.47,4454.47,BRL,146.372.908-13,Silva,Vargas da Prata,AC,2026-05-25 01:16:38
FLOW-0000002221,POL-00000141,CLM-00000695,CLAIM_PAYMENT,BANK_TRANSFER,FAILED,2024-12-11,2024-12-13,21688.16,0.0,BRL,627.504.398-92,Fernandes S/A,Aparecida da Prata,ES,2026-05-25 01:16:38
FLOW-0000002222,POL-00000388,CLM-00000969,REFUND,BANK_SLIP,PENDING,2025-07-05,2025-07-09,7754.66,7754.66,BRL,427.830.519-23,Teixeira,Nascimento do Campo,SE,2026-05-25 01:16:38
FLOW-0000002223,POL-00000254,CLM-00000168,REINSURANCE,BANK_SLIP,CANCELLED,2025-03-05,2025-03-08,212.61,212.61,BRL,963.527.408-47,Vieira da Luz - EI,da Paz,PI,2026-05-25 01:16:38
FLOW-0000002224,POL-00000049,CLM-00000948,CANCELLATION,DEBIT,FAILED,2025-06-28,2025-06-28,19022.92,0.0,BRL,137.406.982-50,Correia S/A,Pimenta das Flores,AM,2026-05-25 01:16:38
FLOW-0000002225,POL-00000100,CLM-00000798,REINSURANCE,PIX,PROCESSED,2026-03-24,2026-03-26,15965.18,15965.18,BRL,916.478.253-00,Martins,Pacheco Alegre,PI,2026-05-25 01:16:38
FLOW-0000002226,POL-00000164,CLM-00000785,REINSURANCE,BANK_TRANSFER,FAILED,2025-04-30,2025-05-01,5369.75,0.0,BRL,412.360.597-43,Gomes Castro S.A.,Aparecida Verde,ES,2026-05-25 01:16:38
FLOW-0000002227,POL-00000293,CLM-00000689,COMMISSION,BANK_SLIP,PROCESSED,2025-01-16,2025-01-19,2617.78,2617.78,BRL,946.357.182-55,Andrade,Melo,AL,2026-05-25 01:16:38
FLOW-0000002228,POL-00000437,CLM-00000162,REFUND,BANK_TRANSFER,PROCESSED,2024-12-11,2024-12-13,3951.87,3951.87,BRL,140.928.375-50,Nascimento,Freitas do Campo,ES,2026-05-25 01:16:38
FLOW-0000002229,POL-00000335,CLM-00000610,REINSURANCE,DEBIT,CANCELLED,2025-06-21,2025-06-26,3970.46,3970.46,BRL,012.369.857-02,da Conceição Mendonça S.A.,Cunha Alegre,AL,2026-05-25 01:16:38
FLOW-0000002230,POL-00000479,CLM-00000877,COMMISSION,CREDIT_CARD,CANCELLED,2026-05-09,2026-05-14,6771.11,6771.11,BRL,025.879.346-56,Azevedo e Filhos,Ramos,SP,2026-05-25 01:16:38
FLOW-0000002231,POL-00000425,CLM-00000764,COMMISSION,CREDIT_CARD,FAILED,2026-01-17,2026-01-19,3667.41,0.0,BRL,173.852.946-00,Ribeiro,das Neves da Serra,SE,2026-05-25 01:16:38
FLOW-0000002232,POL-00000391,CLM-00000428,REINSURANCE,PIX,CANCELLED,2025-09-01,2025-09-04,7735.02,7735.02,BRL,916.738.045-00,Macedo,Novais de Moraes,PE,2026-05-25 01:16:38
FLOW-0000002233,POL-00000331,CLM-00000825,REFUND,BANK_SLIP,FAILED,2025-09-14,2025-09-17,1429.92,0.0,BRL,025.486.193-89,Souza Mendes e Filhos,Carvalho,MG,2026-05-25 01:16:38
FLOW-0000002234,POL-00000107,CLM-00000678,PREMIUM_PAYMENT,CREDIT_CARD,PROCESSED,2025-07-04,2025-07-07,19187.86,19187.86,BRL,790.265.148-67,da Conceição S/A,Cirino,AL,2026-05-25 01:16:38
FLOW-0000002235,POL-00000219,CLM-00000810,PREMIUM_PAYMENT,DEBIT,FAILED,2026-03-11,2026-03-13,20822.17,0.0,BRL,492.053.817-05,Carvalho - EI,Novais,RR,2026-05-25 01:16:38
FLOW-0000002236,POL-00000409,CLM-00000221,CANCELLATION,BANK_TRANSFER,PROCESSED,2026-02-23,2026-02-25,13973.8,13973.8,BRL,317.296.584-82,Cirino - EI,Pires,RR,2026-05-25 01:16:38
FLOW-0000002237,POL-00000039,CLM-00000249,COMMISSION,BANK_SLIP,PENDING,2025-07-14,2025-07-18,11030.57,11030.57,BRL,042.619.375-06,Rodrigues Souza - EI,da Rocha Alegre,SC,2026-05-25 01:16:38
FLOW-0000002238,POL-00000488,CLM-00000995,CANCELLATION,PIX,CANCELLED,2025-06-12,2025-06-14,18085.09,18085.09,BRL,812.076.534-62,Casa Grande,Cavalcante do Amparo,RJ,2026-05-25 01:16:38
FLOW-0000002239,POL-00000128,CLM-00000287,CANCELLATION,BANK_TRANSFER,CANCELLED,2024-07-03,2024-07-08,9782.07,9782.07,BRL,820.465.731-53,Melo,Ribeiro,AP,2026-05-25 01:16:38
FLOW-0000002240,POL-00000328,CLM-00000351,PREMIUM_PAYMENT,CREDIT_CARD,PENDING,2024-09-30,2024-10-04,9406.72,9406.72,BRL,057.691.342-16,da Paz e Filhos,Sá,PI,2026-05-25 01:16:38
FLOW-0000002241,POL-00000242,CLM-00000138,COMMISSION,PIX,PENDING,2024-12-03,2024-12-07,9267.75,9267.75,BRL,462.085.317-80,Pinto,Mendes,RR,2026-05-25 01:16:38
FLOW-0000002242,POL-00000423,CLM-00000156,CANCELLATION,BANK_SLIP,CANCELLED,2026-03-16,2026-03-18,24430.61,24430.61,BRL,627.814.950-85,da Luz,da Costa,RJ,2026-05-25 01:16:38
FLOW-0000002243,POL-00000225,CLM-00000252,CLAIM_PAYMENT,CREDIT_CARD,PENDING,2024-06-28,2024-07-02,7506.45,7506.45,BRL,120.839.546-70,Barros Ltda.,Pires,AM,2026-05-25 01:16:38
FLOW-0000002244,POL-00000286,CLM-00000544,CANCELLATION,CREDIT_CARD,FAILED,2025-01-08,2025-01-12,13687.3,0.0,BRL,062.917.583-77,Gomes,Leão das Flores,RO,2026-05-25 01:16:38
FLOW-0000002245,POL-00000491,CLM-00000874,PREMIUM_PAYMENT,CREDIT_CARD,FAILED,2026-05-07,2026-05-12,595.2,0.0,BRL,170.425.389-60,da Costa,Ferreira dos Dourados,ES,2026-05-25 01:16:38
FLOW-0000002246,POL-00000165,CLM-00000480,CLAIM_PAYMENT,BANK_SLIP,PROCESSED,2025-04-10,2025-04-13,18694.47,18694.47,BRL,795.820.614-30,da Cruz,da Paz da Mata,PE,2026-05-25 01:16:38
FLOW-0000002247,POL-00000131,CLM-00000619,CLAIM_PAYMENT,PIX,FAILED,2025-12-22,2025-12-25,9086.98,0.0,BRL,861.249.370-69,Pereira S.A.,Martins,ES,2026-05-25 01:16:38
FLOW-0000002248,POL-00000203,CLM-00000826,REFUND,DEBIT,CANCELLED,2025-08-25,2025-08-26,3023.8,3023.8,BRL,156.274.809-20,Viana S/A,da Luz da Serra,RS,2026-05-25 01:16:38
FLOW-0000002249,POL-00000009,CLM-00000580,PREMIUM_PAYMENT,DEBIT,FAILED,2025-05-13,2025-05-13,20800.28,0.0,BRL,098.426.375-65,Rezende,Aparecida,AC,2026-05-25 01:16:38
FLOW-0000002250,POL-00000145,CLM-00000589,COMMISSION,CREDIT_CARD,CANCELLED,2025-06-28,2025-06-28,23996.72,23996.72,BRL,763.509.481-57,Nogueira Mendes - ME,Brito,RO,2026-05-25 01:16:38
FLOW-0000002251,POL-00000499,CLM-00000572,PREMIUM_PAYMENT,PIX,PENDING,2025-03-15,2025-03-20,1724.38,1724.38,BRL,850.729.143-05,Macedo - EI,Nascimento do Campo,BA,2026-05-25 01:16:38
FLOW-0000002252,POL-00000294,CLM-00000945,REINSURANCE,DEBIT,PENDING,2025-10-29,2025-11-02,3997.69,3997.69,BRL,289.504.763-47,Montenegro Azevedo - EI,Ribeiro,PA,2026-05-25 01:16:38
FLOW-0000002253,POL-00000393,CLM-00000701,CLAIM_PAYMENT,DEBIT,PENDING,2026-03-11,2026-03-15,16271.84,16271.84,BRL,795.234.018-23,Moura,Vasconcelos,AL,2026-05-25 01:16:38
FLOW-0000002254,POL-00000334,CLM-00000339,CANCELLATION,PIX,PROCESSED,2025-11-09,2025-11-11,11669.59,11669.59,BRL,195.634.872-73,da Conceição,Duarte,MS,2026-05-25 01:16:38
FLOW-0000002255,POL-00000271,CLM-00000800,COMMISSION,DEBIT,CANCELLED,2024-08-17,2024-08-18,16213.6,16213.6,BRL,102.968.754-49,da Luz,Monteiro,AL,2026-05-25 01:16:38
FLOW-0000002256,POL-00000320,CLM-00000849,COMMISSION,DEBIT,PENDING,2025-12-19,2025-12-19,10066.58,10066.58,BRL,295.176.483-91,Oliveira,da Mota de Costela,SE,2026-05-25 01:16:38
FLOW-0000002257,POL-00000078,CLM-00000266,COMMISSION,BANK_SLIP,CANCELLED,2025-04-21,2025-04-21,263.02,263.02,BRL,924.710.865-94,da Conceição S/A,da Cruz,SE,2026-05-25 01:16:38
FLOW-0000002258,POL-00000335,CLM-00000682,COMMISSION,BANK_SLIP,CANCELLED,2024-11-08,2024-11-12,16879.73,16879.73,BRL,308.726.194-78,Freitas Moreira S.A.,Correia Paulista,PR,2026-05-25 01:16:38
FLOW-0000002259,POL-00000097,CLM-00000792,CANCELLATION,BANK_SLIP,PROCESSED,2026-01-05,2026-01-09,23137.65,23137.65,BRL,481.056.327-80,Vasconcelos Macedo Ltda.,Novaes,BA,2026-05-25 01:16:38
FLOW-0000002260,POL-00000274,CLM-00000617,PREMIUM_PAYMENT,PIX,PENDING,2024-09-11,2024-09-12,7746.62,7746.62,BRL,974.128.053-04,Pires,Costa,SC,2026-05-25 01:16:38
FLOW-0000002261,POL-00000446,CLM-00000323,PREMIUM_PAYMENT,BANK_SLIP,FAILED,2026-03-06,2026-03-07,13524.9,0.0,BRL,187.495.602-20,Nunes,Martins Verde,MG,2026-05-25 01:16:38
FLOW-0000002262,POL-00000218,CLM-00000278,COMMISSION,BANK_SLIP,PROCESSED,2024-09-30,2024-10-05,5259.74,5259.74,BRL,743.082.615-62,Oliveira - EI,Rezende,DF,2026-05-25 01:16:38
FLOW-0000002263,POL-00000450,CLM-00000921,PREMIUM_PAYMENT,DEBIT,PROCESSED,2026-02-02,2026-02-03,19320.02,19320.02,BRL,941.275.638-00,Oliveira Nascimento S/A,Moura,PB,2026-05-25 01:16:38
FLOW-0000002264,POL-00000228,CLM-00000889,REFUND,BANK_SLIP,PENDING,2026-03-05,2026-03-05,20862.22,20862.22,BRL,924.036.571-07,Guerra,da Rosa,RJ,2026-05-25 01:16:38
FLOW-0000002265,POL-00000102,CLM-00000211,REFUND,DEBIT,CANCELLED,2025-12-18,2025-12-21,1277.9,1277.9,BRL,658.731.092-30,Aragão,Abreu das Pedras,PB,2026-05-25 01:16:38
FLOW-0000002266,POL-00000260,CLM-00000936,PREMIUM_PAYMENT,BANK_TRANSFER,PROCESSED,2024-11-13,2024-11-17,20371.76,20371.76,BRL,537.826.901-68,Cavalcanti,Sales Alegre,MS,2026-05-25 01:16:38
FLOW-0000002267,POL-00000062,CLM-00000964,CLAIM_PAYMENT,DEBIT,PROCESSED,2025-11-26,2025-12-01,12936.58,12936.58,BRL,903.518.724-50,Jesus - ME,Ramos de Cavalcante,SE,2026-05-25 01:16:38
FLOW-0000002268,POL-00000213,CLM-00000196,CANCELLATION,BANK_SLIP,FAILED,2024-06-09,2024-06-14,15140.97,0.0,BRL,832.694.075-56,Dias,Siqueira,CE,2026-05-25 01:16:38
FLOW-0000002269,POL-00000131,CLM-00000521,COMMISSION,PIX,CANCELLED,2025-03-27,2025-03-27,20004.79,20004.79,BRL,231.768.549-19,Mendes Jesus - ME,Cassiano,PB,2026-05-25 01:16:38
FLOW-0000002270,POL-00000205,CLM-00000985,REFUND,PIX,CANCELLED,2024-10-30,2024-11-02,452.83,452.83,BRL,543.029.618-05,Peixoto,Camargo,TO,2026-05-25 01:16:38
FLOW-0000002271,POL-00000223,CLM-00000969,COMMISSION,CREDIT_CARD,PENDING,2025-01-09,2025-01-11,9041.79,9041.79,BRL,591.042.863-24,Lima,da Mata,MS,2026-05-25 01:16:38
FLOW-0000002272,POL-00000449,CLM-00000483,PREMIUM_PAYMENT,PIX,CANCELLED,2025-04-06,2025-04-07,24992.68,24992.68,BRL,769.582.103-95,Nunes Farias - ME,Brito de Pastor,MT,2026-05-25 01:16:38
FLOW-0000002273,POL-00000073,CLM-00000868,COMMISSION,BANK_SLIP,PENDING,2025-07-20,2025-07-22,18254.25,18254.25,BRL,821.795.340-60,da Paz,Aparecida,RN,2026-05-25 01:16:38
FLOW-0000002274,POL-00000072,CLM-00000712,CLAIM_PAYMENT,DEBIT,PROCESSED,2025-11-15,2025-11-16,14136.25,14136.25,BRL,962.381.504-24,Caldeira - ME,Ferreira,RJ,2026-05-25 01:16:38
FLOW-0000002275,POL-00000191,CLM-00000633,CLAIM_PAYMENT,DEBIT,FAILED,2024-08-29,2024-08-29,1576.48,0.0,BRL,870.329.461-78,Sampaio e Filhos,Dias,MS,2026-05-25 01:16:38
FLOW-0000002276,POL-00000380,CLM-00000829,CLAIM_PAYMENT,BANK_SLIP,PROCESSED,2026-03-25,2026-03-26,10510.02,10510.02,BRL,837.419.205-41,Ferreira Costa S/A,Brito de Marques,AC,2026-05-25 01:16:38
FLOW-0000002277,POL-00000016,CLM-00000510,PREMIUM_PAYMENT,BANK_SLIP,PROCESSED,2025-05-13,2025-05-15,21982.98,21982.98,BRL,095.341.628-33,Fonseca S/A,Brito de Moraes,MG,2026-05-25 01:16:38
FLOW-0000002278,POL-00000319,CLM-00000329,COMMISSION,PIX,FAILED,2026-01-06,2026-01-08,10121.17,0.0,BRL,640.385.972-29,da Cruz,Cunha Paulista,PE,2026-05-25 01:16:38
FLOW-0000002279,POL-00000377,CLM-00000893,REFUND,BANK_SLIP,PENDING,2025-07-09,2025-07-09,8322.97,8322.97,BRL,365.710.924-25,Abreu,Guerra,PB,2026-05-25 01:16:38
FLOW-0000002280,POL-00000081,CLM-00000103,REFUND,PIX,PROCESSED,2024-12-17,2024-12-20,1210.16,1210.16,BRL,568.402.197-20,Pires Oliveira S/A,Martins,PA,2026-05-25 01:16:38
FLOW-0000002281,POL-00000034,CLM-00000116,PREMIUM_PAYMENT,DEBIT,CANCELLED,2025-04-02,2025-04-04,22434.86,22434.86,BRL,016.438.529-06,Sales,Albuquerque das Pedras,RR,2026-05-25 01:16:38
FLOW-0000002282,POL-00000069,CLM-00000878,REINSURANCE,BANK_TRANSFER,CANCELLED,2025-06-15,2025-06-18,24585.05,24585.05,BRL,903.615.872-95,Caldeira,Araújo,BA,2026-05-25 01:16:38
FLOW-0000002283,POL-00000461,CLM-00000925,REFUND,CREDIT_CARD,CANCELLED,2025-04-13,2025-04-18,68.0,68.0,BRL,908.425.617-49,Andrade,da Mota da Prata,RO,2026-05-25 01:16:38
FLOW-0000002284,POL-00000490,CLM-00000629,REINSURANCE,PIX,FAILED,2025-04-23,2025-04-24,8105.77,0.0,BRL,389.510.726-30,Aparecida Costa e Filhos,Cavalcante do Oeste,MS,2026-05-25 01:16:38
FLOW-0000002285,POL-00000065,CLM-00000225,REINSURANCE,BANK_TRANSFER,PROCESSED,2026-02-03,2026-02-06,12345.4,12345.4,BRL,092.413.756-80,da Cruz Sales S/A,Martins,RR,2026-05-25 01:16:38
FLOW-0000002286,POL-00000338,CLM-00000085,CLAIM_PAYMENT,PIX,PROCESSED,2025-10-05,2025-10-06,20145.91,20145.91,BRL,870.143.962-69,Albuquerque,Novaes de Goiás,RO,2026-05-25 01:16:38
FLOW-0000002287,POL-00000128,CLM-00000232,REINSURANCE,CREDIT_CARD,PENDING,2025-12-17,2025-12-22,10125.77,10125.77,BRL,197.284.306-04,Sales,da Mata,ES,2026-05-25 01:16:38
FLOW-0000002288,POL-00000364,CLM-00000998,COMMISSION,DEBIT,FAILED,2025-03-08,2025-03-09,18264.26,0.0,BRL,948.372.561-55,Caldeira,Vargas,BA,2026-05-25 01:16:38
FLOW-0000002289,POL-00000390,CLM-00000922,REINSURANCE,BANK_SLIP,FAILED,2025-05-26,2025-05-31,14790.08,0.0,BRL,814.367.025-26,Barros,da Conceição Verde,RJ,2026-05-25 01:16:38
FLOW-0000002290,POL-00000297,CLM-00000755,CANCELLATION,PIX,PROCESSED,2025-05-05,2025-05-07,10579.42,10579.42,BRL,647.230.591-99,da Mata Carvalho S/A,Pacheco,MA,2026-05-25 01:16:38
FLOW-0000002291,POL-00000407,CLM-00000203,REFUND,BANK_SLIP,PENDING,2025-03-27,2025-04-01,22655.06,22655.06,BRL,871.309.456-48,Mendonça e Filhos,Teixeira de Cavalcante,MA,2026-05-25 01:16:38
FLOW-0000002292,POL-00000083,CLM-00000407,PREMIUM_PAYMENT,CREDIT_CARD,PROCESSED,2024-11-20,2024-11-20,3616.71,3616.71,BRL,208.467.153-17,Caldeira da Rosa S.A.,Cunha do Campo,RO,2026-05-25 01:16:38
FLOW-0000002293,POL-00000097,CLM-00000644,REFUND,BANK_TRANSFER,FAILED,2025-03-03,2025-03-03,14323.56,0.0,BRL,954.102.387-88,das Neves Moreira Ltda.,Nogueira,GO,2026-05-25 01:16:38
FLOW-0000002294,POL-00000319,CLM-00000270,CLAIM_PAYMENT,BANK_TRANSFER,CANCELLED,2026-02-05,2026-02-08,11330.0,11330.0,BRL,413.065.879-48,Sá Ltda.,Monteiro,RN,2026-05-25 01:16:38
FLOW-0000002295,POL-00000173,CLM-00000914,COMMISSION,BANK_SLIP,FAILED,2026-02-23,2026-02-26,2989.59,0.0,BRL,579.632.408-00,Farias Macedo - EI,Siqueira das Pedras,RN,2026-05-25 01:16:38
FLOW-0000002296,POL-00000340,CLM-00000099,REFUND,CREDIT_CARD,CANCELLED,2025-06-13,2025-06-15,8557.53,8557.53,BRL,105.943.768-66,Rodrigues,da Mota de Goiás,MG,2026-05-25 01:16:38
FLOW-0000002297,POL-00000329,CLM-00000027,COMMISSION,BANK_TRANSFER,CANCELLED,2024-08-10,2024-08-14,6608.44,6608.44,BRL,105.894.276-01,das Neves e Filhos,Rios,RN,2026-05-25 01:16:38
FLOW-0000002298,POL-00000062,CLM-00000564,REFUND,CREDIT_CARD,PENDING,2026-03-28,2026-03-29,2409.86,2409.86,BRL,396.725.140-34,Fernandes e Filhos,Cunha,PI,2026-05-25 01:16:38
FLOW-0000002299,POL-00000224,CLM-00000567,COMMISSION,PIX,CANCELLED,2025-10-16,2025-10-17,21839.0,21839.0,BRL,982.075.614-67,Montenegro,Barbosa dos Dourados,AC,2026-05-25 01:16:38
FLOW-0000002300,POL-00000073,CLM-00000861,REINSURANCE,BANK_SLIP,PROCESSED,2024-08-02,2024-08-06,4606.18,4606.18,BRL,567.910.482-20,Almeida,Lima Grande,AP,2026-05-25 01:16:38
FLOW-0000002301,POL-00000270,CLM-00000616,CANCELLATION,BANK_SLIP,FAILED,2025-08-07,2025-08-07,5006.99,0.0,BRL,028.157.693-95,da Mata Ltda.,Cavalcante dos Dourados,AM,2026-05-25 01:16:38
FLOW-0000002302,POL-00000410,CLM-00000546,REINSURANCE,CREDIT_CARD,PENDING,2025-10-04,2025-10-08,21505.16,21505.16,BRL,429.583.167-00,Mendonça,Mendonça,RJ,2026-05-25 01:16:38
FLOW-0000002303,POL-00000192,CLM-00000163,REINSURANCE,PIX,PROCESSED,2024-07-14,2024-07-18,5799.07,5799.07,BRL,723.850.496-00,da Conceição Porto S.A.,Silva da Mata,AP,2026-05-25 01:16:38
FLOW-0000002304,POL-00000432,CLM-00000953,CANCELLATION,BANK_SLIP,PROCESSED,2025-01-16,2025-01-21,4182.61,4182.61,BRL,305.412.897-05,Monteiro,da Mata da Praia,PB,2026-05-25 01:16:38
FLOW-0000002305,POL-00000440,CLM-00000208,REINSURANCE,CREDIT_CARD,CANCELLED,2024-09-02,2024-09-06,23557.69,23557.69,BRL,647.259.318-37,Barros,Correia,MS,2026-05-25 01:16:38
FLOW-0000002306,POL-00000200,CLM-00000923,REFUND,BANK_TRANSFER,FAILED,2025-02-22,2025-02-22,23978.47,0.0,BRL,316.029.548-60,Caldeira,Silva da Praia,AC,2026-05-25 01:16:38
FLOW-0000002307,POL-00000070,CLM-00000739,REFUND,CREDIT_CARD,FAILED,2026-01-16,2026-01-19,22348.93,0.0,BRL,529.637.084-83,Barbosa Ribeiro Ltda.,da Cunha,GO,2026-05-25 01:16:38
FLOW-0000002308,POL-00000107,CLM-00000946,CANCELLATION,BANK_TRANSFER,FAILED,2024-07-02,2024-07-02,1918.02,0.0,BRL,278.613.495-19,Nascimento Correia Ltda.,Monteiro de Goiás,CE,2026-05-25 01:16:38
FLOW-0000002309,POL-00000072,CLM-00000148,PREMIUM_PAYMENT,DEBIT,CANCELLED,2025-10-14,2025-10-18,23983.93,23983.93,BRL,506.814.923-33,Silveira Fonseca Ltda.,Barros,RO,2026-05-25 01:16:38
FLOW-0000002310,POL-00000403,CLM-00000164,CLAIM_PAYMENT,DEBIT,CANCELLED,2026-04-09,2026-04-10,19126.59,19126.59,BRL,834.269.517-46,das Neves Cardoso S/A,Costa,RN,2026-05-25 01:16:38
FLOW-0000002311,POL-00000037,CLM-00000232,CLAIM_PAYMENT,CREDIT_CARD,FAILED,2024-07-29,2024-08-01,14805.84,0.0,BRL,468.910.532-42,Souza,Pacheco,DF,2026-05-25 01:16:38
FLOW-0000002312,POL-00000106,CLM-00000455,PREMIUM_PAYMENT,BANK_SLIP,PROCESSED,2024-11-10,2024-11-11,22321.33,22321.33,BRL,739.520.614-25,Cardoso,da Rocha,SP,2026-05-25 01:16:38
FLOW-0000002313,POL-00000327,CLM-00000121,COMMISSION,BANK_TRANSFER,PENDING,2025-03-08,2025-03-13,6922.98,6922.98,BRL,548.967.302-83,Novais,Aragão do Amparo,AM,2026-05-25 01:16:38
FLOW-0000002314,POL-00000119,CLM-00000677,CANCELLATION,DEBIT,CANCELLED,2026-05-06,2026-05-08,13129.81,13129.81,BRL,063.491.728-50,Montenegro Silveira e Filhos,Azevedo,AL,2026-05-25 01:16:38
FLOW-0000002315,POL-00000079,CLM-00000073,REINSURANCE,CREDIT_CARD,CANCELLED,2024-09-02,2024-09-04,20564.9,20564.9,BRL,185.932.476-28,Rios Guerra - ME,Mendonça Alegre,RO,2026-05-25 01:16:38
FLOW-0000002316,POL-00000430,CLM-00000913,PREMIUM_PAYMENT,CREDIT_CARD,CANCELLED,2024-10-08,2024-10-10,23739.72,23739.72,BRL,792.806.143-04,das Neves Macedo e Filhos,Câmara,RS,2026-05-25 01:16:38
FLOW-0000002317,POL-00000449,CLM-00000727,REFUND,DEBIT,PROCESSED,2025-09-22,2025-09-22,15691.11,15691.11,BRL,807.419.536-84,Leão Vargas - EI,Vieira do Campo,MS,2026-05-25 01:16:38
FLOW-0000002318,POL-00000375,CLM-00000618,PREMIUM_PAYMENT,BANK_TRANSFER,PENDING,2024-12-16,2024-12-18,5654.6,5654.6,BRL,426.853.791-00,Moreira Leão e Filhos,Leão,RJ,2026-05-25 01:16:38
FLOW-0000002319,POL-00000429,CLM-00000719,CANCELLATION,DEBIT,CANCELLED,2025-09-08,2025-09-10,6070.25,6070.25,BRL,748.063.295-92,Pereira Sampaio e Filhos,Melo da Serra,RJ,2026-05-25 01:16:38
FLOW-0000002320,POL-00000432,CLM-00000742,PREMIUM_PAYMENT,CREDIT_CARD,FAILED,2025-12-30,2026-01-02,1463.48,0.0,BRL,390.726.458-47,Cardoso Farias Ltda.,Albuquerque,RJ,2026-05-25 01:16:38
FLOW-0000002321,POL-00000342,CLM-00000857,COMMISSION,CREDIT_CARD,CANCELLED,2025-12-28,2025-12-30,16024.62,16024.62,BRL,406.329.871-03,Moura - ME,Ferreira,RJ,2026-05-25 01:16:38
FLOW-0000002322,POL-00000125,CLM-00000600,PREMIUM_PAYMENT,DEBIT,CANCELLED,2024-08-15,2024-08-17,2123.18,2123.18,BRL,896.045.237-83,Macedo Rezende Ltda.,Vieira,PI,2026-05-25 01:16:38
FLOW-0000002323,POL-00000054,CLM-00000800,CANCELLATION,DEBIT,FAILED,2025-01-30,2025-01-31,14797.56,0.0,BRL,783.469.210-04,Carvalho Pacheco - ME,Mendonça de Borges,RR,2026-05-25 01:16:38
FLOW-0000002324,POL-00000311,CLM-00000532,REINSURANCE,DEBIT,CANCELLED,2024-10-16,2024-10-20,15185.68,15185.68,BRL,795.361.248-82,Barros,Leão de Pimenta,TO,2026-05-25 01:16:38
FLOW-0000002325,POL-00000295,CLM-00000098,REINSURANCE,PIX,PENDING,2024-11-09,2024-11-09,15061.47,15061.47,BRL,315.867.924-82,Moura Ltda.,Vargas,PB,2026-05-25 01:16:38
FLOW-0000002326,POL-00000418,CLM-00000404,CANCELLATION,PIX,CANCELLED,2025-08-12,2025-08-13,9049.49,9049.49,BRL,243.986.570-29,Aparecida,Rocha das Flores,MT,2026-05-25 01:16:38
FLOW-0000002327,POL-00000294,CLM-00000885,REFUND,BANK_TRANSFER,CANCELLED,2025-11-29,2025-12-01,16194.86,16194.86,BRL,793.402.581-50,Cavalcante,Fogaça,SP,2026-05-25 01:16:38
FLOW-0000002328,POL-00000343,CLM-00000930,CANCELLATION,PIX,CANCELLED,2024-07-11,2024-07-11,23507.92,23507.92,BRL,863.194.072-04,Sales Ltda.,Camargo Alegre,DF,2026-05-25 01:16:38
FLOW-0000002329,POL-00000051,CLM-00000300,PREMIUM_PAYMENT,DEBIT,FAILED,2026-04-01,2026-04-02,14194.9,0.0,BRL,423.905.816-33,Lima e Filhos,Azevedo,AP,2026-05-25 01:16:38
FLOW-0000002330,POL-00000420,CLM-00000700,COMMISSION,CREDIT_CARD,FAILED,2026-02-08,2026-02-08,18239.98,0.0,BRL,064.197.285-76,Melo,Castro de Goiás,RR,2026-05-25 01:16:38
FLOW-0000002331,POL-00000229,CLM-00000803,CLAIM_PAYMENT,PIX,FAILED,2025-12-10,2025-12-12,24340.81,0.0,BRL,589.234.067-83,Castro,Aragão da Praia,AM,2026-05-25 01:16:38
FLOW-0000002332,POL-00000394,CLM-00000813,CANCELLATION,BANK_SLIP,FAILED,2026-04-09,2026-04-11,11482.2,0.0,BRL,872.469.531-91,Camargo,Azevedo do Galho,PI,2026-05-25 01:16:38
FLOW-0000002333,POL-00000380,CLM-00000411,REINSURANCE,CREDIT_CARD,FAILED,2024-09-19,2024-09-20,13984.02,0.0,BRL,840.792.361-31,Rezende - ME,Cassiano,SE,2026-05-25 01:16:38
FLOW-0000002334,POL-00000181,CLM-00000632,PREMIUM_PAYMENT,BANK_TRANSFER,FAILED,2025-04-01,2025-04-02,21125.76,0.0,BRL,017.543.689-48,Cardoso Cavalcanti Ltda.,Sales,ES,2026-05-25 01:16:38
FLOW-0000002335,POL-00000425,CLM-00000314,CLAIM_PAYMENT,PIX,FAILED,2025-11-27,2025-12-02,20138.63,0.0,BRL,481.206.397-31,da Conceição,Sampaio de Sá,PA,2026-05-25 01:16:38
FLOW-0000002336,POL-00000319,CLM-00000510,REFUND,BANK_SLIP,FAILED,2025-05-13,2025-05-18,2306.29,0.0,BRL,075.628.314-08,da Costa e Filhos,da Costa do Oeste,MT,2026-05-25 01:16:38
FLOW-0000002337,POL-00000180,CLM-00000346,CANCELLATION,DEBIT,CANCELLED,2025-06-12,2025-06-15,5093.62,5093.62,BRL,095.817.632-95,Leão S.A.,Moraes,RN,2026-05-25 01:16:38
FLOW-0000002338,POL-00000009,CLM-00000115,CLAIM_PAYMENT,BANK_SLIP,FAILED,2024-05-30,2024-06-01,18881.53,0.0,BRL,502.134.897-32,Guerra - EI,Gomes do Amparo,SE,2026-05-25 01:16:38
FLOW-0000002339,POL-00000388,CLM-00000574,REINSURANCE,BANK_TRANSFER,FAILED,2025-03-08,2025-03-12,7797.66,0.0,BRL,401.579.328-50,Silveira,da Mata de Camargo,AL,2026-05-25 01:16:38
FLOW-0000002340,POL-00000102,CLM-00000096,CANCELLATION,PIX,PENDING,2025-12-15,2025-12-16,9979.38,9979.38,BRL,253.096.847-00,Martins Abreu e Filhos,Rios dos Dourados,SP,2026-05-25 01:16:38
FLOW-0000002341,POL-00000437,CLM-00000270,CANCELLATION,BANK_SLIP,CANCELLED,2024-09-16,2024-09-21,14969.34,14969.34,BRL,931.058.264-24,Ferreira,Araújo Alegre,RJ,2026-05-25 01:16:38
FLOW-0000002342,POL-00000069,CLM-00000944,COMMISSION,DEBIT,CANCELLED,2025-11-17,2025-11-22,8537.09,8537.09,BRL,573.869.241-19,Ribeiro,Cirino,TO,2026-05-25 01:16:38
FLOW-0000002343,POL-00000315,CLM-00000584,CANCELLATION,PIX,FAILED,2025-02-28,2025-02-28,21132.99,0.0,BRL,026.734.598-47,da Mota da Rocha Ltda.,Araújo da Serra,AM,2026-05-25 01:16:38
FLOW-0000002344,POL-00000126,CLM-00000562,REFUND,BANK_SLIP,PENDING,2025-08-07,2025-08-09,24986.0,24986.0,BRL,397.185.026-02,Novaes Ltda.,Farias,PA,2026-05-25 01:16:38
FLOW-0000002345,POL-00000115,CLM-00000854,PREMIUM_PAYMENT,BANK_SLIP,CANCELLED,2025-04-05,2025-04-10,24817.3,24817.3,BRL,750.643.921-25,Novaes Silva e Filhos,Novais de Costela,RO,2026-05-25 01:16:38
FLOW-0000002346,POL-00000075,CLM-00000013,REFUND,CREDIT_CARD,PROCESSED,2025-11-30,2025-12-01,21884.64,21884.64,BRL,714.630.285-71,Sousa Guerra - ME,Andrade da Serra,RR,2026-05-25 01:16:38
FLOW-0000002347,POL-00000430,CLM-00000450,REINSURANCE,DEBIT,CANCELLED,2025-10-18,2025-10-19,24116.53,24116.53,BRL,672.415.830-35,Mendonça,Peixoto,ES,2026-05-25 01:16:38
FLOW-0000002348,POL-00000212,CLM-00000191,REINSURANCE,BANK_TRANSFER,PROCESSED,2026-05-02,2026-05-06,13803.09,13803.09,BRL,315.290.678-12,Montenegro,Novaes,SP,2026-05-25 01:16:38
FLOW-0000002349,POL-00000383,CLM-00000268,REINSURANCE,CREDIT_CARD,CANCELLED,2024-08-24,2024-08-28,10020.44,10020.44,BRL,014.897.253-50,Brito Costela - EI,das Neves do Norte,RO,2026-05-25 01:16:38
FLOW-0000002350,POL-00000164,CLM-00000554,COMMISSION,CREDIT_CARD,PROCESSED,2025-05-31,2025-06-02,10811.3,10811.3,BRL,934.165.027-52,da Mata - ME,Pinto do Oeste,RS,2026-05-25 01:16:38
FLOW-0000002351,POL-00000441,CLM-00000848,CLAIM_PAYMENT,BANK_SLIP,FAILED,2025-09-20,2025-09-20,23954.37,0.0,BRL,296.803.745-56,Correia,Marques da Praia,TO,2026-05-25 01:16:38
FLOW-0000002352,POL-00000275,CLM-00000322,PREMIUM_PAYMENT,PIX,CANCELLED,2026-04-28,2026-05-02,14495.01,14495.01,BRL,395.206.174-34,Barros Macedo - ME,Rodrigues de Nogueira,MT,2026-05-25 01:16:38
FLOW-0000002353,POL-00000239,CLM-00000276,COMMISSION,BANK_TRANSFER,PROCESSED,2024-12-06,2024-12-10,5734.22,5734.22,BRL,075.386.419-39,Machado,Machado de Alves,RO,2026-05-25 01:16:38
FLOW-0000002354,POL-00000303,CLM-00000447,REFUND,PIX,CANCELLED,2025-09-24,2025-09-24,11532.96,11532.96,BRL,458.723.109-60,Costela Vargas S/A,Santos,RO,2026-05-25 01:16:38
FLOW-0000002355,POL-00000459,CLM-00000356,REFUND,DEBIT,PENDING,2024-12-26,2024-12-27,601.77,601.77,BRL,372.980.465-00,Rios,Sá do Sul,AC,2026-05-25 01:16:38
FLOW-0000002356,POL-00000034,CLM-00000978,CANCELLATION,CREDIT_CARD,FAILED,2025-04-15,2025-04-20,3739.61,0.0,BRL,328.714.960-13,da Cunha e Filhos,Pereira de Abreu,GO,2026-05-25 01:16:38
FLOW-0000002357,POL-00000366,CLM-00000613,CANCELLATION,DEBIT,PENDING,2026-04-22,2026-04-26,6337.7,6337.7,BRL,628.753.901-12,Abreu,Camargo,PE,2026-05-25 01:16:38
FLOW-0000002358,POL-00000111,CLM-00000678,CLAIM_PAYMENT,DEBIT,CANCELLED,2024-08-19,2024-08-22,17620.23,17620.23,BRL,271.563.048-44,Siqueira - ME,Mendonça Alegre,RJ,2026-05-25 01:16:38
FLOW-0000002359,POL-00000170,CLM-00000239,CANCELLATION,BANK_TRANSFER,FAILED,2024-11-25,2024-11-27,13482.97,0.0,BRL,825.763.041-17,Aragão Peixoto Ltda.,Correia de Costela,PA,2026-05-25 01:16:38
FLOW-0000002360,POL-00000442,CLM-00000007,CLAIM_PAYMENT,BANK_TRANSFER,FAILED,2025-03-27,2025-03-31,23659.38,0.0,BRL,752.140.938-88,Barros - EI,Oliveira da Serra,RR,2026-05-25 01:16:38
FLOW-0000002361,POL-00000397,CLM-00000073,COMMISSION,BANK_TRANSFER,PENDING,2024-06-20,2024-06-20,17817.24,17817.24,BRL,498.327.560-65,Gonçalves,Barbosa,PE,2026-05-25 01:16:38
FLOW-0000002362,POL-00000376,CLM-00000200,CANCELLATION,BANK_SLIP,PROCESSED,2024-06-11,2024-06-11,13267.81,13267.81,BRL,509.128.467-20,Costa,Leão do Galho,DF,2026-05-25 01:16:38
FLOW-0000002363,POL-00000016,CLM-00000665,CLAIM_PAYMENT,DEBIT,PROCESSED,2024-12-28,2025-01-01,19354.67,19354.67,BRL,513.478.962-28,Fernandes,Vieira das Flores,RJ,2026-05-25 01:16:38
FLOW-0000002364,POL-00000485,CLM-00000414,PREMIUM_PAYMENT,BANK_TRANSFER,PENDING,2026-03-12,2026-03-17,3031.53,3031.53,BRL,165.093.784-93,Albuquerque Pacheco - ME,Albuquerque,PA,2026-05-25 01:16:38
FLOW-0000002365,POL-00000196,CLM-00000714,REFUND,DEBIT,CANCELLED,2025-09-02,2025-09-07,23728.3,23728.3,BRL,738.950.624-56,Lopes S.A.,Pimenta das Flores,PE,2026-05-25 01:16:38
FLOW-0000002366,POL-00000160,CLM-00000364,CLAIM_PAYMENT,BANK_SLIP,PENDING,2026-04-09,2026-04-10,21189.28,21189.28,BRL,507.168.243-53,da Mota S/A,Ribeiro da Praia,SP,2026-05-25 01:16:38
FLOW-0000002367,POL-00000047,CLM-00000189,COMMISSION,CREDIT_CARD,CANCELLED,2025-08-15,2025-08-20,10787.5,10787.5,BRL,138.926.045-33,da Paz Cavalcante S/A,Nunes de Mendonça,RO,2026-05-25 01:16:38
FLOW-0000002368,POL-00000174,CLM-00000463,COMMISSION,PIX,PENDING,2025-08-24,2025-08-27,5055.15,5055.15,BRL,395.287.614-37,Fonseca,Leão,TO,2026-05-25 01:16:38
FLOW-0000002369,POL-00000286,CLM-00000061,REINSURANCE,CREDIT_CARD,PENDING,2026-04-05,2026-04-09,6481.31,6481.31,BRL,817.560.932-02,Farias S.A.,Marques das Flores,PR,2026-05-25 01:16:38
FLOW-0000002370,POL-00000003,CLM-00000335,REINSURANCE,DEBIT,PENDING,2025-08-17,2025-08-17,4254.4,4254.4,BRL,924.583.761-00,Viana,Mendonça da Mata,SP,2026-05-25 01:16:38
FLOW-0000002371,POL-00000440,CLM-00000072,REINSURANCE,BANK_SLIP,FAILED,2025-08-14,2025-08-16,739.96,0.0,BRL,283.675.019-77,Casa Grande Ltda.,Borges de Montenegro,RO,2026-05-25 01:16:38
FLOW-0000002372,POL-00000275,CLM-00000224,REFUND,CREDIT_CARD,PROCESSED,2025-08-25,2025-08-26,15930.22,15930.22,BRL,456.923.871-82,Cavalcante,Cirino,ES,2026-05-25 01:16:38
FLOW-0000002373,POL-00000294,CLM-00000182,CLAIM_PAYMENT,DEBIT,FAILED,2025-09-10,2025-09-10,21808.82,0.0,BRL,043.618.752-35,Lima Cavalcante S.A.,Mendonça do Oeste,PR,2026-05-25 01:16:38
FLOW-0000002374,POL-00000417,CLM-00000839,CLAIM_PAYMENT,DEBIT,PROCESSED,2025-01-15,2025-01-20,21157.03,21157.03,BRL,167.958.042-67,Barbosa Costela S.A.,Almeida de Minas,PI,2026-05-25 01:16:38
FLOW-0000002375,POL-00000414,CLM-00000957,REINSURANCE,CREDIT_CARD,PENDING,2024-07-11,2024-07-11,15570.96,15570.96,BRL,261.873.409-22,da Costa,Rios do Oeste,SE,2026-05-25 01:16:38
FLOW-0000002376,POL-00000303,CLM-00000531,CANCELLATION,BANK_SLIP,PROCESSED,2025-05-24,2025-05-26,2738.98,2738.98,BRL,492.703.165-99,Câmara,Sales de Goiás,AC,2026-05-25 01:16:38
FLOW-0000002377,POL-00000314,CLM-00000943,REINSURANCE,CREDIT_CARD,PROCESSED,2025-09-24,2025-09-24,12466.39,12466.39,BRL,720.348.519-60,Caldeira Lima S/A,Peixoto,MA,2026-05-25 01:16:38
FLOW-0000002378,POL-00000402,CLM-00000459,REINSURANCE,PIX,CANCELLED,2025-09-07,2025-09-10,23218.73,23218.73,BRL,837.612.054-90,Correia Barbosa S.A.,Moura,RN,2026-05-25 01:16:38
FLOW-0000002379,POL-00000188,CLM-00000145,COMMISSION,BANK_SLIP,PROCESSED,2025-04-11,2025-04-16,13883.82,13883.82,BRL,720.354.691-80,Sampaio Gonçalves - EI,Siqueira do Galho,AL,2026-05-25 01:16:38
FLOW-0000002380,POL-00000184,CLM-00000061,REFUND,DEBIT,PENDING,2026-03-06,2026-03-09,4749.09,4749.09,BRL,870.261.945-85,Fogaça S.A.,Oliveira dos Dourados,BA,2026-05-25 01:16:38
FLOW-0000002381,POL-00000435,CLM-00000533,REINSURANCE,PIX,PENDING,2024-10-22,2024-10-27,17705.55,17705.55,BRL,501.394.287-04,Vieira das Neves S/A,da Cunha de Teixeira,MA,2026-05-25 01:16:38
FLOW-0000002382,POL-00000388,CLM-00000560,REINSURANCE,BANK_SLIP,CANCELLED,2025-05-27,2025-06-01,16387.36,16387.36,BRL,263.705.941-99,Fonseca,Garcia,AC,2026-05-25 01:16:38
FLOW-0000002383,POL-00000150,CLM-00000967,REFUND,DEBIT,PROCESSED,2024-08-22,2024-08-24,8041.89,8041.89,BRL,794.806.321-87,Silveira,Costela,PB,2026-05-25 01:16:38
FLOW-0000002384,POL-00000013,CLM-00000504,PREMIUM_PAYMENT,PIX,CANCELLED,2024-12-19,2024-12-22,10906.71,10906.71,BRL,362.501.489-06,Mendes,Santos de Goiás,AC,2026-05-25 01:16:38
FLOW-0000002385,POL-00000157,CLM-00000510,REINSURANCE,CREDIT_CARD,CANCELLED,2025-09-07,2025-09-09,14053.26,14053.26,BRL,081.764.539-00,Cirino Teixeira S.A.,Vieira de Rezende,RS,2026-05-25 01:16:38
FLOW-0000002386,POL-00000097,CLM-00000970,REINSURANCE,PIX,PENDING,2025-10-06,2025-10-11,17487.6,17487.6,BRL,052.839.176-30,Sampaio - ME,Duarte Grande,PB,2026-05-25 01:16:38
FLOW-0000002387,POL-00000329,CLM-00000322,CANCELLATION,PIX,PROCESSED,2026-01-11,2026-01-13,22307.71,22307.71,BRL,642.109.587-94,Nascimento,Nunes de da Rosa,MT,2026-05-25 01:16:38
FLOW-0000002388,POL-00000097,CLM-00000361,COMMISSION,BANK_TRANSFER,CANCELLED,2026-05-08,2026-05-12,747.68,747.68,BRL,679.840.153-84,Nogueira,Araújo,TO,2026-05-25 01:16:38
FLOW-0000002389,POL-00000379,CLM-00000521,CANCELLATION,BANK_TRANSFER,CANCELLED,2025-04-18,2025-04-18,20602.47,20602.47,BRL,547.013.986-75,Aragão e Filhos,Rodrigues,RJ,2026-05-25 01:16:38
FLOW-0000002390,POL-00000467,CLM-00000220,CANCELLATION,PIX,PENDING,2025-02-21,2025-02-22,12743.2,12743.2,BRL,831.520.674-53,Cavalcante da Costa - EI,Casa Grande Paulista,MT,2026-05-25 01:16:38
FLOW-0000002391,POL-00000038,CLM-00000732,CLAIM_PAYMENT,BANK_SLIP,FAILED,2025-12-07,2025-12-10,23751.61,0.0,BRL,820.914.367-04,Rios,Correia do Galho,CE,2026-05-25 01:16:38
FLOW-0000002392,POL-00000024,CLM-00000945,CANCELLATION,DEBIT,PENDING,2024-07-19,2024-07-22,5208.09,5208.09,BRL,249.658.013-42,Viana Cunha - EI,Barbosa,SC,2026-05-25 01:16:38
FLOW-0000002393,POL-00000003,CLM-00000927,PREMIUM_PAYMENT,BANK_SLIP,FAILED,2025-11-02,2025-11-03,22513.0,0.0,BRL,187.205.493-50,Vasconcelos,Rios da Prata,AM,2026-05-25 01:16:38
FLOW-0000002394,POL-00000200,CLM-00000847,COMMISSION,BANK_SLIP,PROCESSED,2025-04-19,2025-04-24,20350.26,20350.26,BRL,246.580.197-01,da Cunha Pimenta S/A,Rodrigues Verde,AL,2026-05-25 01:16:38
FLOW-0000002395,POL-00000080,CLM-00000146,REFUND,BANK_TRANSFER,PENDING,2025-03-10,2025-03-12,22943.71,22943.71,BRL,972.316.850-21,Nunes Caldeira S/A,Marques,MG,2026-05-25 01:16:38
FLOW-0000002396,POL-00000349,CLM-00000585,COMMISSION,CREDIT_CARD,CANCELLED,2025-08-22,2025-08-23,15563.01,15563.01,BRL,465.387.021-71,Caldeira,Leão,PI,2026-05-25 01:16:38
FLOW-0000002397,POL-00000210,CLM-00000707,CANCELLATION,PIX,FAILED,2026-01-04,2026-01-05,23509.81,0.0,BRL,756.348.192-37,Fogaça Lopes S.A.,Costela de Casa Grande,TO,2026-05-25 01:16:38
FLOW-0000002398,POL-00000432,CLM-00000923,REFUND,BANK_SLIP,FAILED,2025-01-03,2025-01-06,20597.7,0.0,BRL,682.149.057-02,Monteiro,da Rosa,CE,2026-05-25 01:16:38
FLOW-0000002399,POL-00000022,CLM-00000713,PREMIUM_PAYMENT,DEBIT,CANCELLED,2024-11-26,2024-11-29,6372.97,6372.97,BRL,823.765.091-30,Albuquerque,Guerra,CE,2026-05-25 01:16:38
FLOW-0000002400,POL-00000327,CLM-00000118,CLAIM_PAYMENT,PIX,PENDING,2024-11-17,2024-11-18,16590.93,16590.93,BRL,467.938.051-93,Siqueira,Novaes dos Dourados,AL,2026-05-25 01:16:38
FLOW-0000002401,POL-00000094,CLM-00000550,REFUND,CREDIT_CARD,PENDING,2025-02-18,2025-02-19,22560.32,22560.32,BRL,961.843.570-93,Brito,Montenegro de Garcia,PA,2026-05-25 01:16:38
FLOW-0000002402,POL-00000146,CLM-00000550,COMMISSION,CREDIT_CARD,CANCELLED,2025-10-05,2025-10-06,23590.4,23590.4,BRL,501.982.473-97,Peixoto Guerra S/A,Pereira da Serra,RR,2026-05-25 01:16:38
FLOW-0000002403,POL-00000390,CLM-00000123,COMMISSION,DEBIT,PENDING,2025-07-28,2025-07-30,21394.93,21394.93,BRL,576.240.918-01,Monteiro,da Mata das Flores,RN,2026-05-25 01:16:38
FLOW-0000002404,POL-00000103,CLM-00000131,REINSURANCE,BANK_TRANSFER,CANCELLED,2025-08-03,2025-08-04,23757.72,23757.72,BRL,419.305.278-88,Nogueira,Rios,ES,2026-05-25 01:16:38
FLOW-0000002405,POL-00000118,CLM-00000039,PREMIUM_PAYMENT,DEBIT,PENDING,2024-06-26,2024-06-26,11750.48,11750.48,BRL,971.342.580-41,da Mota Ltda.,Dias,MA,2026-05-25 01:16:38
FLOW-0000002406,POL-00000124,CLM-00000447,CANCELLATION,BANK_TRANSFER,PENDING,2026-04-30,2026-05-01,2136.02,2136.02,BRL,074.853.126-26,Camargo,Abreu,DF,2026-05-25 01:16:38
FLOW-0000002407,POL-00000306,CLM-00000788,CLAIM_PAYMENT,PIX,CANCELLED,2025-12-12,2025-12-14,10980.81,10980.81,BRL,034.628.957-29,Pires,Aragão,SE,2026-05-25 01:16:38
FLOW-0000002408,POL-00000372,CLM-00000326,CLAIM_PAYMENT,PIX,PROCESSED,2025-10-08,2025-10-13,23343.71,23343.71,BRL,532.764.190-25,Jesus,Vasconcelos do Campo,DF,2026-05-25 01:16:38
FLOW-0000002409,POL-00000441,CLM-00000974,CLAIM_PAYMENT,CREDIT_CARD,FAILED,2024-11-03,2024-11-07,404.57,0.0,BRL,645.723.819-09,Porto - ME,da Cunha das Pedras,CE,2026-05-25 01:16:38
FLOW-0000002410,POL-00000201,CLM-00000390,CLAIM_PAYMENT,BANK_SLIP,PENDING,2024-07-02,2024-07-03,8785.42,8785.42,BRL,863.701.425-90,Ribeiro Castro - ME,Almeida,RR,2026-05-25 01:16:38
FLOW-0000002411,POL-00000322,CLM-00000200,CLAIM_PAYMENT,CREDIT_CARD,PROCESSED,2024-11-12,2024-11-14,12664.59,12664.59,BRL,567.041.239-70,Gonçalves Rezende S/A,Garcia,ES,2026-05-25 01:16:38
FLOW-0000002412,POL-00000036,CLM-00000864,PREMIUM_PAYMENT,BANK_SLIP,CANCELLED,2024-12-19,2024-12-24,18043.47,18043.47,BRL,297.610.485-94,Porto,Carvalho da Serra,MG,2026-05-25 01:16:38
FLOW-0000002413,POL-00000074,CLM-00000561,REINSURANCE,CREDIT_CARD,PROCESSED,2025-06-25,2025-06-29,13237.49,13237.49,BRL,395.486.270-00,Pastor,Dias de Minas,ES,2026-05-25 01:16:38
FLOW-0000002414,POL-00000266,CLM-00000548,PREMIUM_PAYMENT,PIX,CANCELLED,2026-04-26,2026-04-26,2828.58,2828.58,BRL,520.891.346-15,Sousa,Peixoto de Sales,AC,2026-05-25 01:16:38
FLOW-0000002415,POL-00000190,CLM-00000040,CANCELLATION,BANK_SLIP,FAILED,2025-03-23,2025-03-27,18026.04,0.0,BRL,589.403.276-83,Melo,Rocha do Oeste,AM,2026-05-25 01:16:38
FLOW-0000002416,POL-00000002,CLM-00000577,PREMIUM_PAYMENT,PIX,CANCELLED,2024-08-14,2024-08-14,17123.7,17123.7,BRL,539.027.416-43,Azevedo Peixoto S/A,Vasconcelos,MA,2026-05-25 01:16:38
FLOW-0000002417,POL-00000391,CLM-00000644,PREMIUM_PAYMENT,PIX,PROCESSED,2025-11-25,2025-11-28,19228.95,19228.95,BRL,302.619.754-80,Cunha,Siqueira Verde,AC,2026-05-25 01:16:38
FLOW-0000002418,POL-00000480,CLM-00000586,PREMIUM_PAYMENT,DEBIT,CANCELLED,2024-11-21,2024-11-25,13662.28,13662.28,BRL,968.574.021-67,Andrade,Novaes da Prata,ES,2026-05-25 01:16:38
FLOW-0000002419,POL-00000467,CLM-00000767,REFUND,BANK_SLIP,CANCELLED,2025-10-18,2025-10-20,17155.97,17155.97,BRL,243.591.706-61,Carvalho,Araújo de Goiás,SP,2026-05-25 01:16:38
FLOW-0000002420,POL-00000326,CLM-00000466,COMMISSION,DEBIT,FAILED,2026-03-03,2026-03-08,12289.53,0.0,BRL,813.469.205-24,Mendes,Freitas,PR,2026-05-25 01:16:38
FLOW-0000002421,POL-00000074,CLM-00000294,COMMISSION,BANK_SLIP,PROCESSED,2026-02-02,2026-02-03,11382.87,11382.87,BRL,964.178.520-67,Pires,Lima,SP,2026-05-25 01:16:38
FLOW-0000002422,POL-00000379,CLM-00000022,CLAIM_PAYMENT,DEBIT,FAILED,2025-02-12,2025-02-15,24978.55,0.0,BRL,129.074.356-80,Rodrigues Aparecida - EI,Melo,AM,2026-05-25 01:16:38
FLOW-0000002423,POL-00000364,CLM-00000901,REFUND,BANK_TRANSFER,CANCELLED,2025-12-02,2025-12-04,3642.4,3642.4,BRL,350.879.624-83,Costa Lopes - EI,Ribeiro de Goiás,PR,2026-05-25 01:16:38
FLOW-0000002424,POL-00000107,CLM-00000965,CLAIM_PAYMENT,DEBIT,FAILED,2026-03-23,2026-03-24,24687.86,0.0,BRL,753.486.021-08,Borges,Pacheco da Praia,RN,2026-05-25 01:16:38
FLOW-0000002425,POL-00000228,CLM-00000976,REFUND,DEBIT,CANCELLED,2025-12-31,2026-01-03,22096.36,22096.36,BRL,095.317.268-68,Nunes Camargo S/A,Costa Alegre,RO,2026-05-25 01:16:38
FLOW-0000002426,POL-00000069,CLM-00000741,COMMISSION,BANK_TRANSFER,CANCELLED,2024-06-07,2024-06-10,9120.83,9120.83,BRL,407.685.931-66,da Costa Castro - EI,Dias da Prata,RJ,2026-05-25 01:16:38
FLOW-0000002427,POL-00000292,CLM-00000200,CANCELLATION,BANK_TRANSFER,PROCESSED,2026-01-27,2026-01-28,6187.88,6187.88,BRL,419.075.382-32,Castro - ME,da Rosa Paulista,PR,2026-05-25 01:16:38
FLOW-0000002428,POL-00000192,CLM-00000660,REINSURANCE,CREDIT_CARD,CANCELLED,2025-02-02,2025-02-04,22513.84,22513.84,BRL,695.720.814-11,Costa Campos S.A.,da Luz do Sul,CE,2026-05-25 01:16:38
FLOW-0000002429,POL-00000278,CLM-00000668,REFUND,DEBIT,PENDING,2025-02-21,2025-02-22,9851.1,9851.1,BRL,342.675.089-92,Camargo S.A.,Peixoto da Mata,PE,2026-05-25 01:16:38
FLOW-0000002430,POL-00000027,CLM-00000205,REINSURANCE,BANK_SLIP,CANCELLED,2025-07-08,2025-07-10,22621.67,22621.67,BRL,130.865.497-93,Duarte,Câmara,MT,2026-05-25 01:16:38
FLOW-0000002431,POL-00000480,CLM-00000530,CLAIM_PAYMENT,DEBIT,CANCELLED,2024-07-11,2024-07-13,13814.74,13814.74,BRL,816.792.340-13,Borges S/A,Albuquerque,ES,2026-05-25 01:16:38
FLOW-0000002432,POL-00000198,CLM-00000582,PREMIUM_PAYMENT,BANK_SLIP,PROCESSED,2025-07-03,2025-07-04,23582.82,23582.82,BRL,435.812.906-42,Moraes - EI,Jesus,MA,2026-05-25 01:16:38
FLOW-0000002433,POL-00000329,CLM-00000412,CANCELLATION,BANK_TRANSFER,PROCESSED,2026-03-12,2026-03-14,24591.63,24591.63,BRL,360.245.879-29,Ramos S/A,Melo,CE,2026-05-25 01:16:38
FLOW-0000002434,POL-00000126,CLM-00000889,COMMISSION,BANK_SLIP,CANCELLED,2024-08-05,2024-08-06,3809.55,3809.55,BRL,780.519.462-94,Garcia Gomes S/A,Cavalcanti de Viana,SE,2026-05-25 01:16:38
FLOW-0000002435,POL-00000347,CLM-00000100,REINSURANCE,PIX,PENDING,2024-08-30,2024-09-02,7939.55,7939.55,BRL,641.839.250-70,Teixeira,Peixoto,RR,2026-05-25 01:16:38
FLOW-0000002436,POL-00000437,CLM-00000093,PREMIUM_PAYMENT,CREDIT_CARD,FAILED,2024-09-23,2024-09-23,585.58,0.0,BRL,170.359.624-25,Silveira Jesus - ME,Gonçalves de Rios,AM,2026-05-25 01:16:38
FLOW-0000002437,POL-00000158,CLM-00000861,CLAIM_PAYMENT,PIX,PROCESSED,2024-12-22,2024-12-24,5115.03,5115.03,BRL,418.576.923-73,Gomes das Neves - EI,Silveira,SE,2026-05-25 01:16:38
FLOW-0000002438,POL-00000244,CLM-00000347,COMMISSION,BANK_SLIP,CANCELLED,2025-07-26,2025-07-28,15599.63,15599.63,BRL,518.479.326-73,da Paz,Alves,BA,2026-05-25 01:16:38
FLOW-0000002439,POL-00000462,CLM-00000902,REINSURANCE,BANK_SLIP,PROCESSED,2025-06-18,2025-06-20,7615.85,7615.85,BRL,890.357.164-93,Ferreira,Sampaio,MT,2026-05-25 01:16:38
FLOW-0000002440,POL-00000082,CLM-00000576,REINSURANCE,BANK_TRANSFER,CANCELLED,2024-06-30,2024-07-01,10408.89,10408.89,BRL,852.476.301-90,Mendes,Cassiano,MG,2026-05-25 01:16:38
FLOW-0000002441,POL-00000500,CLM-00000117,COMMISSION,BANK_SLIP,PROCESSED,2025-02-24,2025-03-01,11765.71,11765.71,BRL,563.290.741-43,Albuquerque - ME,Pereira de Sales,CE,2026-05-25 01:16:38
FLOW-0000002442,POL-00000451,CLM-00000391,PREMIUM_PAYMENT,DEBIT,PROCESSED,2024-12-09,2024-12-12,2471.87,2471.87,BRL,380.145.962-42,da Paz e Filhos,Pires de Fogaça,PI,2026-05-25 01:16:38
FLOW-0000002443,POL-00000477,CLM-00000452,PREMIUM_PAYMENT,BANK_TRANSFER,FAILED,2024-08-06,2024-08-09,11948.16,0.0,BRL,426.895.701-49,Caldeira,Moreira do Amparo,MG,2026-05-25 01:16:38
FLOW-0000002444,POL-00000485,CLM-00000688,PREMIUM_PAYMENT,BANK_TRANSFER,CANCELLED,2025-01-29,2025-02-02,4586.75,4586.75,BRL,243.819.567-37,Barros,Leão do Sul,AM,2026-05-25 01:16:38
FLOW-0000002445,POL-00000036,CLM-00000182,PREMIUM_PAYMENT,BANK_SLIP,FAILED,2024-08-09,2024-08-11,22145.82,0.0,BRL,607.598.312-03,Gomes,Rezende da Mata,MG,2026-05-25 01:16:38
FLOW-0000002446,POL-00000057,CLM-00000958,REFUND,BANK_SLIP,PROCESSED,2025-05-08,2025-05-12,7537.61,7537.61,BRL,956.143.028-24,Rios,Pires,MS,2026-05-25 01:16:38
FLOW-0000002447,POL-00000182,CLM-00000618,CANCELLATION,DEBIT,PENDING,2025-07-27,2025-08-01,8051.43,8051.43,BRL,159.240.637-80,Duarte Câmara S.A.,Moura dos Dourados,BA,2026-05-25 01:16:38
FLOW-0000002448,POL-00000087,CLM-00000374,REINSURANCE,CREDIT_CARD,CANCELLED,2025-12-06,2025-12-06,15565.46,15565.46,BRL,604.137.529-25,Albuquerque Mendonça S/A,Pires,RJ,2026-05-25 01:16:38
FLOW-0000002449,POL-00000251,CLM-00000327,REINSURANCE,BANK_SLIP,PENDING,2025-10-10,2025-10-11,12859.9,12859.9,BRL,910.846.723-40,Lima S.A.,da Rocha,RO,2026-05-25 01:16:38
FLOW-0000002450,POL-00000135,CLM-00000460,CANCELLATION,DEBIT,FAILED,2026-02-28,2026-02-28,16252.66,0.0,BRL,167.359.028-40,Rezende S/A,Rios do Oeste,MA,2026-05-25 01:16:38
FLOW-0000002451,POL-00000338,CLM-00000083,CANCELLATION,CREDIT_CARD,CANCELLED,2026-01-31,2026-02-02,1059.37,1059.37,BRL,170.328.594-88,Nunes S/A,Teixeira Grande,AM,2026-05-25 01:16:38
FLOW-0000002452,POL-00000377,CLM-00000588,REINSURANCE,PIX,PENDING,2024-08-08,2024-08-12,832.78,832.78,BRL,406.539.821-51,da Mata Silveira S.A.,Vieira do Galho,PE,2026-05-25 01:16:38
FLOW-0000002453,POL-00000199,CLM-00000037,REFUND,CREDIT_CARD,CANCELLED,2024-12-28,2024-12-30,9547.74,9547.74,BRL,257.431.689-46,Montenegro,Siqueira,PI,2026-05-25 01:16:38
FLOW-0000002454,POL-00000209,CLM-00000725,COMMISSION,CREDIT_CARD,CANCELLED,2025-11-30,2025-12-05,9409.79,9409.79,BRL,631.470.829-03,Teixeira,Alves de Vargas,AL,2026-05-25 01:16:38
FLOW-0000002455,POL-00000283,CLM-00000198,CANCELLATION,DEBIT,FAILED,2025-02-17,2025-02-18,23575.51,0.0,BRL,196.234.507-61,Moreira Andrade - EI,Viana do Norte,GO,2026-05-25 01:16:38
FLOW-0000002456,POL-00000413,CLM-00000683,REFUND,CREDIT_CARD,PENDING,2026-03-09,2026-03-11,6703.48,6703.48,BRL,840.729.165-01,Pacheco Cassiano - ME,Aparecida,MG,2026-05-25 01:16:38
FLOW-0000002457,POL-00000413,CLM-00000781,PREMIUM_PAYMENT,PIX,PROCESSED,2026-05-02,2026-05-06,22400.69,22400.69,BRL,897.352.641-37,da Mota Pinto S/A,Alves,DF,2026-05-25 01:16:38
FLOW-0000002458,POL-00000079,CLM-00000586,COMMISSION,BANK_SLIP,PENDING,2026-03-13,2026-03-14,1906.64,1906.64,BRL,243.519.706-34,Jesus Peixoto S/A,Rezende,RJ,2026-05-25 01:16:38
FLOW-0000002459,POL-00000378,CLM-00000827,PREMIUM_PAYMENT,CREDIT_CARD,PENDING,2024-12-03,2024-12-03,21599.08,21599.08,BRL,701.952.634-99,Abreu,Viana Alegre,SP,2026-05-25 01:16:38
FLOW-0000002460,POL-00000324,CLM-00000895,REINSURANCE,CREDIT_CARD,CANCELLED,2025-10-08,2025-10-12,1806.05,1806.05,BRL,854.913.260-89,Rezende,Castro,AP,2026-05-25 01:16:38
FLOW-0000002461,POL-00000361,CLM-00000143,PREMIUM_PAYMENT,BANK_SLIP,PENDING,2024-11-09,2024-11-14,2690.53,2690.53,BRL,279.316.504-25,Macedo Mendonça e Filhos,Costa de Goiás,SC,2026-05-25 01:16:38
FLOW-0000002462,POL-00000368,CLM-00000975,CLAIM_PAYMENT,PIX,PENDING,2024-06-29,2024-07-04,23167.72,23167.72,BRL,701.524.893-04,Lopes S/A,Fonseca da Praia,RO,2026-05-25 01:16:38
FLOW-0000002463,POL-00000108,CLM-00000052,CANCELLATION,PIX,PROCESSED,2024-11-06,2024-11-06,10852.59,10852.59,BRL,697.814.530-01,Carvalho,Jesus,PI,2026-05-25 01:16:38
FLOW-0000002464,POL-00000244,CLM-00000838,REINSURANCE,BANK_SLIP,PROCESSED,2025-12-07,2025-12-10,8044.1,8044.1,BRL,432.615.807-71,Caldeira e Filhos,Sales,RS,2026-05-25 01:16:38
FLOW-0000002465,POL-00000241,CLM-00000295,REINSURANCE,BANK_TRANSFER,PROCESSED,2026-02-26,2026-03-03,24698.84,24698.84,BRL,789.360.541-39,Costela S/A,Gomes,MG,2026-05-25 01:16:38
FLOW-0000002466,POL-00000041,CLM-00000181,REINSURANCE,BANK_SLIP,PENDING,2026-03-31,2026-03-31,11090.78,11090.78,BRL,392.407.156-06,Moraes Sampaio - EI,da Costa do Norte,DF,2026-05-25 01:16:38
FLOW-0000002467,POL-00000359,CLM-00000127,REINSURANCE,PIX,PROCESSED,2024-06-28,2024-06-30,3640.12,3640.12,BRL,236.075.418-17,Ferreira,Santos do Campo,ES,2026-05-25 01:16:38
FLOW-0000002468,POL-00000084,CLM-00000405,COMMISSION,BANK_TRANSFER,PROCESSED,2026-03-01,2026-03-02,4716.85,4716.85,BRL,138.954.207-60,Costa S.A.,Pastor de Goiás,DF,2026-05-25 01:16:38
FLOW-0000002469,POL-00000112,CLM-00000437,REINSURANCE,CREDIT_CARD,FAILED,2024-12-21,2024-12-23,15058.77,0.0,BRL,173.486.902-03,Aparecida Mendes S/A,Machado,MS,2026-05-25 01:16:38
FLOW-0000002470,POL-00000336,CLM-00000912,REINSURANCE,CREDIT_CARD,PENDING,2026-03-08,2026-03-10,18399.31,18399.31,BRL,730.981.256-59,Montenegro,Souza do Campo,ES,2026-05-25 01:16:38
FLOW-0000002471,POL-00000033,CLM-00000506,PREMIUM_PAYMENT,CREDIT_CARD,PENDING,2026-01-15,2026-01-17,18869.71,18869.71,BRL,495.716.082-11,Alves Nogueira Ltda.,Fonseca,AL,2026-05-25 01:16:38
FLOW-0000002472,POL-00000346,CLM-00000783,REFUND,DEBIT,PENDING,2025-08-20,2025-08-25,1557.08,1557.08,BRL,216.348.907-87,Azevedo e Filhos,Cassiano,AC,2026-05-25 01:16:38
FLOW-0000002473,POL-00000164,CLM-00000603,CANCELLATION,CREDIT_CARD,PENDING,2025-01-02,2025-01-02,24430.33,24430.33,BRL,714.835.609-10,Cavalcante Moraes S/A,Almeida,RO,2026-05-25 01:16:38
FLOW-0000002474,POL-00000292,CLM-00000269,CANCELLATION,CREDIT_CARD,PENDING,2025-09-07,2025-09-12,17042.97,17042.97,BRL,986.530.147-48,Novaes,Cassiano,MG,2026-05-25 01:16:38
FLOW-0000002475,POL-00000256,CLM-00000308,REFUND,DEBIT,FAILED,2026-05-02,2026-05-05,8984.91,0.0,BRL,651.897.324-28,da Cruz e Filhos,Fonseca do Galho,TO,2026-05-25 01:16:38
FLOW-0000002476,POL-00000117,CLM-00000602,CANCELLATION,BANK_SLIP,PROCESSED,2024-11-14,2024-11-16,13670.63,13670.63,BRL,754.206.381-26,Vargas Fogaça S/A,Rezende das Pedras,SC,2026-05-25 01:16:38
FLOW-0000002477,POL-00000451,CLM-00000473,REFUND,CREDIT_CARD,CANCELLED,2025-04-29,2025-04-29,17287.07,17287.07,BRL,708.536.942-65,Marques Fernandes - EI,Câmara,SC,2026-05-25 01:16:38
FLOW-0000002478,POL-00000079,CLM-00000146,REFUND,DEBIT,CANCELLED,2025-06-29,2025-07-02,11617.42,11617.42,BRL,476.580.231-08,Ramos,Jesus,RR,2026-05-25 01:16:38
FLOW-0000002479,POL-00000196,CLM-00000892,CLAIM_PAYMENT,BANK_SLIP,FAILED,2025-06-18,2025-06-21,23743.37,0.0,BRL,645.792.031-43,Duarte,Rodrigues Paulista,AM,2026-05-25 01:16:38
FLOW-0000002480,POL-00000078,CLM-00000608,REFUND,BANK_SLIP,PROCESSED,2024-11-11,2024-11-14,9174.47,9174.47,BRL,496.823.501-15,Jesus S/A,Sá de Pereira,AP,2026-05-25 01:16:38
FLOW-0000002481,POL-00000077,CLM-00000278,REFUND,CREDIT_CARD,CANCELLED,2026-01-27,2026-01-28,2416.41,2416.41,BRL,627.905.183-86,Borges Borges S.A.,das Neves,AC,2026-05-25 01:16:38
FLOW-0000002482,POL-00000156,CLM-00000850,REFUND,BANK_TRANSFER,PROCESSED,2026-05-16,2026-05-17,590.93,590.93,BRL,304.687.591-66,Ramos,Ribeiro da Praia,MA,2026-05-25 01:16:38
FLOW-0000002483,POL-00000222,CLM-00000446,REFUND,BANK_SLIP,CANCELLED,2026-03-15,2026-03-17,5732.1,5732.1,BRL,035.879.642-38,Cirino,Siqueira,ES,2026-05-25 01:16:38
FLOW-0000002484,POL-00000493,CLM-00000109,PREMIUM_PAYMENT,PIX,FAILED,2024-10-16,2024-10-19,24229.04,0.0,BRL,467.081.239-40,Pires da Cunha - EI,Cavalcanti,RS,2026-05-25 01:16:38
FLOW-0000002485,POL-00000073,CLM-00000241,REINSURANCE,BANK_TRANSFER,FAILED,2025-10-09,2025-10-11,17665.3,0.0,BRL,690.134.275-61,Peixoto,Abreu,SC,2026-05-25 01:16:38
FLOW-0000002486,POL-00000007,CLM-00000980,REFUND,CREDIT_CARD,CANCELLED,2024-10-08,2024-10-11,20100.37,20100.37,BRL,758.069.413-10,Aragão,Novaes da Prata,MS,2026-05-25 01:16:38
FLOW-0000002487,POL-00000351,CLM-00000634,CANCELLATION,DEBIT,FAILED,2024-06-03,2024-06-08,4007.13,0.0,BRL,387.640.152-62,Almeida e Filhos,Brito,BA,2026-05-25 01:16:38
FLOW-0000002488,POL-00000175,CLM-00000743,CLAIM_PAYMENT,CREDIT_CARD,FAILED,2025-03-09,2025-03-13,3090.09,0.0,BRL,306.579.142-07,Borges Viana e Filhos,Pimenta do Sul,CE,2026-05-25 01:16:38
FLOW-0000002489,POL-00000033,CLM-00000019,COMMISSION,DEBIT,CANCELLED,2025-11-24,2025-11-29,21609.23,21609.23,BRL,279.803.561-95,Caldeira,Lima,SE,2026-05-25 01:16:38
FLOW-0000002490,POL-00000353,CLM-00000240,CLAIM_PAYMENT,CREDIT_CARD,FAILED,2025-03-31,2025-04-02,10454.16,0.0,BRL,792.150.386-12,Dias - EI,Rodrigues,SC,2026-05-25 01:16:38
FLOW-0000002491,POL-00000285,CLM-00000349,REFUND,BANK_TRANSFER,FAILED,2026-01-20,2026-01-25,22897.66,0.0,BRL,801.932.674-03,Pereira,Albuquerque da Praia,SC,2026-05-25 01:16:38
FLOW-0000002492,POL-00000401,CLM-00000648,CLAIM_PAYMENT,BANK_TRANSFER,FAILED,2025-06-05,2025-06-07,17473.32,0.0,BRL,763.521.984-73,Azevedo Fogaça S.A.,Nogueira da Prata,MT,2026-05-25 01:16:38
FLOW-0000002493,POL-00000417,CLM-00000840,REINSURANCE,BANK_SLIP,PROCESSED,2025-06-16,2025-06-17,17717.22,17717.22,BRL,103.256.974-34,Pimenta,da Mota da Prata,CE,2026-05-25 01:16:38
FLOW-0000002494,POL-00000262,CLM-00000902,PREMIUM_PAYMENT,PIX,FAILED,2025-04-27,2025-04-30,14104.29,0.0,BRL,281.097.364-40,Abreu,Melo da Praia,TO,2026-05-25 01:16:38
FLOW-0000002495,POL-00000042,CLM-00000542,REINSURANCE,DEBIT,FAILED,2025-03-04,2025-03-07,18767.3,0.0,BRL,249.167.035-61,Moraes,Montenegro,BA,2026-05-25 01:16:38
FLOW-0000002496,POL-00000035,CLM-00000461,CANCELLATION,DEBIT,FAILED,2024-10-08,2024-10-11,15084.86,0.0,BRL,740.283.156-62,Albuquerque Araújo e Filhos,Marques do Galho,BA,2026-05-25 01:16:38
FLOW-0000002497,POL-00000187,CLM-00000869,COMMISSION,PIX,PROCESSED,2024-11-04,2024-11-05,19792.48,19792.48,BRL,031.257.698-68,Rezende Ribeiro - EI,Novaes da Praia,MT,2026-05-25 01:16:38
FLOW-0000002498,POL-00000168,CLM-00000365,CANCELLATION,BANK_TRANSFER,PENDING,2025-02-04,2025-02-07,6202.31,6202.31,BRL,307.598.426-47,Campos,Silveira,AM,2026-05-25 01:16:38
FLOW-0000002499,POL-00000249,CLM-00000322,COMMISSION,BANK_TRANSFER,FAILED,2025-12-11,2025-12-14,14068.85,0.0,BRL,082.196.734-78,Nascimento - EI,Garcia do Galho,RO,2026-05-25 01:16:38
FLOW-0000002500,POL-00000491,CLM-00000946,CANCELLATION,BANK_TRANSFER,PROCESSED,2025-04-04,2025-04-08,5041.46,5041.46,BRL,725.301.896-68,Mendonça Almeida e Filhos,Cardoso da Praia,AM,2026-05-25 01:16:38
FLOW-0000002501,POL-00000377,CLM-00000907,CANCELLATION,BANK_SLIP,PENDING,2026-01-23,2026-01-27,3053.04,3053.04,BRL,241.897.635-19,Rezende Fogaça - EI,Cirino,CE,2026-05-25 01:16:38
FLOW-0000002502,POL-00000405,CLM-00000386,COMMISSION,DEBIT,PROCESSED,2025-08-22,2025-08-26,19981.27,19981.27,BRL,167.904.235-16,Rezende Rezende S.A.,Cassiano,ES,2026-05-25 01:16:38
FLOW-0000002503,POL-00000134,CLM-00000210,PREMIUM_PAYMENT,BANK_SLIP,FAILED,2025-11-07,2025-11-12,20473.73,0.0,BRL,352.480.169-24,Peixoto,da Costa das Flores,GO,2026-05-25 01:16:38
FLOW-0000002504,POL-00000041,CLM-00000378,CANCELLATION,DEBIT,CANCELLED,2026-03-28,2026-03-30,680.83,680.83,BRL,053.917.824-14,da Luz,Pacheco da Serra,MG,2026-05-25 01:16:38
FLOW-0000002505,POL-00000305,CLM-00000455,REFUND,CREDIT_CARD,PROCESSED,2024-08-08,2024-08-09,11194.79,11194.79,BRL,837.540.692-92,Costela,Marques do Sul,SC,2026-05-25 01:16:38
FLOW-0000002506,POL-00000102,CLM-00000724,REFUND,BANK_TRANSFER,FAILED,2025-12-31,2025-12-31,23425.73,0.0,BRL,274.189.530-97,da Paz,Cavalcante,GO,2026-05-25 01:16:38
FLOW-0000002507,POL-00000166,CLM-00000980,REINSURANCE,PIX,PROCESSED,2024-09-14,2024-09-17,7154.83,7154.83,BRL,230.549.871-32,da Costa,Freitas Alegre,PR,2026-05-25 01:16:38
FLOW-0000002508,POL-00000189,CLM-00000146,COMMISSION,CREDIT_CARD,CANCELLED,2025-02-10,2025-02-10,1357.97,1357.97,BRL,187.532.046-62,da Mota,Ferreira do Sul,GO,2026-05-25 01:16:38
FLOW-0000002509,POL-00000331,CLM-00000332,PREMIUM_PAYMENT,DEBIT,CANCELLED,2025-07-22,2025-07-27,9406.97,9406.97,BRL,719.463.028-13,da Cruz Fogaça - ME,Fonseca de Nogueira,RS,2026-05-25 01:16:38
FLOW-0000002510,POL-00000166,CLM-00000580,PREMIUM_PAYMENT,BANK_TRANSFER,FAILED,2026-01-21,2026-01-22,8198.93,0.0,BRL,971.582.463-37,Lima e Filhos,Aparecida,GO,2026-05-25 01:16:38
FLOW-0000002511,POL-00000255,CLM-00000066,PREMIUM_PAYMENT,PIX,PROCESSED,2026-02-21,2026-02-21,22087.33,22087.33,BRL,547.936.081-75,Fonseca Pires Ltda.,Carvalho,PE,2026-05-25 01:16:38
FLOW-0000002512,POL-00000482,CLM-00000731,REINSURANCE,BANK_SLIP,PROCESSED,2025-07-05,2025-07-06,3831.67,3831.67,BRL,571.938.260-77,Garcia,Cassiano,RS,2026-05-25 01:16:38
FLOW-0000002513,POL-00000042,CLM-00000423,COMMISSION,CREDIT_CARD,FAILED,2026-04-20,2026-04-20,18878.76,0.0,BRL,713.249.805-32,Pimenta,Jesus da Mata,PR,2026-05-25 01:16:38
FLOW-0000002514,POL-00000269,CLM-00000427,REINSURANCE,DEBIT,PENDING,2025-12-19,2025-12-19,12336.77,12336.77,BRL,128.450.937-05,Monteiro,Vasconcelos das Flores,PB,2026-05-25 01:16:38
FLOW-0000002515,POL-00000230,CLM-00000163,PREMIUM_PAYMENT,PIX,PROCESSED,2025-12-05,2025-12-10,3916.85,3916.85,BRL,628.953.107-77,Macedo,Pimenta Alegre,AC,2026-05-25 01:16:38
FLOW-0000002516,POL-00000027,CLM-00000659,PREMIUM_PAYMENT,BANK_SLIP,PENDING,2025-02-03,2025-02-05,5723.53,5723.53,BRL,623.719.405-34,Cavalcante Abreu - EI,Azevedo,MS,2026-05-25 01:16:38
FLOW-0000002517,POL-00000487,CLM-00000157,CLAIM_PAYMENT,BANK_SLIP,PROCESSED,2026-02-04,2026-02-07,1107.75,1107.75,BRL,486.935.012-24,Dias,Marques da Praia,MA,2026-05-25 01:16:38
FLOW-0000002518,POL-00000010,CLM-00000523,REFUND,CREDIT_CARD,CANCELLED,2025-06-22,2025-06-26,8020.5,8020.5,BRL,987.561.024-02,Rios,Cirino,DF,2026-05-25 01:16:38
FLOW-0000002519,POL-00000282,CLM-00000070,CANCELLATION,PIX,CANCELLED,2026-04-13,2026-04-16,636.65,636.65,BRL,140.239.786-04,da Paz da Rocha - ME,Rodrigues,MS,2026-05-25 01:16:38
FLOW-0000002520,POL-00000299,CLM-00000504,CLAIM_PAYMENT,PIX,PROCESSED,2025-06-28,2025-06-29,14762.23,14762.23,BRL,413.562.908-33,Siqueira,Lima de Nogueira,MS,2026-05-25 01:16:38
FLOW-0000002521,POL-00000261,CLM-00000921,REINSURANCE,BANK_SLIP,FAILED,2024-11-30,2024-12-02,17560.51,0.0,BRL,502.743.196-16,Novaes Ltda.,Nogueira,MG,2026-05-25 01:16:38
FLOW-0000002522,POL-00000469,CLM-00000643,REINSURANCE,BANK_TRANSFER,PENDING,2025-03-24,2025-03-27,5358.82,5358.82,BRL,716.205.348-35,das Neves,Pires Verde,PR,2026-05-25 01:16:38
FLOW-0000002523,POL-00000082,CLM-00000855,COMMISSION,BANK_SLIP,CANCELLED,2025-09-28,2025-09-30,6677.89,6677.89,BRL,710.524.396-16,Souza,Gomes,SC,2026-05-25 01:16:38
FLOW-0000002524,POL-00000460,CLM-00000267,CLAIM_PAYMENT,DEBIT,FAILED,2025-06-20,2025-06-24,6444.14,0.0,BRL,348.250.976-00,Rocha Sampaio S.A.,Cavalcante,PA,2026-05-25 01:16:38
FLOW-0000002525,POL-00000229,CLM-00000618,REFUND,BANK_TRANSFER,PENDING,2024-06-15,2024-06-15,16279.04,16279.04,BRL,715.063.829-59,Correia,Fernandes,PI,2026-05-25 01:16:38
FLOW-0000002526,POL-00000199,CLM-00000824,PREMIUM_PAYMENT,PIX,PENDING,2025-08-31,2025-09-03,5154.52,5154.52,BRL,653.081.742-53,Ferreira e Filhos,Porto Paulista,RO,2026-05-25 01:16:38
FLOW-0000002527,POL-00000389,CLM-00000584,CLAIM_PAYMENT,CREDIT_CARD,PROCESSED,2026-01-04,2026-01-09,23330.43,23330.43,BRL,309.472.581-32,Moura e Filhos,Borges de Ferreira,CE,2026-05-25 01:16:38
FLOW-0000002528,POL-00000185,CLM-00000475,REINSURANCE,PIX,FAILED,2024-07-02,2024-07-07,16871.45,0.0,BRL,475.061.829-20,Câmara,da Costa,AC,2026-05-25 01:16:38
FLOW-0000002529,POL-00000112,CLM-00000524,REINSURANCE,PIX,FAILED,2025-06-22,2025-06-27,15671.63,0.0,BRL,371.598.206-30,Pereira,Rezende de Guerra,RO,2026-05-25 01:16:38
FLOW-0000002530,POL-00000106,CLM-00000512,CLAIM_PAYMENT,DEBIT,FAILED,2025-09-05,2025-09-07,358.39,0.0,BRL,306.549.281-42,da Luz,Cassiano da Praia,MA,2026-05-25 01:16:38
FLOW-0000002531,POL-00000472,CLM-00000504,REFUND,DEBIT,PROCESSED,2025-09-26,2025-10-01,8217.6,8217.6,BRL,869.412.735-00,Fonseca S.A.,Caldeira,AM,2026-05-25 01:16:38
FLOW-0000002532,POL-00000040,CLM-00000632,CANCELLATION,PIX,PROCESSED,2024-07-05,2024-07-09,14938.67,14938.67,BRL,864.751.302-90,Câmara,da Mata de Goiás,GO,2026-05-25 01:16:38
FLOW-0000002533,POL-00000439,CLM-00000012,REINSURANCE,CREDIT_CARD,PENDING,2025-09-05,2025-09-05,21324.4,21324.4,BRL,376.298.415-82,Albuquerque,Freitas Paulista,SC,2026-05-25 01:16:38
FLOW-0000002534,POL-00000050,CLM-00000055,REFUND,CREDIT_CARD,PROCESSED,2025-09-15,2025-09-15,7620.99,7620.99,BRL,385.267.109-40,Mendonça,Silva Alegre,MS,2026-05-25 01:16:38
FLOW-0000002535,POL-00000039,CLM-00000287,REFUND,DEBIT,FAILED,2025-04-20,2025-04-21,16162.01,0.0,BRL,415.673.908-20,Ribeiro Ltda.,Pacheco,PR,2026-05-25 01:16:38
FLOW-0000002536,POL-00000155,CLM-00000146,PREMIUM_PAYMENT,CREDIT_CARD,PENDING,2026-04-12,2026-04-17,608.74,608.74,BRL,213.465.789-82,Fonseca,Machado de Minas,ES,2026-05-25 01:16:38
FLOW-0000002537,POL-00000471,CLM-00000652,CLAIM_PAYMENT,PIX,PENDING,2024-09-10,2024-09-13,23256.64,23256.64,BRL,958.741.206-02,da Mota,Porto,PB,2026-05-25 01:16:38
FLOW-0000002538,POL-00000372,CLM-00000241,PREMIUM_PAYMENT,DEBIT,PENDING,2026-02-09,2026-02-12,4405.8,4405.8,BRL,594.370.182-60,Guerra,Vargas do Oeste,RN,2026-05-25 01:16:38
FLOW-0000002539,POL-00000012,CLM-00000720,COMMISSION,BANK_TRANSFER,FAILED,2024-12-03,2024-12-07,17388.22,0.0,BRL,318.497.062-04,Ribeiro,Moura,MA,2026-05-25 01:16:38
FLOW-0000002540,POL-00000111,CLM-00000067,CANCELLATION,DEBIT,PROCESSED,2025-04-03,2025-04-06,1628.93,1628.93,BRL,820.796.453-74,Marques,Cunha,AC,2026-05-25 01:16:38
FLOW-0000002541,POL-00000222,CLM-00000851,PREMIUM_PAYMENT,DEBIT,CANCELLED,2026-05-21,2026-05-26,9466.75,9466.75,BRL,613.428.795-46,Moura,Barros do Sul,RO,2026-05-25 01:16:38
FLOW-0000002542,POL-00000337,CLM-00000065,PREMIUM_PAYMENT,CREDIT_CARD,PENDING,2024-09-24,2024-09-27,4416.82,4416.82,BRL,189.620.347-78,da Luz da Costa e Filhos,Alves do Galho,PA,2026-05-25 01:16:38
FLOW-0000002543,POL-00000411,CLM-00000274,REFUND,PIX,PROCESSED,2024-10-11,2024-10-16,7075.14,7075.14,BRL,904.538.671-20,Duarte S/A,Brito de Macedo,PB,2026-05-25 01:16:38
FLOW-0000002544,POL-00000354,CLM-00000459,CLAIM_PAYMENT,PIX,PROCESSED,2025-12-22,2025-12-27,6835.46,6835.46,BRL,503.276.489-29,Cardoso,Pires,RN,2026-05-25 01:16:38
FLOW-0000002545,POL-00000287,CLM-00000975,REINSURANCE,DEBIT,CANCELLED,2024-07-08,2024-07-13,1150.87,1150.87,BRL,379.506.812-68,Moura - ME,Brito,BA,2026-05-25 01:16:38
FLOW-0000002546,POL-00000147,CLM-00000373,CANCELLATION,PIX,PENDING,2026-02-25,2026-02-26,17903.45,17903.45,BRL,071.264.593-43,Azevedo,Leão,AM,2026-05-25 01:16:38
FLOW-0000002547,POL-00000192,CLM-00000675,REFUND,CREDIT_CARD,PROCESSED,2025-11-17,2025-11-21,9214.06,9214.06,BRL,879.013.465-66,Aparecida da Rocha - ME,Câmara,AP,2026-05-25 01:16:38
FLOW-0000002548,POL-00000377,CLM-00000655,CLAIM_PAYMENT,CREDIT_CARD,FAILED,2026-04-18,2026-04-23,13798.05,0.0,BRL,412.875.063-80,Cardoso Souza S/A,Melo do Campo,MT,2026-05-25 01:16:38
FLOW-0000002549,POL-00000240,CLM-00000356,REFUND,CREDIT_CARD,FAILED,2024-12-30,2025-01-02,4390.37,0.0,BRL,120.658.479-30,Teixeira,Farias de Goiás,PA,2026-05-25 01:16:38
FLOW-0000002550,POL-00000185,CLM-00000985,REFUND,DEBIT,CANCELLED,2025-05-17,2025-05-18,20364.98,20364.98,BRL,354.769.081-10,Andrade e Filhos,Leão de Duarte,RR,2026-05-25 01:16:38
FLOW-0000002551,POL-00000474,CLM-00000368,CLAIM_PAYMENT,DEBIT,FAILED,2024-06-26,2024-06-26,15073.69,0.0,BRL,362.709.541-34,Sales Peixoto e Filhos,Teixeira Paulista,AP,2026-05-25 01:16:38
FLOW-0000002552,POL-00000456,CLM-00000044,CANCELLATION,CREDIT_CARD,PROCESSED,2024-06-09,2024-06-12,18854.9,18854.9,BRL,678.590.421-85,Marques,Guerra da Serra,MS,2026-05-25 01:16:38
FLOW-0000002553,POL-00000307,CLM-00000350,CANCELLATION,BANK_TRANSFER,PROCESSED,2024-11-09,2024-11-13,22961.55,22961.55,BRL,875.261.034-90,da Luz S.A.,Cavalcante,GO,2026-05-25 01:16:38
FLOW-0000002554,POL-00000418,CLM-00000812,CLAIM_PAYMENT,BANK_SLIP,PROCESSED,2024-07-17,2024-07-22,20808.73,20808.73,BRL,659.483.271-91,Barbosa,Machado do Sul,PI,2026-05-25 01:16:38
FLOW-0000002555,POL-00000257,CLM-00000558,REFUND,PIX,PENDING,2026-05-11,2026-05-16,9938.94,9938.94,BRL,635.291.804-24,Costela e Filhos,da Mota de Minas,SC,2026-05-25 01:16:38
FLOW-0000002556,POL-00000479,CLM-00000564,PREMIUM_PAYMENT,BANK_SLIP,FAILED,2025-08-01,2025-08-05,2640.19,0.0,BRL,986.251.430-24,Almeida,Brito,PI,2026-05-25 01:16:38
FLOW-0000002557,POL-00000251,CLM-00000120,CANCELLATION,CREDIT_CARD,FAILED,2026-03-08,2026-03-13,5708.22,0.0,BRL,498.356.710-01,Cassiano Caldeira - EI,Cardoso,PI,2026-05-25 01:16:38
FLOW-0000002558,POL-00000268,CLM-00000673,COMMISSION,DEBIT,CANCELLED,2025-04-24,2025-04-29,20919.9,20919.9,BRL,970.281.356-59,Pereira,Mendes,ES,2026-05-25 01:16:38
FLOW-0000002559,POL-00000353,CLM-00000770,CANCELLATION,PIX,CANCELLED,2025-02-19,2025-02-20,14446.63,14446.63,BRL,014.279.865-76,Casa Grande,Marques das Pedras,BA,2026-05-25 01:16:38
FLOW-0000002560,POL-00000428,CLM-00000711,REFUND,BANK_SLIP,PROCESSED,2026-02-14,2026-02-15,16029.71,16029.71,BRL,153.620.498-60,Aragão,Fernandes dos Dourados,SP,2026-05-25 01:16:38
FLOW-0000002561,POL-00000254,CLM-00000148,REINSURANCE,PIX,PENDING,2024-10-01,2024-10-06,64.87,64.87,BRL,427.160.839-40,Cardoso,Oliveira,AM,2026-05-25 01:16:38
FLOW-0000002562,POL-00000156,CLM-00000846,CLAIM_PAYMENT,BANK_SLIP,CANCELLED,2025-10-15,2025-10-20,23755.26,23755.26,BRL,570.328.961-03,Souza e Filhos,Casa Grande,RS,2026-05-25 01:16:38
FLOW-0000002563,POL-00000009,CLM-00000032,CLAIM_PAYMENT,CREDIT_CARD,PENDING,2025-06-04,2025-06-08,15974.3,15974.3,BRL,406.159.382-05,Rocha,Lima,PB,2026-05-25 01:16:38
FLOW-0000002564,POL-00000035,CLM-00000260,CANCELLATION,DEBIT,PENDING,2024-06-23,2024-06-23,5216.83,5216.83,BRL,406.938.712-96,Vieira,Rodrigues Grande,ES,2026-05-25 01:16:38
FLOW-0000002565,POL-00000006,CLM-00000715,COMMISSION,BANK_TRANSFER,CANCELLED,2026-01-22,2026-01-22,10576.84,10576.84,BRL,108.375.926-40,Lopes,Cavalcante do Galho,GO,2026-05-25 01:16:38
FLOW-0000002566,POL-00000156,CLM-00000439,COMMISSION,BANK_TRANSFER,PROCESSED,2025-10-25,2025-10-27,8612.08,8612.08,BRL,461.579.302-25,da Mata Novais Ltda.,Andrade de Silveira,RN,2026-05-25 01:16:38
FLOW-0000002567,POL-00000348,CLM-00000504,CANCELLATION,PIX,PENDING,2025-04-26,2025-04-30,22992.91,22992.91,BRL,231.406.895-51,Campos,Farias,SC,2026-05-25 01:16:38
FLOW-0000002568,POL-00000359,CLM-00000485,PREMIUM_PAYMENT,DEBIT,FAILED,2026-04-05,2026-04-08,8024.81,0.0,BRL,052.861.934-98,Martins,Ramos da Mata,SC,2026-05-25 01:16:38
FLOW-0000002569,POL-00000486,CLM-00000995,REFUND,DEBIT,FAILED,2024-11-29,2024-12-03,19256.2,0.0,BRL,386.147.052-71,Pimenta - ME,Ribeiro,MA,2026-05-25 01:16:38
FLOW-0000002570,POL-00000244,CLM-00000259,REFUND,BANK_TRANSFER,PENDING,2025-02-17,2025-02-17,9530.18,9530.18,BRL,538.094.276-83,Peixoto Castro - EI,Araújo,SE,2026-05-25 01:16:38
FLOW-0000002571,POL-00000233,CLM-00000389,CANCELLATION,CREDIT_CARD,PENDING,2025-03-24,2025-03-24,2119.97,2119.97,BRL,892.354.061-70,Andrade Sales S.A.,Farias de Goiás,SC,2026-05-25 01:16:38
FLOW-0000002572,POL-00000166,CLM-00000318,REFUND,BANK_TRANSFER,PENDING,2025-12-18,2025-12-19,15110.04,15110.04,BRL,415.293.078-05,da Conceição,Ferreira,RR,2026-05-25 01:16:38
FLOW-0000002573,POL-00000049,CLM-00000011,CLAIM_PAYMENT,BANK_SLIP,CANCELLED,2025-05-29,2025-06-03,21373.32,21373.32,BRL,356.429.870-38,da Rosa,Pereira,AC,2026-05-25 01:16:38
FLOW-0000002574,POL-00000036,CLM-00000515,PREMIUM_PAYMENT,BANK_SLIP,CANCELLED,2025-08-27,2025-08-31,21574.78,21574.78,BRL,547.196.082-30,Sá Sales Ltda.,Araújo,RJ,2026-05-25 01:16:38
FLOW-0000002575,POL-00000411,CLM-00000948,REINSURANCE,BANK_TRANSFER,CANCELLED,2026-04-26,2026-04-29,6904.79,6904.79,BRL,629.150.378-68,Rocha - ME,Viana do Campo,AL,2026-05-25 01:16:38
FLOW-0000002576,POL-00000358,CLM-00000530,COMMISSION,DEBIT,PENDING,2025-05-18,2025-05-23,18122.06,18122.06,BRL,426.035.189-33,Azevedo,Lima de Minas,RR,2026-05-25 01:16:38
FLOW-0000002577,POL-00000021,CLM-00000298,COMMISSION,BANK_TRANSFER,PROCESSED,2025-10-14,2025-10-15,22561.43,22561.43,BRL,392.857.610-03,Barros - ME,Siqueira,DF,2026-05-25 01:16:38
FLOW-0000002578,POL-00000496,CLM-00000858,CANCELLATION,PIX,PROCESSED,2026-05-02,2026-05-04,10696.95,10696.95,BRL,813.496.027-87,Ribeiro S.A.,Novais do Campo,BA,2026-05-25 01:16:38
FLOW-0000002579,POL-00000199,CLM-00000795,CLAIM_PAYMENT,BANK_SLIP,PENDING,2024-07-05,2024-07-06,12079.55,12079.55,BRL,147.502.693-52,Gomes,Costela,CE,2026-05-25 01:16:38
FLOW-0000002580,POL-00000175,CLM-00000887,CLAIM_PAYMENT,BANK_TRANSFER,PROCESSED,2024-11-17,2024-11-20,1144.67,1144.67,BRL,680.521.397-59,Almeida S/A,Abreu,RN,2026-05-25 01:16:38
FLOW-0000002581,POL-00000052,CLM-00000169,REFUND,BANK_SLIP,PENDING,2024-10-12,2024-10-15,5756.88,5756.88,BRL,654.718.930-93,Jesus da Cunha - ME,Viana,AP,2026-05-25 01:16:38
FLOW-0000002582,POL-00000225,CLM-00000509,REINSURANCE,CREDIT_CARD,PENDING,2024-09-18,2024-09-19,18521.89,18521.89,BRL,748.230.196-87,Casa Grande - EI,Cassiano,PR,2026-05-25 01:16:38
FLOW-0000002583,POL-00000326,CLM-00000557,CANCELLATION,PIX,FAILED,2025-04-03,2025-04-08,10777.84,0.0,BRL,413.825.976-73,Pimenta Pacheco e Filhos,Montenegro de Fernandes,AC,2026-05-25 01:16:38
FLOW-0000002584,POL-00000286,CLM-00000719,COMMISSION,DEBIT,CANCELLED,2025-06-01,2025-06-04,11867.77,11867.77,BRL,038.562.914-15,Andrade - ME,Dias de Moura,AL,2026-05-25 01:16:38
FLOW-0000002585,POL-00000244,CLM-00000411,COMMISSION,BANK_TRANSFER,FAILED,2025-04-02,2025-04-02,1676.12,0.0,BRL,213.967.840-04,Cavalcante,Guerra,ES,2026-05-25 01:16:38
FLOW-0000002586,POL-00000013,CLM-00000166,CLAIM_PAYMENT,PIX,PENDING,2024-06-03,2024-06-04,22670.08,22670.08,BRL,613.852.049-15,Castro Lima - EI,Pires,RR,2026-05-25 01:16:38
FLOW-0000002587,POL-00000338,CLM-00000560,CLAIM_PAYMENT,CREDIT_CARD,CANCELLED,2024-10-11,2024-10-15,4710.43,4710.43,BRL,801.527.934-88,Araújo Azevedo Ltda.,Costa,AC,2026-05-25 01:16:38
FLOW-0000002588,POL-00000299,CLM-00000424,PREMIUM_PAYMENT,PIX,PROCESSED,2024-08-02,2024-08-06,6612.02,6612.02,BRL,401.867.539-93,Nunes S.A.,Sales,BA,2026-05-25 01:16:38
FLOW-0000002589,POL-00000154,CLM-00000137,CLAIM_PAYMENT,DEBIT,PROCESSED,2025-09-02,2025-09-06,1041.91,1041.91,BRL,961.827.534-55,Ferreira,Machado,GO,2026-05-25 01:16:38
FLOW-0000002590,POL-00000058,CLM-00000538,REINSURANCE,CREDIT_CARD,PENDING,2024-06-20,2024-06-20,9327.87,9327.87,BRL,789.421.503-14,Silva,Albuquerque da Serra,PA,2026-05-25 01:16:38
FLOW-0000002591,POL-00000164,CLM-00000943,COMMISSION,BANK_SLIP,PROCESSED,2025-05-24,2025-05-28,13286.46,13286.46,BRL,579.182.460-20,Fonseca,Martins,ES,2026-05-25 01:16:38
FLOW-0000002592,POL-00000245,CLM-00000491,CLAIM_PAYMENT,BANK_SLIP,CANCELLED,2024-09-24,2024-09-27,20040.57,20040.57,BRL,720.169.483-96,Rios,Camargo,MA,2026-05-25 01:16:38
FLOW-0000002593,POL-00000075,CLM-00000684,REINSURANCE,BANK_SLIP,PENDING,2025-08-20,2025-08-20,4351.83,4351.83,BRL,396.041.578-84,Brito - EI,Nascimento,MA,2026-05-25 01:16:38
FLOW-0000002594,POL-00000263,CLM-00000075,PREMIUM_PAYMENT,BANK_TRANSFER,CANCELLED,2025-12-19,2025-12-23,3677.8,3677.8,BRL,063.412.759-43,Costela,Macedo da Mata,PB,2026-05-25 01:16:38
FLOW-0000002595,POL-00000481,CLM-00000231,REFUND,CREDIT_CARD,FAILED,2025-08-20,2025-08-21,6214.34,0.0,BRL,291.658.047-67,Abreu,Pires,MS,2026-05-25 01:16:38
FLOW-0000002596,POL-00000446,CLM-00000329,REFUND,DEBIT,PENDING,2025-02-04,2025-02-07,1538.84,1538.84,BRL,178.624.305-90,Alves Garcia - EI,Siqueira,GO,2026-05-25 01:16:38
FLOW-0000002597,POL-00000201,CLM-00000461,CANCELLATION,BANK_TRANSFER,FAILED,2024-07-23,2024-07-23,4855.51,0.0,BRL,240.579.368-74,Barros,Nunes do Sul,CE,2026-05-25 01:16:38
FLOW-0000002598,POL-00000315,CLM-00000973,CLAIM_PAYMENT,BANK_TRANSFER,CANCELLED,2024-12-15,2024-12-16,18727.78,18727.78,BRL,273.450.168-62,das Neves,Vargas,PB,2026-05-25 01:16:38
FLOW-0000002599,POL-00000124,CLM-00000614,CANCELLATION,BANK_TRANSFER,PROCESSED,2024-11-15,2024-11-18,16168.72,16168.72,BRL,235.469.017-70,Silveira Martins S.A.,da Rocha das Flores,BA,2026-05-25 01:16:38
FLOW-0000002600,POL-00000308,CLM-00000032,PREMIUM_PAYMENT,DEBIT,CANCELLED,2024-07-19,2024-07-21,12453.48,12453.48,BRL,802.631.947-87,Peixoto,Borges,AM,2026-05-25 01:16:38
FLOW-0000002601,POL-00000396,CLM-00000657,CANCELLATION,PIX,PROCESSED,2024-05-30,2024-05-30,14064.08,14064.08,BRL,467.921.380-96,Pacheco Dias S.A.,da Paz,RR,2026-05-25 01:16:38
FLOW-0000002602,POL-00000333,CLM-00000827,COMMISSION,CREDIT_CARD,CANCELLED,2025-05-22,2025-05-24,6970.87,6970.87,BRL,075.941.632-06,Martins S/A,Fonseca do Galho,PE,2026-05-25 01:16:38
FLOW-0000002603,POL-00000471,CLM-00000316,REINSURANCE,DEBIT,FAILED,2024-05-27,2024-05-29,20916.3,0.0,BRL,536.278.904-00,Garcia Sampaio S.A.,Ferreira,MG,2026-05-25 01:16:38
FLOW-0000002604,POL-00000241,CLM-00000346,CANCELLATION,PIX,PROCESSED,2025-04-07,2025-04-11,12220.3,12220.3,BRL,106.745.938-39,Costela,Nunes da Prata,MG,2026-05-25 01:16:38
FLOW-0000002605,POL-00000129,CLM-00000645,COMMISSION,CREDIT_CARD,PENDING,2025-01-28,2025-02-02,12267.4,12267.4,BRL,679.380.254-29,Sá e Filhos,Barros de Ferreira,MA,2026-05-25 01:16:38
FLOW-0000002606,POL-00000161,CLM-00000950,REINSURANCE,CREDIT_CARD,PROCESSED,2025-02-08,2025-02-10,21875.05,21875.05,BRL,945.827.163-00,Siqueira e Filhos,Montenegro,RS,2026-05-25 01:16:38
FLOW-0000002607,POL-00000099,CLM-00000846,COMMISSION,CREDIT_CARD,FAILED,2025-07-20,2025-07-21,14172.07,0.0,BRL,908.145.276-20,Mendes,da Mota,GO,2026-05-25 01:16:38
FLOW-0000002608,POL-00000307,CLM-00000435,COMMISSION,BANK_SLIP,FAILED,2025-04-06,2025-04-10,16918.7,0.0,BRL,781.249.605-85,Aparecida,Mendes de Goiás,AC,2026-05-25 01:16:38
FLOW-0000002609,POL-00000098,CLM-00000704,CLAIM_PAYMENT,CREDIT_CARD,FAILED,2025-05-17,2025-05-21,22269.23,0.0,BRL,075.186.932-59,Oliveira Cavalcanti S/A,Silveira do Campo,RS,2026-05-25 01:16:38
FLOW-0000002610,POL-00000409,CLM-00000474,COMMISSION,BANK_TRANSFER,PROCESSED,2024-09-06,2024-09-11,13592.26,13592.26,BRL,649.235.810-42,da Rosa da Rosa - EI,Pereira do Oeste,RR,2026-05-25 01:16:38
FLOW-0000002611,POL-00000327,CLM-00000253,CANCELLATION,BANK_SLIP,FAILED,2025-05-14,2025-05-18,4376.72,0.0,BRL,468.520.913-33,Cavalcante Castro S.A.,Gonçalves Verde,TO,2026-05-25 01:16:38
FLOW-0000002612,POL-00000455,CLM-00000664,COMMISSION,DEBIT,PROCESSED,2026-05-07,2026-05-11,19759.13,19759.13,BRL,325.718.906-03,da Cunha Ltda.,Nascimento,BA,2026-05-25 01:16:38
FLOW-0000002613,POL-00000478,CLM-00000582,REFUND,DEBIT,FAILED,2024-12-12,2024-12-14,6178.56,0.0,BRL,079.431.652-25,Oliveira,Câmara,CE,2026-05-25 01:16:38
FLOW-0000002614,POL-00000130,CLM-00000128,COMMISSION,DEBIT,PENDING,2025-10-21,2025-10-25,8567.92,8567.92,BRL,729.638.014-40,Araújo,Barbosa das Pedras,MS,2026-05-25 01:16:38
FLOW-0000002615,POL-00000097,CLM-00000832,PREMIUM_PAYMENT,CREDIT_CARD,PENDING,2024-10-05,2024-10-09,24597.5,24597.5,BRL,318.679.502-86,Cunha,Pires,AC,2026-05-25 01:16:38
FLOW-0000002616,POL-00000262,CLM-00000582,REINSURANCE,DEBIT,FAILED,2024-07-30,2024-08-02,11396.28,0.0,BRL,910.234.687-78,Gonçalves Costa e Filhos,Almeida do Norte,AP,2026-05-25 01:16:38
FLOW-0000002617,POL-00000305,CLM-00000111,REFUND,DEBIT,CANCELLED,2025-02-28,2025-03-01,6679.25,6679.25,BRL,938.541.607-39,Novaes Araújo - ME,Cardoso,GO,2026-05-25 01:16:38
FLOW-0000002618,POL-00000093,CLM-00000126,PREMIUM_PAYMENT,CREDIT_CARD,PROCESSED,2025-10-14,2025-10-17,9702.77,9702.77,BRL,742.510.936-07,Cassiano S/A,Sampaio de Minas,PR,2026-05-25 01:16:38
FLOW-0000002619,POL-00000056,CLM-00000562,PREMIUM_PAYMENT,BANK_TRANSFER,FAILED,2025-11-16,2025-11-16,1073.81,0.0,BRL,968.527.403-74,Câmara Aparecida Ltda.,Ribeiro Grande,BA,2026-05-25 01:16:38
FLOW-0000002620,POL-00000105,CLM-00000041,PREMIUM_PAYMENT,BANK_TRANSFER,CANCELLED,2026-02-05,2026-02-07,3229.18,3229.18,BRL,509.246.831-98,Camargo,Costa das Flores,BA,2026-05-25 01:16:38
FLOW-0000002621,POL-00000146,CLM-00000441,COMMISSION,BANK_SLIP,FAILED,2025-04-18,2025-04-18,295.91,0.0,BRL,567.284.190-20,Vasconcelos,Rezende,MA,2026-05-25 01:16:38
FLOW-0000002622,POL-00000476,CLM-00000566,REINSURANCE,CREDIT_CARD,FAILED,2025-08-24,2025-08-25,5549.92,0.0,BRL,465.327.819-91,Barros - ME,Abreu Verde,RR,2026-05-25 01:16:38
FLOW-0000002623,POL-00000391,CLM-00000226,REINSURANCE,BANK_SLIP,FAILED,2025-02-08,2025-02-09,3834.99,0.0,BRL,954.371.028-79,da Mota Caldeira e Filhos,Lopes,AM,2026-05-25 01:16:38
FLOW-0000002624,POL-00000489,CLM-00000165,REINSURANCE,PIX,PENDING,2025-01-21,2025-01-24,5118.37,5118.37,BRL,150.793.864-01,Moreira da Cunha Ltda.,Vieira da Praia,SE,2026-05-25 01:16:38
FLOW-0000002625,POL-00000064,CLM-00000098,COMMISSION,BANK_SLIP,CANCELLED,2025-02-26,2025-03-02,18524.38,18524.38,BRL,712.560.934-16,Pimenta,Cunha,MG,2026-05-25 01:16:38
FLOW-0000002626,POL-00000457,CLM-00000178,REFUND,BANK_SLIP,PROCESSED,2024-12-16,2024-12-19,5563.29,5563.29,BRL,328.649.175-64,Sousa Lopes e Filhos,Novais do Amparo,AL,2026-05-25 01:16:38
FLOW-0000002627,POL-00000223,CLM-00000594,CLAIM_PAYMENT,BANK_TRANSFER,FAILED,2025-05-29,2025-05-31,2729.3,0.0,BRL,701.943.285-97,Moura Porto S/A,Rodrigues,PE,2026-05-25 01:16:38
FLOW-0000002628,POL-00000434,CLM-00000084,CLAIM_PAYMENT,DEBIT,PENDING,2025-09-09,2025-09-12,11181.82,11181.82,BRL,479.380.615-57,Barbosa - ME,das Neves da Prata,PE,2026-05-25 01:16:38
FLOW-0000002629,POL-00000436,CLM-00000630,CLAIM_PAYMENT,DEBIT,CANCELLED,2025-10-25,2025-10-30,11131.12,11131.12,BRL,796.085.421-11,Lopes Jesus - EI,Rocha das Pedras,PA,2026-05-25 01:16:38
FLOW-0000002630,POL-00000452,CLM-00000690,COMMISSION,DEBIT,PROCESSED,2025-07-17,2025-07-17,13554.55,13554.55,BRL,943.627.105-07,Melo - ME,Cavalcanti,RN,2026-05-25 01:16:38
FLOW-0000002631,POL-00000165,CLM-00000022,REINSURANCE,DEBIT,FAILED,2025-12-19,2025-12-22,19750.21,0.0,BRL,064.591.273-52,Leão Marques e Filhos,Martins do Amparo,RR,2026-05-25 01:16:38
FLOW-0000002632,POL-00000191,CLM-00000148,REFUND,PIX,PROCESSED,2025-09-07,2025-09-11,15410.16,15410.16,BRL,953.847.160-10,Fogaça,Barbosa,MG,2026-05-25 01:16:38
FLOW-0000002633,POL-00000087,CLM-00000807,CANCELLATION,DEBIT,CANCELLED,2026-03-24,2026-03-28,20931.65,20931.65,BRL,756.839.104-39,Sampaio,Oliveira,AC,2026-05-25 01:16:38
FLOW-0000002634,POL-00000141,CLM-00000255,COMMISSION,CREDIT_CARD,CANCELLED,2025-03-10,2025-03-11,5487.31,5487.31,BRL,407.928.563-92,Pacheco,Dias,RO,2026-05-25 01:16:38
FLOW-0000002635,POL-00000352,CLM-00000958,REFUND,BANK_TRANSFER,PENDING,2024-11-02,2024-11-03,9517.13,9517.13,BRL,832.947.510-79,Azevedo Ltda.,Macedo do Norte,ES,2026-05-25 01:16:38
FLOW-0000002636,POL-00000366,CLM-00000820,PREMIUM_PAYMENT,PIX,CANCELLED,2025-05-05,2025-05-06,16154.66,16154.66,BRL,410.297.368-04,Camargo,Albuquerque de Oliveira,RS,2026-05-25 01:16:38
FLOW-0000002637,POL-00000011,CLM-00000503,COMMISSION,DEBIT,CANCELLED,2025-07-17,2025-07-20,14312.83,14312.83,BRL,024.369.875-56,Borges Ltda.,Oliveira,RN,2026-05-25 01:16:38
FLOW-0000002638,POL-00000224,CLM-00000262,REFUND,CREDIT_CARD,PENDING,2024-10-23,2024-10-28,11160.92,11160.92,BRL,456.791.023-07,Freitas - ME,da Rocha da Mata,MG,2026-05-25 01:16:38
FLOW-0000002639,POL-00000081,CLM-00000173,COMMISSION,BANK_SLIP,CANCELLED,2026-03-19,2026-03-20,6764.58,6764.58,BRL,701.634.925-06,Cardoso,Carvalho das Pedras,GO,2026-05-25 01:16:38
FLOW-0000002640,POL-00000434,CLM-00000038,REINSURANCE,DEBIT,PROCESSED,2026-01-12,2026-01-16,16142.97,16142.97,BRL,468.152.097-76,Rezende S.A.,Novais de Minas,AL,2026-05-25 01:16:38
FLOW-0000002641,POL-00000363,CLM-00000938,CLAIM_PAYMENT,BANK_SLIP,PENDING,2025-03-26,2025-03-28,1247.06,1247.06,BRL,476.305.298-56,Cavalcanti,Ramos do Sul,RO,2026-05-25 01:16:38
FLOW-0000002642,POL-00000129,CLM-00000082,REINSURANCE,BANK_TRANSFER,PENDING,2025-10-08,2025-10-08,15405.48,15405.48,BRL,354.062.179-25,Carvalho Fonseca - EI,Abreu,AC,2026-05-25 01:16:38
FLOW-0000002643,POL-00000440,CLM-00000447,COMMISSION,CREDIT_CARD,PROCESSED,2024-12-19,2024-12-21,11354.87,11354.87,BRL,514.730.982-97,Porto da Rosa - EI,Casa Grande das Pedras,MG,2026-05-25 01:16:38
FLOW-0000002644,POL-00000267,CLM-00000069,COMMISSION,BANK_SLIP,PROCESSED,2026-04-28,2026-04-29,5765.76,5765.76,BRL,473.861.592-00,Fogaça,Andrade,PR,2026-05-25 01:16:38
FLOW-0000002645,POL-00000148,CLM-00000562,REINSURANCE,DEBIT,PROCESSED,2025-11-18,2025-11-18,15542.57,15542.57,BRL,469.013.782-03,Borges Duarte S.A.,Ferreira,MG,2026-05-25 01:16:38
FLOW-0000002646,POL-00000414,CLM-00000985,CLAIM_PAYMENT,BANK_SLIP,PENDING,2026-01-13,2026-01-16,22378.3,22378.3,BRL,836.021.795-59,Santos Ltda.,da Cruz,RS,2026-05-25 01:16:38
FLOW-0000002647,POL-00000138,CLM-00000837,PREMIUM_PAYMENT,BANK_SLIP,PENDING,2025-06-13,2025-06-17,17827.6,17827.6,BRL,716.295.843-55,Porto,Fonseca,ES,2026-05-25 01:16:38
FLOW-0000002648,POL-00000371,CLM-00000184,REFUND,BANK_SLIP,FAILED,2026-03-20,2026-03-24,3147.23,0.0,BRL,315.976.842-28,Gomes,Rocha de Machado,RJ,2026-05-25 01:16:38
FLOW-0000002649,POL-00000167,CLM-00000876,CLAIM_PAYMENT,BANK_SLIP,PENDING,2024-09-01,2024-09-05,23307.15,23307.15,BRL,324.958.671-46,Rocha Duarte S.A.,Moreira,AP,2026-05-25 01:16:38
FLOW-0000002650,POL-00000202,CLM-00000139,PREMIUM_PAYMENT,BANK_SLIP,PENDING,2026-05-24,2026-05-26,12855.49,12855.49,BRL,710.953.286-03,Garcia,Fonseca do Galho,RN,2026-05-25 01:16:38
FLOW-0000002651,POL-00000442,CLM-00000624,CLAIM_PAYMENT,CREDIT_CARD,PROCESSED,2025-04-16,2025-04-16,11753.22,11753.22,BRL,745.869.120-49,Novais,Rios,RS,2026-05-25 01:16:38
FLOW-0000002652,POL-00000233,CLM-00000180,REFUND,PIX,PROCESSED,2025-07-26,2025-07-30,19589.78,19589.78,BRL,690.457.183-75,Nogueira - ME,Moraes,BA,2026-05-25 01:16:38
FLOW-0000002653,POL-00000035,CLM-00000387,CANCELLATION,BANK_SLIP,PENDING,2025-10-06,2025-10-11,6242.96,6242.96,BRL,649.817.325-46,Vieira - EI,Sales do Norte,PA,2026-05-25 01:16:38
FLOW-0000002654,POL-00000347,CLM-00000773,REINSURANCE,DEBIT,CANCELLED,2026-05-22,2026-05-22,7215.7,7215.7,BRL,483.519.207-97,Andrade,Sousa do Oeste,RJ,2026-05-25 01:16:38
FLOW-0000002655,POL-00000493,CLM-00000663,REFUND,BANK_TRANSFER,CANCELLED,2024-09-18,2024-09-22,13559.65,13559.65,BRL,963.821.457-00,Nascimento Guerra - ME,Araújo de Cardoso,ES,2026-05-25 01:16:38
FLOW-0000002656,POL-00000385,CLM-00000258,REINSURANCE,BANK_TRANSFER,CANCELLED,2026-03-03,2026-03-05,19670.3,19670.3,BRL,729.350.641-43,Duarte Ltda.,da Cunha,MS,2026-05-25 01:16:38
FLOW-0000002657,POL-00000413,CLM-00000038,REFUND,BANK_SLIP,PROCESSED,2025-08-23,2025-08-26,4214.04,4214.04,BRL,852.413.607-35,Araújo,Albuquerque,DF,2026-05-25 01:16:38
FLOW-0000002658,POL-00000060,CLM-00000619,COMMISSION,DEBIT,FAILED,2025-01-30,2025-01-30,15014.97,0.0,BRL,589.724.306-92,da Rosa,Novaes Paulista,SC,2026-05-25 01:16:38
FLOW-0000002659,POL-00000162,CLM-00000499,COMMISSION,BANK_SLIP,PENDING,2025-02-15,2025-02-18,9429.81,9429.81,BRL,647.598.201-67,Campos,Novais Alegre,AL,2026-05-25 01:16:38
FLOW-0000002660,POL-00000231,CLM-00000886,CANCELLATION,BANK_TRANSFER,PROCESSED,2026-04-29,2026-04-29,5428.48,5428.48,BRL,417.580.962-76,Almeida Montenegro e Filhos,Teixeira Grande,BA,2026-05-25 01:16:38
FLOW-0000002661,POL-00000126,CLM-00000146,COMMISSION,PIX,CANCELLED,2025-01-05,2025-01-10,3539.14,3539.14,BRL,029.164.735-99,Vargas - ME,Novais,SC,2026-05-25 01:16:38
FLOW-0000002662,POL-00000205,CLM-00000478,COMMISSION,DEBIT,CANCELLED,2024-12-03,2024-12-04,22596.41,22596.41,BRL,314.208.956-05,Macedo Viana e Filhos,Rios do Amparo,SE,2026-05-25 01:16:38
FLOW-0000002663,POL-00000213,CLM-00000983,REFUND,PIX,PROCESSED,2025-09-10,2025-09-12,22065.47,22065.47,BRL,390.652.841-33,Aragão,Mendes da Serra,BA,2026-05-25 01:16:38
FLOW-0000002664,POL-00000152,CLM-00000384,CANCELLATION,PIX,PENDING,2025-04-24,2025-04-25,23695.75,23695.75,BRL,827.349.061-04,Macedo da Conceição S/A,da Paz,CE,2026-05-25 01:16:38
FLOW-0000002665,POL-00000040,CLM-00000613,REFUND,CREDIT_CARD,CANCELLED,2025-08-29,2025-08-31,11653.98,11653.98,BRL,049.136.785-66,Farias Ltda.,Abreu,AP,2026-05-25 01:16:38
FLOW-0000002666,POL-00000021,CLM-00000957,REINSURANCE,DEBIT,CANCELLED,2024-11-08,2024-11-10,20536.3,20536.3,BRL,146.839.725-73,Montenegro,Rodrigues,MT,2026-05-25 01:16:38
FLOW-0000002667,POL-00000473,CLM-00000519,CLAIM_PAYMENT,BANK_SLIP,FAILED,2026-02-06,2026-02-06,8844.44,0.0,BRL,728.651.349-46,Carvalho Marques e Filhos,Rezende,PB,2026-05-25 01:16:38
FLOW-0000002668,POL-00000031,CLM-00000026,CLAIM_PAYMENT,BANK_TRANSFER,FAILED,2025-04-14,2025-04-14,24802.88,0.0,BRL,718.543.620-62,Montenegro - EI,Cardoso da Serra,CE,2026-05-25 01:16:38
FLOW-0000002669,POL-00000230,CLM-00000414,COMMISSION,CREDIT_CARD,PENDING,2025-06-15,2025-06-16,15785.33,15785.33,BRL,986.371.405-48,Casa Grande - EI,Duarte,PE,2026-05-25 01:16:38
FLOW-0000002670,POL-00000146,CLM-00000377,REINSURANCE,PIX,FAILED,2025-02-04,2025-02-08,11534.26,0.0,BRL,794.621.085-01,Mendes,Souza,AC,2026-05-25 01:16:38
FLOW-0000002671,POL-00000222,CLM-00000782,REFUND,BANK_TRANSFER,CANCELLED,2025-03-31,2025-04-04,14661.25,14661.25,BRL,723.491.086-78,Mendes S.A.,Leão da Praia,MT,2026-05-25 01:16:38
FLOW-0000002672,POL-00000496,CLM-00000158,REINSURANCE,DEBIT,PENDING,2025-04-06,2025-04-06,16674.68,16674.68,BRL,931.750.628-30,Cunha Cavalcante Ltda.,Barbosa de Mendes,SE,2026-05-25 01:16:38
FLOW-0000002673,POL-00000074,CLM-00000146,REFUND,BANK_SLIP,FAILED,2024-12-02,2024-12-04,16532.38,0.0,BRL,023.846.591-89,Azevedo,Macedo do Campo,RO,2026-05-25 01:16:38
FLOW-0000002674,POL-00000113,CLM-00000043,COMMISSION,PIX,CANCELLED,2025-11-26,2025-11-26,15441.02,15441.02,BRL,748.356.219-64,da Mata S.A.,Correia do Galho,PI,2026-05-25 01:16:38
FLOW-0000002675,POL-00000215,CLM-00000583,CLAIM_PAYMENT,BANK_SLIP,PROCESSED,2026-01-06,2026-01-08,352.26,352.26,BRL,093.142.876-96,Porto Lopes S/A,Cavalcante de Fernandes,SC,2026-05-25 01:16:38
FLOW-0000002676,POL-00000281,CLM-00000582,CLAIM_PAYMENT,CREDIT_CARD,CANCELLED,2025-11-23,2025-11-26,19996.82,19996.82,BRL,273.864.509-74,Siqueira Ltda.,Melo da Serra,RO,2026-05-25 01:16:38
FLOW-0000002677,POL-00000440,CLM-00000039,PREMIUM_PAYMENT,CREDIT_CARD,PROCESSED,2025-04-10,2025-04-11,64.15,64.15,BRL,628.795.431-00,Almeida,Pimenta,MA,2026-05-25 01:16:38
FLOW-0000002678,POL-00000240,CLM-00000938,PREMIUM_PAYMENT,BANK_SLIP,PROCESSED,2025-01-13,2025-01-18,12092.48,12092.48,BRL,286.915.407-02,Nogueira da Costa S/A,Guerra de Goiás,SC,2026-05-25 01:16:38
FLOW-0000002679,POL-00000416,CLM-00000921,PREMIUM_PAYMENT,CREDIT_CARD,CANCELLED,2025-09-13,2025-09-18,12362.38,12362.38,BRL,562.908.437-29,Pires,Barbosa de Viana,GO,2026-05-25 01:16:38
FLOW-0000002680,POL-00000490,CLM-00000980,COMMISSION,CREDIT_CARD,CANCELLED,2025-08-05,2025-08-09,18211.65,18211.65,BRL,352.801.479-23,Jesus - EI,Pires,PE,2026-05-25 01:16:38
FLOW-0000002681,POL-00000324,CLM-00000681,CANCELLATION,CREDIT_CARD,FAILED,2025-04-12,2025-04-16,13986.29,0.0,BRL,753.129.804-04,Montenegro - EI,Fonseca,PI,2026-05-25 01:16:38
FLOW-0000002682,POL-00000413,CLM-00000609,CANCELLATION,BANK_SLIP,FAILED,2025-11-02,2025-11-06,3932.18,0.0,BRL,071.394.825-60,Monteiro - EI,Monteiro,PI,2026-05-25 01:16:38
FLOW-0000002683,POL-00000140,CLM-00000337,REFUND,BANK_TRANSFER,CANCELLED,2025-02-15,2025-02-16,20382.55,20382.55,BRL,108.637.529-77,Silva,Nascimento do Norte,PB,2026-05-25 01:16:38
FLOW-0000002684,POL-00000027,CLM-00000975,CANCELLATION,BANK_TRANSFER,CANCELLED,2024-06-24,2024-06-26,12496.92,12496.92,BRL,271.630.495-52,Ferreira,Fogaça do Campo,BA,2026-05-25 01:16:38
FLOW-0000002685,POL-00000422,CLM-00000152,COMMISSION,BANK_TRANSFER,PENDING,2025-12-24,2025-12-26,20051.76,20051.76,BRL,891.637.025-68,Fernandes,Macedo de Minas,MS,2026-05-25 01:16:38
FLOW-0000002686,POL-00000238,CLM-00000927,CLAIM_PAYMENT,BANK_SLIP,PROCESSED,2026-04-27,2026-04-28,21119.98,21119.98,BRL,461.825.397-55,Sá,Monteiro,MT,2026-05-25 01:16:38
FLOW-0000002687,POL-00000212,CLM-00000761,REINSURANCE,DEBIT,FAILED,2025-08-17,2025-08-17,17449.67,0.0,BRL,372.860.145-44,Lima Cassiano S/A,Nunes Alegre,MT,2026-05-25 01:16:38
FLOW-0000002688,POL-00000125,CLM-00000167,COMMISSION,BANK_TRANSFER,PENDING,2026-04-30,2026-05-03,14185.99,14185.99,BRL,496.520.738-65,Montenegro,da Rosa,RN,2026-05-25 01:16:38
FLOW-0000002689,POL-00000397,CLM-00000322,CANCELLATION,PIX,PENDING,2025-11-13,2025-11-16,23714.87,23714.87,BRL,186.725.043-80,Barros,Barros dos Dourados,GO,2026-05-25 01:16:38
FLOW-0000002690,POL-00000213,CLM-00000485,REFUND,PIX,PROCESSED,2025-11-22,2025-11-25,10177.82,10177.82,BRL,567.902.413-61,da Conceição Ltda.,Nascimento,SE,2026-05-25 01:16:38
FLOW-0000002691,POL-00000121,CLM-00000499,PREMIUM_PAYMENT,DEBIT,FAILED,2026-01-01,2026-01-03,23442.97,0.0,BRL,274.809.536-74,Lima,Moura,SE,2026-05-25 01:16:38
FLOW-0000002692,POL-00000435,CLM-00000241,REFUND,CREDIT_CARD,CANCELLED,2025-11-07,2025-11-10,14731.16,14731.16,BRL,384.506.297-56,da Mota,Rocha de Minas,MG,2026-05-25 01:16:38
FLOW-0000002693,POL-00000082,CLM-00000613,CLAIM_PAYMENT,CREDIT_CARD,FAILED,2026-04-26,2026-04-27,15283.79,0.0,BRL,965.837.014-48,Azevedo,Moraes,PE,2026-05-25 01:16:38
FLOW-0000002694,POL-00000043,CLM-00000085,PREMIUM_PAYMENT,PIX,PENDING,2025-08-25,2025-08-29,9452.35,9452.35,BRL,576.091.324-70,Vieira,Azevedo,AP,2026-05-25 01:16:38
FLOW-0000002695,POL-00000479,CLM-00000994,REFUND,BANK_SLIP,PENDING,2025-03-20,2025-03-21,13532.24,13532.24,BRL,975.182.406-02,Nascimento Lopes S/A,Albuquerque de Correia,AP,2026-05-25 01:16:38
FLOW-0000002696,POL-00000069,CLM-00000299,CLAIM_PAYMENT,CREDIT_CARD,PENDING,2025-03-08,2025-03-08,102.08,102.08,BRL,791.408.256-20,Montenegro,Freitas da Serra,RN,2026-05-25 01:16:38
FLOW-0000002697,POL-00000342,CLM-00000586,CANCELLATION,PIX,FAILED,2025-07-25,2025-07-30,17157.26,0.0,BRL,198.460.723-50,Rocha,Lopes da Serra,ES,2026-05-25 01:16:38
FLOW-0000002698,POL-00000052,CLM-00000040,COMMISSION,BANK_TRANSFER,FAILED,2026-01-19,2026-01-19,4172.28,0.0,BRL,728.015.346-17,Peixoto - EI,das Neves,PE,2026-05-25 01:16:38
FLOW-0000002699,POL-00000421,CLM-00000945,REINSURANCE,BANK_SLIP,PENDING,2026-02-22,2026-02-22,24705.21,24705.21,BRL,075.469.318-00,Carvalho,Gomes Alegre,PR,2026-05-25 01:16:38
FLOW-0000002700,POL-00000137,CLM-00000608,REFUND,CREDIT_CARD,PENDING,2026-02-12,2026-02-13,22431.55,22431.55,BRL,647.923.501-07,Fernandes,da Costa,RR,2026-05-25 01:16:38
FLOW-0000002701,POL-00000071,CLM-00000067,PREMIUM_PAYMENT,DEBIT,FAILED,2025-11-02,2025-11-06,20929.4,0.0,BRL,586.419.237-64,das Neves e Filhos,Moura,TO,2026-05-25 01:16:38
FLOW-0000002702,POL-00000255,CLM-00000622,CLAIM_PAYMENT,BANK_SLIP,PENDING,2026-03-10,2026-03-14,21317.27,21317.27,BRL,812.746.390-69,Lima Albuquerque - ME,Silveira do Campo,PE,2026-05-25 01:16:38
FLOW-0000002703,POL-00000341,CLM-00000167,REFUND,DEBIT,FAILED,2024-06-23,2024-06-28,7128.24,0.0,BRL,903.641.857-75,Costa,Rios,RR,2026-05-25 01:16:38
FLOW-0000002704,POL-00000151,CLM-00000670,REINSURANCE,DEBIT,FAILED,2026-01-04,2026-01-07,9000.86,0.0,BRL,856.709.432-10,Jesus - ME,Azevedo dos Dourados,PI,2026-05-25 01:16:38
FLOW-0000002705,POL-00000342,CLM-00000335,CLAIM_PAYMENT,BANK_SLIP,FAILED,2026-03-24,2026-03-27,20183.8,0.0,BRL,592.043.786-38,Cavalcante,Ramos,PR,2026-05-25 01:16:38
FLOW-0000002706,POL-00000019,CLM-00000082,CANCELLATION,PIX,PROCESSED,2025-06-10,2025-06-11,11559.1,11559.1,BRL,792.153.460-07,Silveira,Dias,MT,2026-05-25 01:16:38
FLOW-0000002707,POL-00000230,CLM-00000130,CLAIM_PAYMENT,BANK_SLIP,PENDING,2024-06-17,2024-06-21,21884.78,21884.78,BRL,273.069.485-47,Martins da Mata S.A.,Correia,RN,2026-05-25 01:16:38
FLOW-0000002708,POL-00000297,CLM-00000245,COMMISSION,DEBIT,FAILED,2025-05-12,2025-05-17,1882.38,0.0,BRL,029.645.173-80,Monteiro,Costa,AL,2026-05-25 01:16:38
FLOW-0000002709,POL-00000480,CLM-00000727,CANCELLATION,BANK_SLIP,FAILED,2024-08-16,2024-08-19,10276.52,0.0,BRL,146.935.027-07,da Luz - ME,Moraes de Rios,GO,2026-05-25 01:16:38
FLOW-0000002710,POL-00000201,CLM-00000197,COMMISSION,CREDIT_CARD,PROCESSED,2024-10-29,2024-11-01,16421.73,16421.73,BRL,549.806.273-74,das Neves,Campos,AL,2026-05-25 01:16:38
FLOW-0000002711,POL-00000096,CLM-00000833,COMMISSION,DEBIT,CANCELLED,2025-01-31,2025-01-31,1270.36,1270.36,BRL,517.940.283-23,Aragão Moura - EI,Pinto,PR,2026-05-25 01:16:38
FLOW-0000002712,POL-00000231,CLM-00000137,REFUND,CREDIT_CARD,FAILED,2026-05-05,2026-05-08,16475.32,0.0,BRL,467.928.051-49,Silveira Peixoto - ME,Costela,DF,2026-05-25 01:16:38
FLOW-0000002713,POL-00000491,CLM-00000938,REFUND,BANK_TRANSFER,FAILED,2025-10-04,2025-10-09,24169.09,0.0,BRL,921.483.567-55,Correia,Ramos do Norte,RO,2026-05-25 01:16:38
FLOW-0000002714,POL-00000213,CLM-00000096,CLAIM_PAYMENT,DEBIT,FAILED,2024-11-29,2024-12-04,4639.85,0.0,BRL,173.042.568-26,da Mota,Aparecida,ES,2026-05-25 01:16:38
FLOW-0000002715,POL-00000263,CLM-00000619,CLAIM_PAYMENT,DEBIT,PROCESSED,2025-04-10,2025-04-12,3746.79,3746.79,BRL,278.596.041-67,Campos Fonseca - ME,Teixeira,PB,2026-05-25 01:16:38
FLOW-0000002716,POL-00000214,CLM-00000040,CANCELLATION,PIX,PROCESSED,2025-05-03,2025-05-05,22687.31,22687.31,BRL,945.076.128-02,Alves da Luz Ltda.,da Mota do Amparo,PI,2026-05-25 01:16:38
FLOW-0000002717,POL-00000173,CLM-00000003,COMMISSION,PIX,FAILED,2025-08-19,2025-08-24,9050.15,0.0,BRL,542.789.601-58,Oliveira,Jesus,SC,2026-05-25 01:16:38
FLOW-0000002718,POL-00000109,CLM-00000152,REINSURANCE,CREDIT_CARD,PROCESSED,2025-04-14,2025-04-17,19300.62,19300.62,BRL,149.378.502-88,Cavalcanti,Cavalcanti,AL,2026-05-25 01:16:38
FLOW-0000002719,POL-00000272,CLM-00000401,CANCELLATION,BANK_TRANSFER,FAILED,2024-09-02,2024-09-07,16483.71,0.0,BRL,235.109.748-32,Fonseca Novais S.A.,da Mota Alegre,TO,2026-05-25 01:16:38
FLOW-0000002720,POL-00000223,CLM-00000789,REINSURANCE,PIX,PROCESSED,2026-01-15,2026-01-19,15330.97,15330.97,BRL,795.038.614-20,Leão,Caldeira da Praia,SC,2026-05-25 01:16:38
FLOW-0000002721,POL-00000276,CLM-00000774,REINSURANCE,DEBIT,FAILED,2025-01-01,2025-01-04,24105.36,0.0,BRL,816.247.350-53,Viana,Moreira,RO,2026-05-25 01:16:38
FLOW-0000002722,POL-00000302,CLM-00000643,PREMIUM_PAYMENT,PIX,CANCELLED,2025-04-03,2025-04-03,7147.92,7147.92,BRL,250.876.139-77,Peixoto S/A,da Mota da Praia,BA,2026-05-25 01:16:38
FLOW-0000002723,POL-00000469,CLM-00000906,REFUND,BANK_TRANSFER,CANCELLED,2024-06-04,2024-06-07,20747.34,20747.34,BRL,296.047.513-52,Camargo Andrade e Filhos,da Cruz,BA,2026-05-25 01:16:38
FLOW-0000002724,POL-00000231,CLM-00000272,COMMISSION,CREDIT_CARD,PROCESSED,2024-08-26,2024-08-30,5812.08,5812.08,BRL,690.318.752-95,Sampaio Sampaio S/A,Moura do Oeste,GO,2026-05-25 01:16:38
FLOW-0000002725,POL-00000203,CLM-00000272,CLAIM_PAYMENT,PIX,FAILED,2025-02-22,2025-02-27,21311.51,0.0,BRL,583.470.961-39,Fogaça Campos Ltda.,Caldeira,RN,2026-05-25 01:16:38
FLOW-0000002726,POL-00000123,CLM-00000407,CLAIM_PAYMENT,PIX,CANCELLED,2024-12-10,2024-12-14,5769.06,5769.06,BRL,580.714.293-41,Moura Costa Ltda.,da Paz de Lima,SE,2026-05-25 01:16:38
FLOW-0000002727,POL-00000275,CLM-00000834,PREMIUM_PAYMENT,BANK_TRANSFER,FAILED,2024-12-13,2024-12-16,1241.71,0.0,BRL,475.126.039-16,Novaes S.A.,Teixeira das Flores,BA,2026-05-25 01:16:38
FLOW-0000002728,POL-00000394,CLM-00000615,CANCELLATION,PIX,FAILED,2024-09-09,2024-09-12,457.77,0.0,BRL,705.246.183-80,da Costa - ME,Nunes,AL,2026-05-25 01:16:38
FLOW-0000002729,POL-00000400,CLM-00000119,CLAIM_PAYMENT,BANK_SLIP,FAILED,2026-05-22,2026-05-25,24722.27,0.0,BRL,968.753.412-55,Moreira,Garcia,RO,2026-05-25 01:16:38
FLOW-0000002730,POL-00000280,CLM-00000672,COMMISSION,BANK_SLIP,PROCESSED,2024-11-22,2024-11-25,14040.83,14040.83,BRL,614.290.385-51,da Mata,Teixeira,PB,2026-05-25 01:16:38
FLOW-0000002731,POL-00000332,CLM-00000252,PREMIUM_PAYMENT,DEBIT,FAILED,2025-05-23,2025-05-23,17142.85,0.0,BRL,793.082.415-23,Albuquerque S/A,Ferreira,ES,2026-05-25 01:16:38
FLOW-0000002732,POL-00000087,CLM-00000674,CANCELLATION,CREDIT_CARD,FAILED,2025-09-07,2025-09-07,2531.53,0.0,BRL,740.958.612-58,Brito Araújo S.A.,Abreu,BA,2026-05-25 01:16:38
FLOW-0000002733,POL-00000105,CLM-00000747,CLAIM_PAYMENT,BANK_SLIP,CANCELLED,2025-05-22,2025-05-27,6464.46,6464.46,BRL,012.947.856-30,Moura,Garcia,PE,2026-05-25 01:16:38
FLOW-0000002734,POL-00000278,CLM-00000709,COMMISSION,BANK_TRANSFER,FAILED,2025-09-06,2025-09-08,2485.23,0.0,BRL,693.218.504-06,Peixoto,Araújo,AM,2026-05-25 01:16:38
FLOW-0000002735,POL-00000437,CLM-00000960,CLAIM_PAYMENT,PIX,PENDING,2025-06-04,2025-06-09,1761.31,1761.31,BRL,495.607.382-83,Rodrigues - ME,da Paz do Amparo,PA,2026-05-25 01:16:38
FLOW-0000002736,POL-00000059,CLM-00000784,COMMISSION,DEBIT,PROCESSED,2025-11-22,2025-11-23,1696.26,1696.26,BRL,512.673.948-46,Martins,Costela,DF,2026-05-25 01:16:38
FLOW-0000002737,POL-00000262,CLM-00000126,REINSURANCE,DEBIT,CANCELLED,2025-06-28,2025-06-30,3079.9,3079.9,BRL,423.869.170-96,Casa Grande,Rezende do Campo,RR,2026-05-25 01:16:38
FLOW-0000002738,POL-00000404,CLM-00000095,PREMIUM_PAYMENT,CREDIT_CARD,FAILED,2024-11-30,2024-12-05,15378.43,0.0,BRL,596.318.240-98,Moreira,Câmara,PE,2026-05-25 01:16:38
FLOW-0000002739,POL-00000372,CLM-00000019,CLAIM_PAYMENT,BANK_TRANSFER,FAILED,2025-10-28,2025-10-29,9727.62,0.0,BRL,402.751.983-32,Ribeiro,Ribeiro de Costela,SC,2026-05-25 01:16:38
FLOW-0000002740,POL-00000176,CLM-00000165,CLAIM_PAYMENT,BANK_TRANSFER,PROCESSED,2024-12-25,2024-12-25,24803.47,24803.47,BRL,815.049.726-94,Campos,Vieira de Lopes,RS,2026-05-25 01:16:38
FLOW-0000002741,POL-00000016,CLM-00000349,REFUND,DEBIT,FAILED,2025-08-28,2025-09-02,13393.49,0.0,BRL,802.195.476-02,Abreu Silveira S.A.,Moura,DF,2026-05-25 01:16:38
FLOW-0000002742,POL-00000109,CLM-00000172,REINSURANCE,BANK_SLIP,CANCELLED,2025-04-24,2025-04-27,2634.06,2634.06,BRL,804.519.623-89,Ribeiro S.A.,Andrade,RR,2026-05-25 01:16:38
FLOW-0000002743,POL-00000500,CLM-00000763,REINSURANCE,BANK_SLIP,PENDING,2026-05-02,2026-05-06,15955.36,15955.36,BRL,735.290.168-02,Santos Pimenta Ltda.,Cunha,SP,2026-05-25 01:16:38
FLOW-0000002744,POL-00000199,CLM-00000330,REFUND,CREDIT_CARD,CANCELLED,2024-10-30,2024-11-04,23348.22,23348.22,BRL,710.346.859-10,Andrade S.A.,da Luz,CE,2026-05-25 01:16:38
FLOW-0000002745,POL-00000097,CLM-00000004,PREMIUM_PAYMENT,BANK_TRANSFER,CANCELLED,2026-01-22,2026-01-23,22504.26,22504.26,BRL,903.618.574-20,Ferreira Sousa Ltda.,da Luz do Sul,PE,2026-05-25 01:16:38
FLOW-0000002746,POL-00000333,CLM-00000347,CANCELLATION,DEBIT,FAILED,2024-12-03,2024-12-05,477.18,0.0,BRL,952.468.713-55,Carvalho da Cunha e Filhos,Fogaça de Caldeira,MT,2026-05-25 01:16:38
FLOW-0000002747,POL-00000044,CLM-00000138,COMMISSION,PIX,CANCELLED,2025-12-31,2026-01-05,20946.1,20946.1,BRL,985.401.276-01,Aparecida Ltda.,Aragão de Pires,BA,2026-05-25 01:16:38
FLOW-0000002748,POL-00000243,CLM-00000507,PREMIUM_PAYMENT,BANK_TRANSFER,PROCESSED,2025-04-28,2025-05-02,13036.83,13036.83,BRL,964.521.073-99,da Paz Vieira e Filhos,Moreira do Norte,RO,2026-05-25 01:16:38
FLOW-0000002749,POL-00000320,CLM-00000831,COMMISSION,PIX,PENDING,2026-01-16,2026-01-20,18161.3,18161.3,BRL,354.879.016-00,Garcia Cunha e Filhos,Garcia,DF,2026-05-25 01:16:38
FLOW-0000002750,POL-00000151,CLM-00000040,COMMISSION,PIX,CANCELLED,2025-07-08,2025-07-13,7960.82,7960.82,BRL,965.812.307-40,Nogueira Ribeiro - EI,Rezende dos Dourados,PE,2026-05-25 01:16:38
FLOW-0000002751,POL-00000357,CLM-00000265,CANCELLATION,DEBIT,PROCESSED,2026-04-29,2026-04-29,23479.26,23479.26,BRL,695.417.803-93,Ramos,Ramos,AP,2026-05-25 01:16:38
FLOW-0000002752,POL-00000500,CLM-00000544,REFUND,CREDIT_CARD,PENDING,2024-07-06,2024-07-07,7052.67,7052.67,BRL,978.065.341-48,Alves,Macedo,GO,2026-05-25 01:16:38
FLOW-0000002753,POL-00000209,CLM-00000024,CANCELLATION,PIX,FAILED,2025-06-09,2025-06-09,12482.26,0.0,BRL,724.365.918-73,Novais,Vasconcelos de Lopes,SC,2026-05-25 01:16:38
FLOW-0000002754,POL-00000446,CLM-00000141,CANCELLATION,BANK_TRANSFER,PENDING,2025-12-26,2025-12-28,8227.46,8227.46,BRL,432.980.165-51,Sampaio S.A.,Cassiano das Flores,MG,2026-05-25 01:16:38
FLOW-0000002755,POL-00000059,CLM-00000098,PREMIUM_PAYMENT,CREDIT_CARD,FAILED,2024-10-18,2024-10-22,15008.67,0.0,BRL,273.041.896-22,da Conceição e Filhos,Viana,PB,2026-05-25 01:16:38
FLOW-0000002756,POL-00000296,CLM-00000218,PREMIUM_PAYMENT,BANK_TRANSFER,PROCESSED,2025-06-20,2025-06-22,7991.88,7991.88,BRL,045.182.739-23,Abreu - EI,Dias das Pedras,MT,2026-05-25 01:16:38
FLOW-0000002757,POL-00000431,CLM-00000779,COMMISSION,BANK_TRANSFER,FAILED,2025-04-02,2025-04-02,5826.41,0.0,BRL,491.502.873-97,Campos Vieira S.A.,Rodrigues,PI,2026-05-25 01:16:38
FLOW-0000002758,POL-00000465,CLM-00000566,PREMIUM_PAYMENT,CREDIT_CARD,FAILED,2025-11-07,2025-11-11,22828.68,0.0,BRL,642.530.178-35,Cunha,Azevedo,RN,2026-05-25 01:16:38
FLOW-0000002759,POL-00000471,CLM-00000900,PREMIUM_PAYMENT,DEBIT,FAILED,2025-11-13,2025-11-13,22388.38,0.0,BRL,142.857.639-82,Oliveira Siqueira Ltda.,Câmara do Sul,PE,2026-05-25 01:16:38
FLOW-0000002760,POL-00000071,CLM-00000071,COMMISSION,PIX,PENDING,2025-10-17,2025-10-17,16464.54,16464.54,BRL,693.285.401-51,Sousa,Azevedo da Praia,ES,2026-05-25 01:16:38
FLOW-0000002761,POL-00000241,CLM-00000829,REFUND,CREDIT_CARD,PENDING,2025-11-30,2025-12-04,150.04,150.04,BRL,902.415.837-05,Garcia - ME,Silveira Paulista,PA,2026-05-25 01:16:38
FLOW-0000002762,POL-00000303,CLM-00000963,COMMISSION,BANK_TRANSFER,PROCESSED,2026-02-12,2026-02-15,13572.01,13572.01,BRL,795.812.643-37,Garcia Dias - ME,Sampaio Paulista,MT,2026-05-25 01:16:38
FLOW-0000002763,POL-00000333,CLM-00000941,CLAIM_PAYMENT,BANK_TRANSFER,PROCESSED,2024-08-01,2024-08-02,2096.12,2096.12,BRL,204.516.379-25,Novaes Azevedo - ME,Pacheco,AP,2026-05-25 01:16:38
FLOW-0000002764,POL-00000241,CLM-00000224,CANCELLATION,BANK_SLIP,PENDING,2025-04-06,2025-04-11,21673.97,21673.97,BRL,765.892.103-30,das Neves - ME,Viana Verde,MA,2026-05-25 01:16:38
FLOW-0000002765,POL-00000209,CLM-00000006,CANCELLATION,BANK_TRANSFER,PROCESSED,2024-09-15,2024-09-16,18459.65,18459.65,BRL,961.340.752-99,Rios,Campos do Norte,MS,2026-05-25 01:16:38
FLOW-0000002766,POL-00000253,CLM-00000561,CANCELLATION,BANK_SLIP,PROCESSED,2025-09-04,2025-09-06,14438.43,14438.43,BRL,431.756.892-64,Silveira S/A,Brito do Campo,PB,2026-05-25 01:16:38
FLOW-0000002767,POL-00000099,CLM-00000845,REINSURANCE,BANK_TRANSFER,CANCELLED,2024-08-11,2024-08-11,10771.59,10771.59,BRL,370.165.892-77,Viana - EI,Vasconcelos,AC,2026-05-25 01:16:38
FLOW-0000002768,POL-00000467,CLM-00000593,REFUND,CREDIT_CARD,CANCELLED,2025-04-21,2025-04-23,8639.48,8639.48,BRL,387.095.214-88,Gomes Santos S/A,Barbosa,SC,2026-05-25 01:16:38
FLOW-0000002769,POL-00000131,CLM-00000664,PREMIUM_PAYMENT,BANK_TRANSFER,CANCELLED,2024-07-13,2024-07-15,6263.32,6263.32,BRL,234.791.085-04,Almeida,Carvalho dos Dourados,AL,2026-05-25 01:16:38
FLOW-0000002770,POL-00000303,CLM-00000196,PREMIUM_PAYMENT,CREDIT_CARD,CANCELLED,2026-03-25,2026-03-28,86.24,86.24,BRL,327.846.095-29,Andrade e Filhos,Abreu de Ferreira,ES,2026-05-25 01:16:38
FLOW-0000002771,POL-00000496,CLM-00000688,CLAIM_PAYMENT,BANK_SLIP,PENDING,2025-06-03,2025-06-08,3248.37,3248.37,BRL,089.463.517-48,Viana,Porto de Rodrigues,PE,2026-05-25 01:16:38
FLOW-0000002772,POL-00000382,CLM-00000048,CLAIM_PAYMENT,PIX,PROCESSED,2025-10-13,2025-10-14,17791.15,17791.15,BRL,849.216.075-67,Marques S/A,Gonçalves do Oeste,AP,2026-05-25 01:16:38
FLOW-0000002773,POL-00000492,CLM-00000116,CLAIM_PAYMENT,BANK_TRANSFER,FAILED,2024-07-16,2024-07-21,9898.23,0.0,BRL,594.107.823-41,da Mota Rocha - EI,Almeida de Almeida,SP,2026-05-25 01:16:38
FLOW-0000002774,POL-00000425,CLM-00000713,CANCELLATION,PIX,PENDING,2025-02-04,2025-02-04,16313.73,16313.73,BRL,197.420.853-23,Pereira - EI,Cavalcante de da Luz,AL,2026-05-25 01:16:38
FLOW-0000002775,POL-00000074,CLM-00000151,CLAIM_PAYMENT,PIX,CANCELLED,2025-01-13,2025-01-16,2718.49,2718.49,BRL,149.072.536-99,Moraes Martins - EI,Rocha de Azevedo,PB,2026-05-25 01:16:38
FLOW-0000002776,POL-00000338,CLM-00000532,REFUND,CREDIT_CARD,CANCELLED,2025-07-28,2025-07-30,8161.53,8161.53,BRL,198.436.250-05,Cirino,Souza,RJ,2026-05-25 01:16:38
FLOW-0000002777,POL-00000106,CLM-00000399,CANCELLATION,CREDIT_CARD,PROCESSED,2025-11-08,2025-11-11,16594.84,16594.84,BRL,798.341.265-73,da Costa S/A,Silveira,RN,2026-05-25 01:16:38
FLOW-0000002778,POL-00000251,CLM-00000501,CANCELLATION,CREDIT_CARD,PROCESSED,2024-06-13,2024-06-14,21755.28,21755.28,BRL,369.174.028-69,Araújo,Lima dos Dourados,MS,2026-05-25 01:16:38
FLOW-0000002779,POL-00000238,CLM-00000163,PREMIUM_PAYMENT,PIX,CANCELLED,2026-02-06,2026-02-09,1270.89,1270.89,BRL,251.094.736-25,Azevedo S/A,Cirino da Serra,MG,2026-05-25 01:16:38
FLOW-0000002780,POL-00000105,CLM-00000424,REINSURANCE,PIX,FAILED,2025-07-29,2025-07-29,18720.69,0.0,BRL,346.805.217-08,Cunha,Macedo,DF,2026-05-25 01:16:38
FLOW-0000002781,POL-00000219,CLM-00000788,COMMISSION,PIX,PROCESSED,2024-11-22,2024-11-24,3560.41,3560.41,BRL,375.910.826-12,Nascimento,Sampaio,SE,2026-05-25 01:16:38
FLOW-0000002782,POL-00000301,CLM-00000466,REINSURANCE,CREDIT_CARD,PENDING,2025-09-03,2025-09-06,19653.1,19653.1,BRL,632.970.481-31,Cassiano,da Conceição,RO,2026-05-25 01:16:38
FLOW-0000002783,POL-00000353,CLM-00000885,REFUND,CREDIT_CARD,PROCESSED,2025-04-25,2025-04-27,16124.04,16124.04,BRL,431.956.728-55,Novaes S.A.,Sá,RS,2026-05-25 01:16:38
FLOW-0000002784,POL-00000246,CLM-00000226,COMMISSION,DEBIT,PROCESSED,2025-03-24,2025-03-27,24089.53,24089.53,BRL,670.581.432-26,Lima,Correia do Oeste,SE,2026-05-25 01:16:38
FLOW-0000002785,POL-00000197,CLM-00000225,CLAIM_PAYMENT,BANK_TRANSFER,CANCELLED,2024-11-29,2024-11-30,477.79,477.79,BRL,960.238.514-60,Oliveira Fonseca S.A.,Jesus,RJ,2026-05-25 01:16:38
FLOW-0000002786,POL-00000138,CLM-00000739,CLAIM_PAYMENT,CREDIT_CARD,PENDING,2024-11-27,2024-12-01,16065.12,16065.12,BRL,785.261.340-35,Costela Lopes S/A,Abreu Grande,MA,2026-05-25 01:16:38
FLOW-0000002787,POL-00000442,CLM-00000675,PREMIUM_PAYMENT,BANK_TRANSFER,FAILED,2024-07-20,2024-07-24,6407.54,0.0,BRL,329.601.487-03,Casa Grande Novaes - EI,Farias,RS,2026-05-25 01:16:38
FLOW-0000002788,POL-00000291,CLM-00000981,PREMIUM_PAYMENT,PIX,PENDING,2026-05-09,2026-05-11,18672.75,18672.75,BRL,378.514.920-41,Pires,Sampaio,RN,2026-05-25 01:16:38
FLOW-0000002789,POL-00000388,CLM-00000981,COMMISSION,BANK_TRANSFER,PROCESSED,2025-09-22,2025-09-23,22474.45,22474.45,BRL,701.624.938-78,Vieira,Macedo,RJ,2026-05-25 01:16:38
FLOW-0000002790,POL-00000322,CLM-00000509,REINSURANCE,BANK_TRANSFER,PROCESSED,2025-04-17,2025-04-21,14381.62,14381.62,BRL,247.591.380-05,Nunes,Vieira,AM,2026-05-25 01:16:38
FLOW-0000002791,POL-00000394,CLM-00000707,PREMIUM_PAYMENT,BANK_TRANSFER,FAILED,2024-12-18,2024-12-18,3769.95,0.0,BRL,870.649.153-75,Moreira,Teixeira,AP,2026-05-25 01:16:38
FLOW-0000002792,POL-00000100,CLM-00000192,PREMIUM_PAYMENT,PIX,CANCELLED,2025-02-21,2025-02-24,14220.38,14220.38,BRL,283.047.195-41,Marques - ME,Alves,TO,2026-05-25 01:16:38
FLOW-0000002793,POL-00000357,CLM-00000824,REFUND,CREDIT_CARD,FAILED,2025-12-07,2025-12-12,7693.13,0.0,BRL,108.726.549-58,Novaes,Gomes,CE,2026-05-25 01:16:38
FLOW-0000002794,POL-00000050,CLM-00000390,REFUND,DEBIT,FAILED,2025-08-07,2025-08-11,5026.69,0.0,BRL,623.548.907-29,Abreu da Cunha S/A,Cirino,AM,2026-05-25 01:16:38
FLOW-0000002795,POL-00000024,CLM-00000879,CLAIM_PAYMENT,CREDIT_CARD,FAILED,2026-03-18,2026-03-22,4946.91,0.0,BRL,951.406.328-70,da Cunha Nunes S.A.,Leão Grande,MS,2026-05-25 01:16:38
FLOW-0000002796,POL-00000253,CLM-00000234,CLAIM_PAYMENT,DEBIT,FAILED,2026-01-05,2026-01-07,11811.03,0.0,BRL,569.380.742-83,Fogaça Freitas - ME,Monteiro da Mata,RS,2026-05-25 01:16:38
FLOW-0000002797,POL-00000290,CLM-00000918,PREMIUM_PAYMENT,BANK_SLIP,PENDING,2025-02-20,2025-02-24,459.96,459.96,BRL,053.891.476-93,Melo,Leão,AP,2026-05-25 01:16:38
FLOW-0000002798,POL-00000240,CLM-00000423,PREMIUM_PAYMENT,BANK_TRANSFER,PROCESSED,2025-12-04,2025-12-05,10297.85,10297.85,BRL,936.012.457-52,Santos - EI,Costa,DF,2026-05-25 01:16:38
FLOW-0000002799,POL-00000368,CLM-00000139,CANCELLATION,BANK_SLIP,CANCELLED,2025-02-01,2025-02-06,1861.47,1861.47,BRL,248.790.516-67,Nogueira Siqueira S/A,Teixeira,DF,2026-05-25 01:16:38
FLOW-0000002800,POL-00000019,CLM-00000263,COMMISSION,PIX,PENDING,2024-07-23,2024-07-28,5402.62,5402.62,BRL,630.897.541-93,Pires S.A.,Barbosa de Moreira,RJ,2026-05-25 01:16:38
FLOW-0000002801,POL-00000458,CLM-00000215,COMMISSION,PIX,CANCELLED,2025-03-01,2025-03-05,10258.0,10258.0,BRL,618.079.543-66,Moraes Ltda.,Barbosa,PE,2026-05-25 01:16:38
FLOW-0000002802,POL-00000048,CLM-00000825,REINSURANCE,CREDIT_CARD,PENDING,2026-04-12,2026-04-14,23093.0,23093.0,BRL,405.792.613-52,Melo Mendes Ltda.,Andrade,SE,2026-05-25 01:16:38
FLOW-0000002803,POL-00000023,CLM-00000488,CANCELLATION,CREDIT_CARD,PROCESSED,2024-10-10,2024-10-14,13445.43,13445.43,BRL,750.986.432-10,da Cunha Ltda.,Fogaça,AP,2026-05-25 01:16:38
FLOW-0000002804,POL-00000475,CLM-00000863,CANCELLATION,DEBIT,PENDING,2024-06-17,2024-06-21,4217.59,4217.59,BRL,901.453.276-80,Carvalho Fonseca e Filhos,Aparecida,SE,2026-05-25 01:16:38
FLOW-0000002805,POL-00000046,CLM-00000516,COMMISSION,BANK_TRANSFER,PENDING,2025-12-29,2025-12-30,19903.27,19903.27,BRL,745.230.698-83,Oliveira,Jesus,MT,2026-05-25 01:16:38
FLOW-0000002806,POL-00000219,CLM-00000714,COMMISSION,CREDIT_CARD,PENDING,2025-06-13,2025-06-14,23124.04,23124.04,BRL,758.431.926-28,Pinto,Sá de Caldeira,PR,2026-05-25 01:16:38
FLOW-0000002807,POL-00000014,CLM-00000757,REINSURANCE,PIX,PROCESSED,2024-08-27,2024-08-29,18845.52,18845.52,BRL,278.106.954-01,Fogaça,Moraes da Praia,RN,2026-05-25 01:16:38
FLOW-0000002808,POL-00000099,CLM-00000177,CANCELLATION,BANK_SLIP,FAILED,2025-11-30,2025-12-05,14314.02,0.0,BRL,469.087.523-56,Ramos,Cavalcanti,TO,2026-05-25 01:16:38
FLOW-0000002809,POL-00000101,CLM-00000848,CANCELLATION,BANK_SLIP,PROCESSED,2026-04-19,2026-04-20,18450.0,18450.0,BRL,274.369.180-87,da Rocha S/A,Camargo Paulista,PA,2026-05-25 01:16:38
FLOW-0000002810,POL-00000339,CLM-00000461,REFUND,BANK_SLIP,PENDING,2025-11-10,2025-11-11,3359.07,3359.07,BRL,526.709.138-30,Moreira,Almeida de da Rocha,RO,2026-05-25 01:16:38
FLOW-0000002811,POL-00000188,CLM-00000643,PREMIUM_PAYMENT,CREDIT_CARD,PROCESSED,2024-06-11,2024-06-15,3406.15,3406.15,BRL,618.790.425-76,Martins,Lopes,PI,2026-05-25 01:16:38
FLOW-0000002812,POL-00000427,CLM-00000923,CANCELLATION,BANK_SLIP,PENDING,2024-06-25,2024-06-30,10823.97,10823.97,BRL,192.843.756-73,Leão,Teixeira do Norte,AL,2026-05-25 01:16:38
FLOW-0000002813,POL-00000018,CLM-00000546,CLAIM_PAYMENT,BANK_SLIP,FAILED,2024-08-08,2024-08-11,9483.25,0.0,BRL,835.617.290-02,Caldeira,Campos,PR,2026-05-25 01:16:38
FLOW-0000002814,POL-00000044,CLM-00000783,REFUND,BANK_SLIP,PENDING,2024-10-15,2024-10-20,21080.55,21080.55,BRL,632.784.591-64,Ribeiro Ltda.,Camargo do Oeste,PA,2026-05-25 01:16:38
FLOW-0000002815,POL-00000223,CLM-00000235,REFUND,BANK_SLIP,PENDING,2024-11-06,2024-11-07,1876.67,1876.67,BRL,579.836.240-00,Silveira,Monteiro de Peixoto,SE,2026-05-25 01:16:38
FLOW-0000002816,POL-00000454,CLM-00000464,CANCELLATION,BANK_SLIP,FAILED,2024-12-15,2024-12-17,17856.74,0.0,BRL,480.751.629-94,Machado,Cunha,RS,2026-05-25 01:16:38
FLOW-0000002817,POL-00000489,CLM-00000460,REINSURANCE,DEBIT,PROCESSED,2025-02-24,2025-02-28,13344.55,13344.55,BRL,914.807.265-67,Aragão,Aparecida,RR,2026-05-25 01:16:38
FLOW-0000002818,POL-00000162,CLM-00000267,REFUND,BANK_TRANSFER,FAILED,2025-09-04,2025-09-05,15293.17,0.0,BRL,427.183.506-44,Teixeira,Rezende,PE,2026-05-25 01:16:38
FLOW-0000002819,POL-00000208,CLM-00000303,PREMIUM_PAYMENT,DEBIT,PROCESSED,2026-02-05,2026-02-06,23159.02,23159.02,BRL,651.938.470-48,Castro Nascimento e Filhos,Pinto,BA,2026-05-25 01:16:38
FLOW-0000002820,POL-00000408,CLM-00000712,PREMIUM_PAYMENT,BANK_SLIP,PENDING,2025-08-07,2025-08-11,11648.47,11648.47,BRL,129.750.364-34,Nunes,Nunes Grande,PB,2026-05-25 01:16:38
FLOW-0000002821,POL-00000287,CLM-00000491,CANCELLATION,DEBIT,PENDING,2025-05-14,2025-05-14,5781.96,5781.96,BRL,683.279.501-77,Pacheco,Aragão da Prata,MG,2026-05-25 01:16:38
FLOW-0000002822,POL-00000028,CLM-00000531,CANCELLATION,BANK_SLIP,PROCESSED,2025-11-01,2025-11-06,14537.53,14537.53,BRL,314.568.902-98,Vieira Porto S.A.,Costa de Rezende,BA,2026-05-25 01:16:38
FLOW-0000002823,POL-00000465,CLM-00000052,CLAIM_PAYMENT,BANK_TRANSFER,PROCESSED,2024-09-24,2024-09-28,21901.19,21901.19,BRL,876.219.054-76,Sales,Ribeiro,SP,2026-05-25 01:16:38
FLOW-0000002824,POL-00000276,CLM-00000566,PREMIUM_PAYMENT,PIX,PROCESSED,2025-02-21,2025-02-25,13614.58,13614.58,BRL,312.405.798-88,Silveira,da Mota,ES,2026-05-25 01:16:38
FLOW-0000002825,POL-00000134,CLM-00000341,PREMIUM_PAYMENT,BANK_TRANSFER,FAILED,2024-06-10,2024-06-12,13150.64,0.0,BRL,692.871.430-13,Moura e Filhos,Leão,SE,2026-05-25 01:16:38
FLOW-0000002826,POL-00000252,CLM-00000871,PREMIUM_PAYMENT,BANK_SLIP,CANCELLED,2024-09-19,2024-09-20,20711.35,20711.35,BRL,091.275.348-04,Macedo,Vargas,AM,2026-05-25 01:16:38
FLOW-0000002827,POL-00000266,CLM-00000152,CLAIM_PAYMENT,BANK_TRANSFER,PENDING,2024-10-23,2024-10-24,20081.61,20081.61,BRL,246.391.705-99,Oliveira,Porto,PB,2026-05-25 01:16:38
FLOW-0000002828,POL-00000378,CLM-00000779,CANCELLATION,CREDIT_CARD,PENDING,2024-11-09,2024-11-12,1832.31,1832.31,BRL,534.601.978-20,da Luz,Mendes de Dias,PA,2026-05-25 01:16:38
FLOW-0000002829,POL-00000016,CLM-00000034,COMMISSION,PIX,FAILED,2024-06-24,2024-06-27,4157.63,0.0,BRL,512.083.469-89,Mendes - ME,Rocha,SC,2026-05-25 01:16:38
FLOW-0000002830,POL-00000442,CLM-00000830,CANCELLATION,PIX,PENDING,2026-02-04,2026-02-04,19393.84,19393.84,BRL,964.071.852-11,Cavalcante,Garcia Grande,SC,2026-05-25 01:16:38
FLOW-0000002831,POL-00000043,CLM-00000705,CANCELLATION,BANK_SLIP,PENDING,2024-09-18,2024-09-18,8096.29,8096.29,BRL,542.961.378-91,Montenegro S.A.,Pereira de Minas,PR,2026-05-25 01:16:38
FLOW-0000002832,POL-00000402,CLM-00000916,PREMIUM_PAYMENT,BANK_TRANSFER,CANCELLED,2025-03-23,2025-03-26,23829.56,23829.56,BRL,293.816.745-82,Teixeira S/A,Lima,AM,2026-05-25 01:16:38
FLOW-0000002833,POL-00000369,CLM-00000154,CANCELLATION,CREDIT_CARD,PENDING,2024-05-26,2024-05-31,9319.91,9319.91,BRL,279.058.316-12,Marques,Cavalcanti da Prata,PI,2026-05-25 01:16:38
FLOW-0000002834,POL-00000386,CLM-00000300,PREMIUM_PAYMENT,CREDIT_CARD,FAILED,2025-02-09,2025-02-11,9507.17,0.0,BRL,918.027.536-21,Pinto,Pinto Verde,AM,2026-05-25 01:16:38
FLOW-0000002835,POL-00000148,CLM-00000503,CLAIM_PAYMENT,BANK_TRANSFER,CANCELLED,2025-05-17,2025-05-18,2171.76,2171.76,BRL,490.653.871-10,Vasconcelos,Gomes,RS,2026-05-25 01:16:38
FLOW-0000002836,POL-00000161,CLM-00000389,COMMISSION,DEBIT,PENDING,2025-06-04,2025-06-04,3806.9,3806.9,BRL,826.137.549-82,Pastor,Cassiano de Câmara,GO,2026-05-25 01:16:38
FLOW-0000002837,POL-00000023,CLM-00000614,REFUND,PIX,PENDING,2025-11-29,2025-11-29,12703.23,12703.23,BRL,523.104.978-60,Moraes,Freitas da Prata,PA,2026-05-25 01:16:38
FLOW-0000002838,POL-00000177,CLM-00000652,CLAIM_PAYMENT,CREDIT_CARD,CANCELLED,2025-09-24,2025-09-24,16567.83,16567.83,BRL,325.068.471-62,Borges,Carvalho,DF,2026-05-25 01:16:38
FLOW-0000002839,POL-00000272,CLM-00000154,REINSURANCE,DEBIT,FAILED,2024-08-04,2024-08-04,9068.6,0.0,BRL,574.089.162-02,Melo Garcia - EI,Mendonça,MT,2026-05-25 01:16:38
FLOW-0000002840,POL-00000077,CLM-00000817,CLAIM_PAYMENT,CREDIT_CARD,CANCELLED,2025-05-25,2025-05-28,14096.89,14096.89,BRL,248.509.736-47,da Mata e Filhos,Casa Grande,ES,2026-05-25 01:16:38
FLOW-0000002841,POL-00000339,CLM-00000051,COMMISSION,CREDIT_CARD,FAILED,2024-10-18,2024-10-22,5734.73,0.0,BRL,820.693.547-92,Montenegro Montenegro - EI,Garcia Alegre,RR,2026-05-25 01:16:38
FLOW-0000002842,POL-00000374,CLM-00000043,REINSURANCE,BANK_TRANSFER,CANCELLED,2025-09-15,2025-09-17,20548.38,20548.38,BRL,587.312.460-44,Costela S/A,Araújo da Mata,RN,2026-05-25 01:16:38
FLOW-0000002843,POL-00000209,CLM-00000213,REFUND,BANK_SLIP,PENDING,2024-12-14,2024-12-19,1032.43,1032.43,BRL,493.510.286-15,Santos,Fernandes,MT,2026-05-25 01:16:38
FLOW-0000002844,POL-00000317,CLM-00000364,REINSURANCE,PIX,CANCELLED,2024-08-01,2024-08-04,15072.46,15072.46,BRL,789.314.260-03,Dias,Barros,AC,2026-05-25 01:16:38
FLOW-0000002845,POL-00000065,CLM-00000067,REINSURANCE,PIX,PROCESSED,2024-07-07,2024-07-11,19476.41,19476.41,BRL,168.052.943-98,Nascimento,Sampaio de Cirino,BA,2026-05-25 01:16:38
FLOW-0000002846,POL-00000130,CLM-00000855,PREMIUM_PAYMENT,BANK_TRANSFER,CANCELLED,2025-09-24,2025-09-26,20059.74,20059.74,BRL,187.096.245-11,Oliveira Teixeira Ltda.,Pinto Alegre,AC,2026-05-25 01:16:38
FLOW-0000002847,POL-00000134,CLM-00000641,REINSURANCE,CREDIT_CARD,PENDING,2025-01-10,2025-01-10,22260.61,22260.61,BRL,236.189.054-24,Castro - EI,Rezende do Galho,AM,2026-05-25 01:16:38
FLOW-0000002848,POL-00000451,CLM-00000954,REFUND,BANK_SLIP,CANCELLED,2024-10-30,2024-11-04,4477.25,4477.25,BRL,317.560.982-12,Vargas,Nogueira,MG,2026-05-25 01:16:38
FLOW-0000002849,POL-00000271,CLM-00000664,CANCELLATION,PIX,PROCESSED,2024-12-12,2024-12-16,4886.71,4886.71,BRL,325.960.814-15,Vargas,Vasconcelos da Prata,ES,2026-05-25 01:16:38
FLOW-0000002850,POL-00000073,CLM-00000714,CLAIM_PAYMENT,DEBIT,PENDING,2024-09-19,2024-09-22,6731.6,6731.6,BRL,358.671.024-08,Cirino Borges S.A.,Vasconcelos,AM,2026-05-25 01:16:38
FLOW-0000002851,POL-00000268,CLM-00000586,CANCELLATION,CREDIT_CARD,PROCESSED,2025-05-30,2025-06-03,16963.68,16963.68,BRL,514.296.378-46,Montenegro Machado e Filhos,Sales,ES,2026-05-25 01:16:38
FLOW-0000002852,POL-00000451,CLM-00000430,PREMIUM_PAYMENT,BANK_SLIP,PROCESSED,2026-03-02,2026-03-05,7474.79,7474.79,BRL,258.706.941-67,Almeida,Fogaça do Galho,AC,2026-05-25 01:16:38
FLOW-0000002853,POL-00000110,CLM-00000107,REINSURANCE,CREDIT_CARD,CANCELLED,2024-10-21,2024-10-23,18070.12,18070.12,BRL,547.289.306-29,Azevedo,Pinto,RS,2026-05-25 01:16:38
FLOW-0000002854,POL-00000150,CLM-00000969,PREMIUM_PAYMENT,DEBIT,CANCELLED,2026-05-20,2026-05-22,2100.1,2100.1,BRL,804.256.971-85,Barbosa,Cirino,AP,2026-05-25 01:16:38
FLOW-0000002855,POL-00000444,CLM-00000895,COMMISSION,PIX,FAILED,2024-06-03,2024-06-04,8899.17,0.0,BRL,681.037.495-75,da Mata,Fogaça,RR,2026-05-25 01:16:38
FLOW-0000002856,POL-00000175,CLM-00000557,CLAIM_PAYMENT,BANK_SLIP,FAILED,2026-01-11,2026-01-12,10111.82,0.0,BRL,782.635.490-00,Azevedo - ME,Leão das Pedras,SP,2026-05-25 01:16:38
FLOW-0000002857,POL-00000343,CLM-00000087,CANCELLATION,DEBIT,PENDING,2024-07-27,2024-07-29,4832.22,4832.22,BRL,230.645.719-07,da Mota e Filhos,Montenegro,MT,2026-05-25 01:16:38
FLOW-0000002858,POL-00000263,CLM-00000590,COMMISSION,BANK_TRANSFER,FAILED,2024-08-15,2024-08-18,7727.85,0.0,BRL,072.195.836-21,Sá,Vargas de Rios,SE,2026-05-25 01:16:38
FLOW-0000002859,POL-00000375,CLM-00000112,PREMIUM_PAYMENT,CREDIT_CARD,PROCESSED,2025-01-20,2025-01-24,22911.05,22911.05,BRL,925.486.710-11,Correia S.A.,da Cunha do Campo,SE,2026-05-25 01:16:38
FLOW-0000002860,POL-00000426,CLM-00000283,REINSURANCE,CREDIT_CARD,PROCESSED,2025-07-22,2025-07-23,13924.45,13924.45,BRL,517.904.236-43,Araújo,Correia de Vieira,RJ,2026-05-25 01:16:38
FLOW-0000002861,POL-00000345,CLM-00000705,REFUND,CREDIT_CARD,PENDING,2025-11-19,2025-11-24,24313.28,24313.28,BRL,415.863.920-42,Pires Moreira Ltda.,Rezende de Minas,RO,2026-05-25 01:16:38
FLOW-0000002862,POL-00000437,CLM-00000299,CANCELLATION,BANK_SLIP,PENDING,2025-11-21,2025-11-21,7277.92,7277.92,BRL,564.073.812-07,Moreira,Câmara,PA,2026-05-25 01:16:38
FLOW-0000002863,POL-00000100,CLM-00000849,CLAIM_PAYMENT,BANK_TRANSFER,FAILED,2024-11-28,2024-11-29,22916.32,0.0,BRL,415.796.380-66,Siqueira,Cardoso,PI,2026-05-25 01:16:38
FLOW-0000002864,POL-00000203,CLM-00000746,CANCELLATION,BANK_SLIP,PENDING,2024-09-21,2024-09-23,14698.68,14698.68,BRL,685.920.147-94,Aparecida,Costa,BA,2026-05-25 01:16:38
FLOW-0000002865,POL-00000365,CLM-00000615,PREMIUM_PAYMENT,DEBIT,PENDING,2025-04-08,2025-04-09,20158.4,20158.4,BRL,428.170.395-05,da Cruz - ME,Duarte do Norte,PI,2026-05-25 01:16:38
FLOW-0000002866,POL-00000311,CLM-00001000,PREMIUM_PAYMENT,BANK_SLIP,PENDING,2024-09-22,2024-09-26,11687.93,11687.93,BRL,932.081.647-69,Sampaio S/A,Câmara,MG,2026-05-25 01:16:38
FLOW-0000002867,POL-00000253,CLM-00000222,CANCELLATION,BANK_SLIP,PROCESSED,2025-02-25,2025-02-26,14853.28,14853.28,BRL,798.423.605-47,Leão,Pinto,PR,2026-05-25 01:16:38
FLOW-0000002868,POL-00000452,CLM-00000417,CLAIM_PAYMENT,PIX,PENDING,2025-05-09,2025-05-12,16118.5,16118.5,BRL,023.167.849-50,Almeida,Almeida de Goiás,GO,2026-05-25 01:16:38
FLOW-0000002869,POL-00000389,CLM-00000985,PREMIUM_PAYMENT,CREDIT_CARD,CANCELLED,2025-03-25,2025-03-30,1967.17,1967.17,BRL,053.978.162-21,da Mota Ltda.,Sousa,MG,2026-05-25 01:16:38
FLOW-0000002870,POL-00000399,CLM-00000566,REINSURANCE,BANK_TRANSFER,CANCELLED,2025-04-16,2025-04-19,2427.93,2427.93,BRL,106.358.924-05,da Rosa S.A.,Sales da Prata,PA,2026-05-25 01:16:38
FLOW-0000002871,POL-00000421,CLM-00000028,CLAIM_PAYMENT,PIX,PROCESSED,2025-02-06,2025-02-06,316.26,316.26,BRL,816.243.057-17,Cavalcante,Mendonça,RS,2026-05-25 01:16:38
FLOW-0000002872,POL-00000282,CLM-00000131,REFUND,BANK_TRANSFER,PENDING,2025-09-23,2025-09-27,2713.31,2713.31,BRL,436.982.107-03,Ramos,Aragão Paulista,ES,2026-05-25 01:16:38
FLOW-0000002873,POL-00000171,CLM-00000484,CLAIM_PAYMENT,DEBIT,CANCELLED,2026-01-31,2026-02-04,23111.95,23111.95,BRL,124.705.968-58,Garcia Pinto S/A,Vargas,RN,2026-05-25 01:16:38
FLOW-0000002874,POL-00000492,CLM-00000743,REINSURANCE,DEBIT,PENDING,2026-01-15,2026-01-17,18245.07,18245.07,BRL,962.841.357-00,Nunes,Mendonça Verde,MT,2026-05-25 01:16:38
FLOW-0000002875,POL-00000201,CLM-00000377,CANCELLATION,BANK_TRANSFER,PROCESSED,2026-05-20,2026-05-20,22062.92,22062.92,BRL,218.360.597-95,Guerra Dias S.A.,Silva,RR,2026-05-25 01:16:38
FLOW-0000002876,POL-00000160,CLM-00000619,PREMIUM_PAYMENT,PIX,PENDING,2025-07-29,2025-07-31,3391.46,3391.46,BRL,037.184.962-40,Freitas S.A.,Casa Grande de Goiás,DF,2026-05-25 01:16:38
FLOW-0000002877,POL-00000056,CLM-00000553,CANCELLATION,CREDIT_CARD,FAILED,2024-12-14,2024-12-14,21777.5,0.0,BRL,269.584.370-47,da Costa e Filhos,Macedo,GO,2026-05-25 01:16:38
FLOW-0000002878,POL-00000176,CLM-00000859,REINSURANCE,PIX,CANCELLED,2025-01-12,2025-01-13,5822.17,5822.17,BRL,294.358.107-05,das Neves S.A.,Casa Grande das Flores,RN,2026-05-25 01:16:38
FLOW-0000002879,POL-00000088,CLM-00000835,REFUND,BANK_SLIP,PROCESSED,2024-12-22,2024-12-26,3525.38,3525.38,BRL,279.156.438-19,Ribeiro e Filhos,Casa Grande da Mata,PR,2026-05-25 01:16:38
FLOW-0000002880,POL-00000038,CLM-00000246,REINSURANCE,DEBIT,PROCESSED,2024-12-10,2024-12-11,15183.88,15183.88,BRL,135.948.627-55,Moura,Vasconcelos de Caldeira,MG,2026-05-25 01:16:38
FLOW-0000002881,POL-00000048,CLM-00000262,REFUND,PIX,PENDING,2025-08-10,2025-08-12,8413.02,8413.02,BRL,056.483.197-20,Mendes,Oliveira,GO,2026-05-25 01:16:38
FLOW-0000002882,POL-00000067,CLM-00000533,CANCELLATION,BANK_TRANSFER,FAILED,2025-10-16,2025-10-21,18663.09,0.0,BRL,807.514.269-11,Moraes,Mendes das Flores,RS,2026-05-25 01:16:38
FLOW-0000002883,POL-00000323,CLM-00000022,PREMIUM_PAYMENT,CREDIT_CARD,FAILED,2026-01-28,2026-01-31,23519.66,0.0,BRL,194.758.063-93,Souza,Sá,RR,2026-05-25 01:16:38
FLOW-0000002884,POL-00000223,CLM-00000990,REFUND,PIX,CANCELLED,2025-05-19,2025-05-20,12334.77,12334.77,BRL,029.784.513-60,Campos,Moreira de Cavalcanti,MS,2026-05-25 01:16:38
FLOW-0000002885,POL-00000219,CLM-00000800,PREMIUM_PAYMENT,PIX,PROCESSED,2025-05-19,2025-05-23,17357.47,17357.47,BRL,610.452.397-80,Macedo,Rodrigues,CE,2026-05-25 01:16:38
FLOW-0000002886,POL-00000185,CLM-00000400,PREMIUM_PAYMENT,DEBIT,PROCESSED,2025-10-16,2025-10-16,23599.01,23599.01,BRL,315.069.274-16,Moura Cassiano Ltda.,Barros dos Dourados,RJ,2026-05-25 01:16:38
FLOW-0000002887,POL-00000079,CLM-00000702,PREMIUM_PAYMENT,DEBIT,CANCELLED,2025-07-23,2025-07-27,2255.07,2255.07,BRL,837.496.152-09,Ramos Araújo - EI,da Rocha Grande,BA,2026-05-25 01:16:38
FLOW-0000002888,POL-00000052,CLM-00000976,CANCELLATION,BANK_SLIP,PROCESSED,2025-03-01,2025-03-01,8043.44,8043.44,BRL,109.274.568-85,Sá e Filhos,da Cruz Paulista,MA,2026-05-25 01:16:38
FLOW-0000002889,POL-00000027,CLM-00000838,COMMISSION,DEBIT,FAILED,2025-11-06,2025-11-07,6387.97,0.0,BRL,874.190.526-11,Cirino Albuquerque - EI,da Paz,BA,2026-05-25 01:16:38
FLOW-0000002890,POL-00000249,CLM-00000642,REFUND,DEBIT,PENDING,2026-03-11,2026-03-15,13779.77,13779.77,BRL,640.735.298-38,Novaes Sales Ltda.,Aragão Verde,RN,2026-05-25 01:16:38
FLOW-0000002891,POL-00000319,CLM-00000216,CANCELLATION,BANK_TRANSFER,PROCESSED,2025-02-25,2025-02-28,19088.15,19088.15,BRL,943.801.276-13,Carvalho,Pacheco,RN,2026-05-25 01:16:38
FLOW-0000002892,POL-00000124,CLM-00000312,PREMIUM_PAYMENT,BANK_TRANSFER,PENDING,2025-03-24,2025-03-26,7295.5,7295.5,BRL,134.289.670-03,da Cruz,Moraes,MG,2026-05-25 01:16:38
FLOW-0000002893,POL-00000176,CLM-00000306,REFUND,BANK_SLIP,PROCESSED,2024-10-02,2024-10-02,19855.59,19855.59,BRL,319.652.407-80,Viana Lopes S.A.,Costa,RR,2026-05-25 01:16:38
FLOW-0000002894,POL-00000209,CLM-00000048,REINSURANCE,BANK_SLIP,PROCESSED,2025-06-12,2025-06-15,21577.7,21577.7,BRL,138.459.067-66,Rezende e Filhos,Farias,SC,2026-05-25 01:16:38
FLOW-0000002895,POL-00000028,CLM-00000105,REINSURANCE,CREDIT_CARD,PENDING,2025-01-20,2025-01-21,16146.13,16146.13,BRL,534.872.601-07,da Cruz,Cavalcante do Campo,SP,2026-05-25 01:16:38
FLOW-0000002896,POL-00000260,CLM-00000378,PREMIUM_PAYMENT,BANK_TRANSFER,PENDING,2026-04-26,2026-04-29,17293.14,17293.14,BRL,102.734.958-79,Vasconcelos,Ramos,PR,2026-05-25 01:16:38
FLOW-0000002897,POL-00000294,CLM-00000187,COMMISSION,PIX,FAILED,2024-07-04,2024-07-08,17703.3,0.0,BRL,675.124.039-25,Costela,Fonseca do Galho,MT,2026-05-25 01:16:38
FLOW-0000002898,POL-00000207,CLM-00000775,COMMISSION,BANK_TRANSFER,PROCESSED,2025-09-06,2025-09-11,24884.32,24884.32,BRL,867.902.513-59,Duarte,Câmara,TO,2026-05-25 01:16:38
FLOW-0000002899,POL-00000393,CLM-00000640,CANCELLATION,BANK_TRANSFER,CANCELLED,2024-11-27,2024-12-02,14341.05,14341.05,BRL,426.051.879-85,Pires,da Cunha de Minas,PA,2026-05-25 01:16:38
FLOW-0000002900,POL-00000426,CLM-00000566,CANCELLATION,BANK_TRANSFER,FAILED,2024-08-15,2024-08-18,21746.02,0.0,BRL,420.956.173-80,Barbosa,da Cruz,MA,2026-05-25 01:16:38
FLOW-0000002901,POL-00000046,CLM-00000911,CANCELLATION,BANK_TRANSFER,CANCELLED,2025-11-08,2025-11-12,18663.17,18663.17,BRL,409.273.156-61,Campos,Montenegro do Norte,BA,2026-05-25 01:16:38
FLOW-0000002902,POL-00000327,CLM-00000975,COMMISSION,BANK_TRANSFER,CANCELLED,2026-01-17,2026-01-19,3672.27,3672.27,BRL,264.753.908-10,Pereira Correia - EI,da Mata,PA,2026-05-25 01:16:38
FLOW-0000002903,POL-00000151,CLM-00000022,REINSURANCE,BANK_TRANSFER,PENDING,2025-06-18,2025-06-19,3715.95,3715.95,BRL,105.239.874-04,da Luz,Correia,RS,2026-05-25 01:16:38
FLOW-0000002904,POL-00000456,CLM-00000195,CLAIM_PAYMENT,PIX,PROCESSED,2026-04-02,2026-04-04,14258.56,14258.56,BRL,436.218.597-64,Campos,Novais da Praia,RR,2026-05-25 01:16:38
FLOW-0000002905,POL-00000400,CLM-00000145,CLAIM_PAYMENT,DEBIT,FAILED,2026-03-24,2026-03-25,20987.7,0.0,BRL,984.720.361-03,Machado Barbosa Ltda.,Novaes das Flores,RJ,2026-05-25 01:16:38
FLOW-0000002906,POL-00000319,CLM-00000717,PREMIUM_PAYMENT,PIX,CANCELLED,2024-08-13,2024-08-16,14119.68,14119.68,BRL,859.024.367-29,Ramos S.A.,Porto,MA,2026-05-25 01:16:38
FLOW-0000002907,POL-00000235,CLM-00000783,REFUND,DEBIT,PENDING,2024-12-12,2024-12-16,11850.79,11850.79,BRL,956.427.038-38,Aragão,Vargas,SP,2026-05-25 01:16:38
FLOW-0000002908,POL-00000159,CLM-00000576,CLAIM_PAYMENT,BANK_SLIP,PROCESSED,2024-08-06,2024-08-06,16066.3,16066.3,BRL,963.745.801-84,Novais e Filhos,Ramos da Serra,AC,2026-05-25 01:16:38
FLOW-0000002909,POL-00000333,CLM-00000250,COMMISSION,BANK_TRANSFER,FAILED,2024-11-30,2024-12-04,15187.94,0.0,BRL,734.015.298-97,Moreira S.A.,Montenegro,CE,2026-05-25 01:16:38
FLOW-0000002910,POL-00000429,CLM-00000839,REINSURANCE,CREDIT_CARD,PENDING,2026-01-25,2026-01-26,16448.62,16448.62,BRL,032.765.491-07,Melo Garcia - ME,Viana das Pedras,DF,2026-05-25 01:16:38
FLOW-0000002911,POL-00000073,CLM-00000924,REFUND,BANK_TRANSFER,PENDING,2024-08-30,2024-08-30,22436.41,22436.41,BRL,596.178.342-19,Ferreira,da Paz do Norte,PE,2026-05-25 01:16:38
FLOW-0000002912,POL-00000208,CLM-00000605,PREMIUM_PAYMENT,CREDIT_CARD,PROCESSED,2025-10-11,2025-10-15,10882.0,10882.0,BRL,276.149.308-78,Sousa,Cavalcanti de Aparecida,ES,2026-05-25 01:16:38
FLOW-0000002913,POL-00000048,CLM-00000803,REFUND,BANK_TRANSFER,FAILED,2024-08-16,2024-08-20,16930.03,0.0,BRL,072.591.483-14,Castro S.A.,Costa,PR,2026-05-25 01:16:38
FLOW-0000002914,POL-00000323,CLM-00000075,COMMISSION,BANK_SLIP,CANCELLED,2025-03-04,2025-03-07,14344.19,14344.19,BRL,368.152.904-33,Rezende S/A,Aragão do Amparo,GO,2026-05-25 01:16:38
FLOW-0000002915,POL-00000345,CLM-00000851,REFUND,BANK_SLIP,PENDING,2024-08-04,2024-08-04,14066.76,14066.76,BRL,609.734.125-34,Duarte da Conceição Ltda.,Gonçalves de Porto,MG,2026-05-25 01:16:38
FLOW-0000002916,POL-00000473,CLM-00000769,COMMISSION,PIX,FAILED,2026-03-01,2026-03-02,20190.45,0.0,BRL,796.102.538-30,Cassiano,Câmara,PB,2026-05-25 01:16:38
FLOW-0000002917,POL-00000278,CLM-00000153,COMMISSION,BANK_SLIP,CANCELLED,2025-11-04,2025-11-06,21090.53,21090.53,BRL,765.243.809-83,Caldeira,Viana,TO,2026-05-25 01:16:38
FLOW-0000002918,POL-00000321,CLM-00000921,COMMISSION,PIX,FAILED,2025-11-15,2025-11-19,19917.27,0.0,BRL,972.043.618-22,Farias Pimenta - ME,Siqueira,RJ,2026-05-25 01:16:38
FLOW-0000002919,POL-00000386,CLM-00000230,CLAIM_PAYMENT,PIX,CANCELLED,2024-07-08,2024-07-08,20821.62,20821.62,BRL,408.591.327-14,Camargo,das Neves do Amparo,PE,2026-05-25 01:16:38
FLOW-0000002920,POL-00000308,CLM-00000401,REINSURANCE,DEBIT,CANCELLED,2026-02-13,2026-02-13,16709.52,16709.52,BRL,429.618.370-22,Garcia,Pacheco de Vargas,PR,2026-05-25 01:16:38
FLOW-0000002921,POL-00000258,CLM-00000207,PREMIUM_PAYMENT,PIX,CANCELLED,2026-03-11,2026-03-11,24961.17,24961.17,BRL,138.694.075-57,Machado,Costela,MT,2026-05-25 01:16:38
FLOW-0000002922,POL-00000422,CLM-00000993,REINSURANCE,PIX,FAILED,2025-07-14,2025-07-14,16724.46,0.0,BRL,592.613.748-91,Cirino S.A.,Cirino das Flores,RR,2026-05-25 01:16:38
FLOW-0000002923,POL-00000314,CLM-00000664,REFUND,CREDIT_CARD,PENDING,2024-06-19,2024-06-19,23636.32,23636.32,BRL,923.670.451-43,Pacheco,Pinto,PB,2026-05-25 01:16:38
FLOW-0000002924,POL-00000440,CLM-00000756,REINSURANCE,CREDIT_CARD,PENDING,2025-02-23,2025-02-23,7361.21,7361.21,BRL,780.319.465-66,Rodrigues Santos e Filhos,da Mota de Goiás,RO,2026-05-25 01:16:38
FLOW-0000002925,POL-00000447,CLM-00000597,CLAIM_PAYMENT,DEBIT,PROCESSED,2025-01-06,2025-01-06,11355.77,11355.77,BRL,126.037.548-07,Vieira,Costa,SP,2026-05-25 01:16:38
FLOW-0000002926,POL-00000374,CLM-00000378,CLAIM_PAYMENT,BANK_SLIP,PENDING,2026-02-18,2026-02-23,10307.82,10307.82,BRL,638.470.291-69,Cavalcante,da Conceição,PI,2026-05-25 01:16:38
FLOW-0000002927,POL-00000226,CLM-00000454,PREMIUM_PAYMENT,BANK_TRANSFER,CANCELLED,2025-09-25,2025-09-30,7031.02,7031.02,BRL,631.875.049-57,Fonseca da Paz - EI,Silveira da Serra,AC,2026-05-25 01:16:38
FLOW-0000002928,POL-00000454,CLM-00000144,PREMIUM_PAYMENT,DEBIT,CANCELLED,2025-05-21,2025-05-23,9798.91,9798.91,BRL,864.207.935-56,da Costa Mendonça e Filhos,Moraes de Albuquerque,SP,2026-05-25 01:16:38
FLOW-0000002929,POL-00000177,CLM-00000020,REINSURANCE,BANK_TRANSFER,PROCESSED,2025-03-30,2025-04-02,16801.27,16801.27,BRL,275.683.904-38,Vieira,Moraes de Marques,PA,2026-05-25 01:16:38
FLOW-0000002930,POL-00000473,CLM-00000394,REFUND,PIX,CANCELLED,2024-10-01,2024-10-01,18659.28,18659.28,BRL,631.708.925-68,Costela,Vieira,PB,2026-05-25 01:16:38
FLOW-0000002931,POL-00000394,CLM-00000797,REINSURANCE,CREDIT_CARD,PENDING,2024-09-01,2024-09-02,14157.26,14157.26,BRL,625.830.497-47,Montenegro,Fogaça do Sul,SC,2026-05-25 01:16:38
FLOW-0000002932,POL-00000035,CLM-00000994,REINSURANCE,BANK_SLIP,FAILED,2025-01-25,2025-01-25,9962.11,0.0,BRL,501.673.824-62,Moraes e Filhos,Porto das Flores,MG,2026-05-25 01:16:38
FLOW-0000002933,POL-00000480,CLM-00000136,CLAIM_PAYMENT,CREDIT_CARD,PENDING,2025-06-01,2025-06-02,5106.53,5106.53,BRL,592.018.476-02,Pereira - EI,Castro da Prata,RN,2026-05-25 01:16:38
FLOW-0000002934,POL-00000177,CLM-00000938,CLAIM_PAYMENT,DEBIT,PROCESSED,2025-01-02,2025-01-04,17887.23,17887.23,BRL,970.458.326-56,Costela,Gomes,GO,2026-05-25 01:16:38
FLOW-0000002935,POL-00000006,CLM-00000210,PREMIUM_PAYMENT,BANK_SLIP,CANCELLED,2026-02-18,2026-02-18,11706.46,11706.46,BRL,890.352.476-47,da Paz,Mendes Grande,PE,2026-05-25 01:16:38
FLOW-0000002936,POL-00000001,CLM-00000389,REINSURANCE,PIX,PROCESSED,2025-11-20,2025-11-25,2586.33,2586.33,BRL,510.283.794-04,Silveira - EI,Cardoso,SC,2026-05-25 01:16:38
FLOW-0000002937,POL-00000068,CLM-00000479,CLAIM_PAYMENT,DEBIT,FAILED,2024-06-02,2024-06-03,18770.93,0.0,BRL,502.493.618-33,Souza,Carvalho de das Neves,ES,2026-05-25 01:16:38
FLOW-0000002938,POL-00000063,CLM-00000195,COMMISSION,BANK_SLIP,CANCELLED,2025-12-12,2025-12-16,14357.22,14357.22,BRL,462.738.519-64,Monteiro Leão - EI,da Mota,GO,2026-05-25 01:16:38
FLOW-0000002939,POL-00000158,CLM-00000271,CANCELLATION,BANK_TRANSFER,FAILED,2025-02-15,2025-02-18,1904.68,0.0,BRL,419.735.082-14,Silva S/A,Costela dos Dourados,PI,2026-05-25 01:16:38
FLOW-0000002940,POL-00000025,CLM-00000145,CLAIM_PAYMENT,DEBIT,FAILED,2024-12-23,2024-12-23,18163.37,0.0,BRL,721.894.056-02,Vieira Cardoso S/A,Macedo,MA,2026-05-25 01:16:38
FLOW-0000002941,POL-00000142,CLM-00000292,PREMIUM_PAYMENT,PIX,CANCELLED,2026-03-28,2026-03-30,12781.2,12781.2,BRL,920.873.516-86,Casa Grande Porto Ltda.,Vasconcelos do Galho,SP,2026-05-25 01:16:38
FLOW-0000002942,POL-00000426,CLM-00000105,CANCELLATION,DEBIT,FAILED,2024-11-10,2024-11-11,11320.88,0.0,BRL,526.904.813-24,Montenegro Sales S.A.,Albuquerque,RJ,2026-05-25 01:16:38
FLOW-0000002943,POL-00000380,CLM-00000810,CLAIM_PAYMENT,DEBIT,CANCELLED,2025-08-17,2025-08-20,13377.84,13377.84,BRL,190.635.248-89,Lopes,Machado,AL,2026-05-25 01:16:38
FLOW-0000002944,POL-00000008,CLM-00000854,CLAIM_PAYMENT,BANK_SLIP,PENDING,2025-10-27,2025-11-01,12859.1,12859.1,BRL,152.748.609-58,Aparecida,Barbosa da Praia,PA,2026-05-25 01:16:38
FLOW-0000002945,POL-00000053,CLM-00000644,REFUND,BANK_SLIP,PROCESSED,2024-07-27,2024-08-01,2352.1,2352.1,BRL,067.425.938-65,Alves e Filhos,Freitas do Galho,CE,2026-05-25 01:16:38
FLOW-0000002946,POL-00000294,CLM-00000560,REFUND,CREDIT_CARD,PROCESSED,2025-10-21,2025-10-23,13009.64,13009.64,BRL,280.146.957-20,Rocha,Pinto da Serra,TO,2026-05-25 01:16:38
FLOW-0000002947,POL-00000120,CLM-00000777,CANCELLATION,DEBIT,CANCELLED,2025-03-24,2025-03-29,20752.2,20752.2,BRL,473.085.129-32,Rocha Cassiano Ltda.,Pacheco,AP,2026-05-25 01:16:38
FLOW-0000002948,POL-00000449,CLM-00000118,REINSURANCE,BANK_TRANSFER,PROCESSED,2024-06-25,2024-06-26,21874.59,21874.59,BRL,514.283.069-51,Peixoto Cirino - EI,Machado de Melo,PB,2026-05-25 01:16:38
FLOW-0000002949,POL-00000015,CLM-00000347,COMMISSION,BANK_SLIP,CANCELLED,2025-10-04,2025-10-05,13610.62,13610.62,BRL,528.713.649-82,da Luz Ltda.,Brito,MT,2026-05-25 01:16:38
FLOW-0000002950,POL-00000253,CLM-00000805,CANCELLATION,BANK_TRANSFER,PENDING,2025-11-20,2025-11-24,18769.27,18769.27,BRL,634.128.509-42,da Rosa - EI,Rezende das Pedras,PE,2026-05-25 01:16:38
FLOW-0000002951,POL-00000349,CLM-00000950,REFUND,PIX,CANCELLED,2024-12-24,2024-12-28,17993.61,17993.61,BRL,107.483.256-62,Guerra,da Conceição,MS,2026-05-25 01:16:38
FLOW-0000002952,POL-00000441,CLM-00000961,PREMIUM_PAYMENT,DEBIT,CANCELLED,2024-12-27,2024-12-30,11984.12,11984.12,BRL,903.257.416-70,Moraes - EI,Castro de Leão,PE,2026-05-25 01:16:38
FLOW-0000002953,POL-00000441,CLM-00000812,REINSURANCE,PIX,PROCESSED,2024-12-25,2024-12-26,22512.8,22512.8,BRL,837.940.165-48,Vasconcelos - ME,Nogueira,AC,2026-05-25 01:16:38
FLOW-0000002954,POL-00000044,CLM-00000675,REFUND,BANK_SLIP,PROCESSED,2024-07-18,2024-07-20,19125.17,19125.17,BRL,356.018.479-75,Viana Casa Grande e Filhos,Nogueira,PE,2026-05-25 01:16:38
FLOW-0000002955,POL-00000346,CLM-00000164,COMMISSION,PIX,FAILED,2024-08-31,2024-09-01,5636.51,0.0,BRL,891.605.473-75,da Conceição e Filhos,Fonseca,SE,2026-05-25 01:16:38
FLOW-0000002956,POL-00000008,CLM-00000796,CANCELLATION,CREDIT_CARD,FAILED,2025-09-14,2025-09-17,16984.74,0.0,BRL,295.148.376-73,Oliveira,Costela,AC,2026-05-25 01:16:38
FLOW-0000002957,POL-00000208,CLM-00000584,PREMIUM_PAYMENT,BANK_SLIP,FAILED,2025-04-03,2025-04-07,24722.39,0.0,BRL,156.932.470-07,Silveira Gonçalves S/A,Porto da Praia,CE,2026-05-25 01:16:38
FLOW-0000002958,POL-00000038,CLM-00000585,CANCELLATION,BANK_SLIP,PROCESSED,2026-03-19,2026-03-24,1867.91,1867.91,BRL,549.061.873-66,Barbosa,Novais,MT,2026-05-25 01:16:38
FLOW-0000002959,POL-00000286,CLM-00000605,REFUND,BANK_TRANSFER,PENDING,2026-04-25,2026-04-27,14218.28,14218.28,BRL,071.854.293-23,Fernandes - EI,Porto das Pedras,ES,2026-05-25 01:16:38
FLOW-0000002960,POL-00000402,CLM-00000560,REFUND,PIX,FAILED,2026-01-16,2026-01-21,6749.51,0.0,BRL,908.147.256-94,Rodrigues,Dias do Sul,GO,2026-05-25 01:16:38
FLOW-0000002961,POL-00000409,CLM-00000035,PREMIUM_PAYMENT,BANK_TRANSFER,FAILED,2024-05-28,2024-05-29,3215.51,0.0,BRL,512.468.370-80,Barros,Fonseca,PI,2026-05-25 01:16:38
FLOW-0000002962,POL-00000500,CLM-00000737,CANCELLATION,BANK_TRANSFER,CANCELLED,2024-07-09,2024-07-14,18254.44,18254.44,BRL,726.498.053-74,Vasconcelos Moreira e Filhos,Sousa Verde,PB,2026-05-25 01:16:38
FLOW-0000002963,POL-00000332,CLM-00000134,REINSURANCE,CREDIT_CARD,FAILED,2024-11-06,2024-11-11,17300.59,0.0,BRL,057.812.934-50,Souza Castro e Filhos,Pimenta,PR,2026-05-25 01:16:38
FLOW-0000002964,POL-00000332,CLM-00000087,CANCELLATION,CREDIT_CARD,PENDING,2026-01-27,2026-01-31,8476.14,8476.14,BRL,549.862.301-15,Dias,Ramos,AC,2026-05-25 01:16:38
FLOW-0000002965,POL-00000493,CLM-00000830,REINSURANCE,PIX,CANCELLED,2025-12-19,2025-12-21,11324.0,11324.0,BRL,681.057.934-66,Machado,Aragão,SP,2026-05-25 01:16:38
FLOW-0000002966,POL-00000473,CLM-00000184,PREMIUM_PAYMENT,BANK_SLIP,FAILED,2024-06-24,2024-06-29,16388.08,0.0,BRL,729.350.864-65,Barros,da Costa da Mata,RO,2026-05-25 01:16:38
FLOW-0000002967,POL-00000101,CLM-00000553,REFUND,BANK_SLIP,CANCELLED,2024-10-11,2024-10-15,10071.25,10071.25,BRL,047.182.693-69,Pacheco Lopes - ME,Rios da Praia,MG,2026-05-25 01:16:38
FLOW-0000002968,POL-00000195,CLM-00000799,REFUND,PIX,FAILED,2026-03-28,2026-03-28,23350.91,0.0,BRL,164.973.028-40,Vieira Freitas Ltda.,Lopes do Norte,RS,2026-05-25 01:16:38
FLOW-0000002969,POL-00000254,CLM-00000626,CANCELLATION,BANK_TRANSFER,CANCELLED,2024-07-11,2024-07-15,1633.85,1633.85,BRL,152.804.937-32,Barros - ME,Pacheco Alegre,ES,2026-05-25 01:16:38
FLOW-0000002970,POL-00000259,CLM-00000510,CLAIM_PAYMENT,BANK_SLIP,CANCELLED,2024-12-15,2024-12-18,9642.64,9642.64,BRL,306.417.285-90,Ribeiro Ltda.,Ramos,AC,2026-05-25 01:16:38
FLOW-0000002971,POL-00000253,CLM-00000768,REINSURANCE,PIX,PROCESSED,2026-01-14,2026-01-15,8036.9,8036.9,BRL,762.108.943-13,Cunha e Filhos,Siqueira,SC,2026-05-25 01:16:38
FLOW-0000002972,POL-00000205,CLM-00000659,CANCELLATION,BANK_SLIP,PENDING,2025-09-18,2025-09-23,13326.91,13326.91,BRL,406.531.728-26,Silva Nogueira S/A,Dias do Norte,AC,2026-05-25 01:16:38
FLOW-0000002973,POL-00000027,CLM-00000713,CLAIM_PAYMENT,CREDIT_CARD,FAILED,2024-07-26,2024-07-31,15648.74,0.0,BRL,724.615.809-01,da Conceição,Dias de Minas,AC,2026-05-25 01:16:38
FLOW-0000002974,POL-00000196,CLM-00000746,COMMISSION,BANK_TRANSFER,CANCELLED,2024-11-28,2024-11-28,16606.07,16606.07,BRL,190.254.867-11,Pastor,Peixoto Alegre,PE,2026-05-25 01:16:38
FLOW-0000002975,POL-00000016,CLM-00000690,REINSURANCE,PIX,PENDING,2025-09-11,2025-09-13,17156.03,17156.03,BRL,913.865.427-09,Duarte S.A.,da Rosa,RO,2026-05-25 01:16:38
FLOW-0000002976,POL-00000399,CLM-00000765,REINSURANCE,CREDIT_CARD,PROCESSED,2025-09-10,2025-09-11,7025.95,7025.95,BRL,839.456.102-06,Camargo,Porto de Moreira,PA,2026-05-25 01:16:38
FLOW-0000002977,POL-00000236,CLM-00000608,CLAIM_PAYMENT,DEBIT,CANCELLED,2026-04-30,2026-05-02,6744.64,6744.64,BRL,192.805.463-33,da Luz,Vieira de Leão,MG,2026-05-25 01:16:38
FLOW-0000002978,POL-00000096,CLM-00000654,REINSURANCE,BANK_SLIP,FAILED,2025-01-02,2025-01-03,3551.84,0.0,BRL,905.683.412-60,Lima,Dias de Aragão,AP,2026-05-25 01:16:38
FLOW-0000002979,POL-00000405,CLM-00000401,CANCELLATION,BANK_SLIP,FAILED,2026-05-13,2026-05-18,23793.41,0.0,BRL,293.608.147-50,Almeida,Novaes,SE,2026-05-25 01:16:38
FLOW-0000002980,POL-00000175,CLM-00000415,REINSURANCE,BANK_SLIP,PENDING,2025-04-16,2025-04-17,13677.24,13677.24,BRL,957.301.428-97,da Conceição - ME,Duarte,PA,2026-05-25 01:16:38
FLOW-0000002981,POL-00000096,CLM-00000546,CANCELLATION,CREDIT_CARD,FAILED,2025-11-06,2025-11-08,2036.19,0.0,BRL,568.092.174-01,Mendonça,Santos,AP,2026-05-25 01:16:38
FLOW-0000002982,POL-00000468,CLM-00000968,REFUND,CREDIT_CARD,PROCESSED,2024-07-28,2024-08-02,24735.06,24735.06,BRL,624.875.310-53,Aragão Novais S.A.,Correia,RS,2026-05-25 01:16:38
FLOW-0000002983,POL-00000207,CLM-00000969,REINSURANCE,BANK_TRANSFER,PROCESSED,2025-06-24,2025-06-27,4233.6,4233.6,BRL,167.935.208-30,Rocha,Azevedo,PE,2026-05-25 01:16:38
FLOW-0000002984,POL-00000272,CLM-00000623,CLAIM_PAYMENT,CREDIT_CARD,FAILED,2025-07-10,2025-07-11,21714.94,0.0,BRL,806.134.597-84,Pinto,Ribeiro,CE,2026-05-25 01:16:38
FLOW-0000002985,POL-00000287,CLM-00000728,REINSURANCE,DEBIT,PENDING,2025-07-21,2025-07-21,5627.66,5627.66,BRL,104.385.769-93,Pereira Fernandes e Filhos,Fogaça Paulista,TO,2026-05-25 01:16:38
FLOW-0000002986,POL-00000266,CLM-00000270,CANCELLATION,DEBIT,CANCELLED,2025-03-30,2025-04-01,9176.82,9176.82,BRL,739.604.512-61,Cavalcanti,Borges,TO,2026-05-25 01:16:38
FLOW-0000002987,POL-00000388,CLM-00000500,REINSURANCE,CREDIT_CARD,FAILED,2025-06-24,2025-06-28,8143.19,0.0,BRL,387.126.459-82,Pinto,Carvalho,PR,2026-05-25 01:16:38
FLOW-0000002988,POL-00000322,CLM-00000639,CLAIM_PAYMENT,PIX,FAILED,2025-06-28,2025-06-30,5643.96,0.0,BRL,162.908.537-59,Guerra Lima Ltda.,da Rosa Paulista,SE,2026-05-25 01:16:38
FLOW-0000002989,POL-00000475,CLM-00000853,REINSURANCE,PIX,PENDING,2025-07-08,2025-07-13,22351.98,22351.98,BRL,548.703.912-79,Rocha,Machado,MS,2026-05-25 01:16:38
FLOW-0000002990,POL-00000102,CLM-00000535,CLAIM_PAYMENT,CREDIT_CARD,PENDING,2024-06-06,2024-06-09,14995.08,14995.08,BRL,269.371.850-30,da Rosa,Gonçalves de Alves,RN,2026-05-25 01:16:38
FLOW-0000002991,POL-00000430,CLM-00000373,PREMIUM_PAYMENT,BANK_SLIP,PENDING,2026-05-02,2026-05-06,5938.65,5938.65,BRL,354.762.809-10,Lopes Moura - ME,Castro,AP,2026-05-25 01:16:38
FLOW-0000002992,POL-00000233,CLM-00000111,COMMISSION,CREDIT_CARD,FAILED,2025-02-24,2025-02-27,7724.13,0.0,BRL,508.643.721-08,Montenegro Ltda.,Silva do Oeste,AC,2026-05-25 01:16:38
FLOW-0000002993,POL-00000188,CLM-00000635,CLAIM_PAYMENT,BANK_SLIP,PROCESSED,2025-03-25,2025-03-27,5097.31,5097.31,BRL,215.637.084-26,Melo,Barbosa de Pastor,AP,2026-05-25 01:16:38
FLOW-0000002994,POL-00000122,CLM-00000818,REINSURANCE,DEBIT,PENDING,2024-07-23,2024-07-26,11922.6,11922.6,BRL,428.653.197-09,Araújo Peixoto - ME,Brito do Norte,MS,2026-05-25 01:16:38
FLOW-0000002995,POL-00000492,CLM-00000636,PREMIUM_PAYMENT,CREDIT_CARD,PENDING,2024-12-18,2024-12-21,21296.41,21296.41,BRL,903.672.584-47,Melo S/A,Albuquerque de Almeida,MS,2026-05-25 01:16:38
FLOW-0000002996,POL-00000146,CLM-00000974,CANCELLATION,PIX,PENDING,2025-05-02,2025-05-03,17443.29,17443.29,BRL,789.134.526-00,Gomes,Marques,AL,2026-05-25 01:16:38
FLOW-0000002997,POL-00000197,CLM-00000631,CLAIM_PAYMENT,BANK_TRANSFER,CANCELLED,2024-07-09,2024-07-09,19419.53,19419.53,BRL,675.819.203-21,Camargo - ME,Abreu,PR,2026-05-25 01:16:38
FLOW-0000002998,POL-00000288,CLM-00000062,REINSURANCE,BANK_TRANSFER,CANCELLED,2026-05-16,2026-05-16,17417.17,17417.17,BRL,821.064.935-33,Abreu Ltda.,Rezende,MS,2026-05-25 01:16:38
FLOW-0000002999,POL-00000140,CLM-00000370,REFUND,BANK_SLIP,PENDING,2024-12-04,2024-12-09,20881.06,20881.06,BRL,986.127.405-76,Cunha,da Rocha,TO,2026-05-25 01:16:38
FLOW-0000003000,POL-00000206,CLM-00000167,REINSURANCE,BANK_SLIP,FAILED,2024-09-04,2024-09-05,21125.32,0.0,BRL,703.514.689-00,Cardoso Ltda.,da Mota,PR,2026-05-25 01:16:38
FLOW-0000003001,POL-00000030,CLM-00000979,REFUND,CREDIT_CARD,CANCELLED,2025-08-08,2025-08-10,13957.29,13957.29,BRL,479.685.031-75,Macedo - EI,Farias do Campo,AP,2026-05-25 01:16:38
FLOW-0000003002,POL-00000144,CLM-00000306,REFUND,BANK_SLIP,CANCELLED,2025-07-11,2025-07-15,12685.66,12685.66,BRL,738.014.692-04,da Paz Moraes S/A,Aragão,PB,2026-05-25 01:16:38
FLOW-0000003003,POL-00000380,CLM-00000915,COMMISSION,CREDIT_CARD,FAILED,2025-08-18,2025-08-19,12343.16,0.0,BRL,742.318.690-22,Pastor,da Cunha,PB,2026-05-25 01:16:38
FLOW-0000003004,POL-00000494,CLM-00000373,CANCELLATION,CREDIT_CARD,CANCELLED,2025-06-06,2025-06-10,15822.7,15822.7,BRL,258.760.941-02,Barbosa,Melo do Campo,AM,2026-05-25 01:16:38
FLOW-0000003005,POL-00000258,CLM-00000132,COMMISSION,CREDIT_CARD,PROCESSED,2024-09-21,2024-09-26,21047.33,21047.33,BRL,481.592.073-79,Guerra,Nogueira,BA,2026-05-25 01:16:38
FLOW-0000003006,POL-00000171,CLM-00000027,PREMIUM_PAYMENT,BANK_SLIP,CANCELLED,2025-08-15,2025-08-19,22766.64,22766.64,BRL,867.945.312-91,Santos Andrade - EI,Teixeira,GO,2026-05-25 01:16:38
FLOW-0000003007,POL-00000411,CLM-00000315,PREMIUM_PAYMENT,CREDIT_CARD,PROCESSED,2024-09-28,2024-09-28,22068.13,22068.13,BRL,813.506.472-17,Araújo - ME,Gomes,ES,2026-05-25 01:16:38
FLOW-0000003008,POL-00000038,CLM-00000982,CANCELLATION,BANK_SLIP,PROCESSED,2024-11-02,2024-11-07,5777.86,5777.86,BRL,140.823.657-53,Araújo Guerra Ltda.,da Cunha de Rios,PB,2026-05-25 01:16:38
FLOW-0000003009,POL-00000445,CLM-00000325,PREMIUM_PAYMENT,PIX,FAILED,2025-12-10,2025-12-11,16084.13,0.0,BRL,058.736.219-77,Mendonça Ltda.,Ribeiro,AC,2026-05-25 01:16:38
FLOW-0000003010,POL-00000018,CLM-00000535,COMMISSION,BANK_SLIP,CANCELLED,2024-11-06,2024-11-07,188.96,188.96,BRL,063.941.527-06,Pires,Pinto Alegre,RO,2026-05-25 01:16:38
FLOW-0000003011,POL-00000350,CLM-00000103,REINSURANCE,CREDIT_CARD,PROCESSED,2024-07-05,2024-07-10,15843.48,15843.48,BRL,638.501.429-06,Cunha,Cunha de Alves,GO,2026-05-25 01:16:38
FLOW-0000003012,POL-00000198,CLM-00000601,REINSURANCE,BANK_TRANSFER,CANCELLED,2025-06-14,2025-06-16,7144.86,7144.86,BRL,821.593.064-60,Vargas,Costa do Oeste,SE,2026-05-25 01:16:38
FLOW-0000003013,POL-00000217,CLM-00000460,REFUND,DEBIT,PROCESSED,2025-12-17,2025-12-22,12291.2,12291.2,BRL,123.607.485-80,Fernandes Cavalcanti - EI,Vieira Alegre,PA,2026-05-25 01:16:38
FLOW-0000003014,POL-00000077,CLM-00000765,CANCELLATION,PIX,CANCELLED,2026-05-07,2026-05-12,23738.96,23738.96,BRL,612.097.853-40,da Cruz,Costela,RS,2026-05-25 01:16:38
FLOW-0000003015,POL-00000471,CLM-00000378,REINSURANCE,CREDIT_CARD,PROCESSED,2024-06-30,2024-07-01,9189.04,9189.04,BRL,642.859.703-92,Nunes Ltda.,da Conceição,RN,2026-05-25 01:16:38
FLOW-0000003016,POL-00000413,CLM-00000834,PREMIUM_PAYMENT,BANK_SLIP,PROCESSED,2025-07-09,2025-07-10,23745.09,23745.09,BRL,924.738.150-97,Fogaça,Melo,PR,2026-05-25 01:16:38
FLOW-0000003017,POL-00000098,CLM-00000857,PREMIUM_PAYMENT,PIX,PROCESSED,2024-06-12,2024-06-17,13606.95,13606.95,BRL,789.264.013-40,Caldeira da Costa - ME,Alves de Fernandes,GO,2026-05-25 01:16:38
FLOW-0000003018,POL-00000321,CLM-00000313,CLAIM_PAYMENT,BANK_TRANSFER,PENDING,2025-04-11,2025-04-12,5044.52,5044.52,BRL,623.705.189-95,Dias,Campos,MA,2026-05-25 01:16:38
FLOW-0000003019,POL-00000454,CLM-00000093,CANCELLATION,BANK_TRANSFER,PENDING,2024-12-20,2024-12-20,1521.66,1521.66,BRL,082.693.715-21,Carvalho Barros - EI,Rezende,BA,2026-05-25 01:16:38
FLOW-0000003020,POL-00000105,CLM-00000735,REFUND,BANK_TRANSFER,PROCESSED,2024-10-29,2024-10-30,10413.43,10413.43,BRL,654.103.728-08,Borges e Filhos,da Mata das Flores,CE,2026-05-25 01:16:38
FLOW-0000003021,POL-00000393,CLM-00000483,REINSURANCE,DEBIT,PROCESSED,2025-06-24,2025-06-27,8657.93,8657.93,BRL,376.159.280-95,Carvalho e Filhos,Mendonça,AM,2026-05-25 01:16:38
FLOW-0000003022,POL-00000091,CLM-00000806,CANCELLATION,BANK_SLIP,CANCELLED,2024-10-10,2024-10-14,17668.86,17668.86,BRL,195.670.482-58,Rezende S/A,Sales da Mata,BA,2026-05-25 01:16:38
FLOW-0000003023,POL-00000383,CLM-00000997,COMMISSION,CREDIT_CARD,FAILED,2026-02-22,2026-02-24,12027.99,0.0,BRL,152.749.860-30,Camargo - EI,Ramos da Praia,PB,2026-05-25 01:16:38
FLOW-0000003024,POL-00000195,CLM-00000159,REFUND,BANK_TRANSFER,PROCESSED,2025-09-28,2025-10-02,15711.98,15711.98,BRL,910.745.386-84,Peixoto,Marques de Minas,CE,2026-05-25 01:16:38
FLOW-0000003025,POL-00000262,CLM-00000837,REINSURANCE,DEBIT,PENDING,2025-10-16,2025-10-16,8169.58,8169.58,BRL,024.638.975-38,Siqueira Barbosa Ltda.,da Costa,CE,2026-05-25 01:16:38
FLOW-0000003026,POL-00000374,CLM-00000105,REINSURANCE,DEBIT,PROCESSED,2025-08-13,2025-08-16,22496.3,22496.3,BRL,936.218.745-00,Farias,Gomes do Sul,ES,2026-05-25 01:16:38
FLOW-0000003027,POL-00000492,CLM-00000124,CLAIM_PAYMENT,DEBIT,CANCELLED,2026-05-20,2026-05-20,13756.88,13756.88,BRL,745.206.981-11,Montenegro Nascimento - ME,Machado do Amparo,PA,2026-05-25 01:16:38
FLOW-0000003028,POL-00000102,CLM-00000454,CANCELLATION,BANK_SLIP,PROCESSED,2025-03-28,2025-03-29,1629.88,1629.88,BRL,246.105.378-26,Martins,Araújo do Campo,BA,2026-05-25 01:16:38
FLOW-0000003029,POL-00000167,CLM-00000187,CLAIM_PAYMENT,BANK_SLIP,PENDING,2026-05-17,2026-05-21,16402.13,16402.13,BRL,358.107.694-20,Caldeira Ltda.,Santos,AP,2026-05-25 01:16:38
FLOW-0000003030,POL-00000380,CLM-00000422,REINSURANCE,BANK_SLIP,PROCESSED,2025-10-31,2025-11-01,14437.37,14437.37,BRL,217.453.096-16,Albuquerque,Monteiro da Praia,PE,2026-05-25 01:16:38
FLOW-0000003031,POL-00000328,CLM-00000311,COMMISSION,BANK_SLIP,PENDING,2026-02-05,2026-02-05,18333.49,18333.49,BRL,391.485.670-00,Sousa,Machado das Flores,AP,2026-05-25 01:16:38
FLOW-0000003032,POL-00000167,CLM-00000669,CLAIM_PAYMENT,CREDIT_CARD,PROCESSED,2025-08-27,2025-08-31,13788.94,13788.94,BRL,963.081.475-75,Sales Casa Grande Ltda.,Silveira,DF,2026-05-25 01:16:38
FLOW-0000003033,POL-00000164,CLM-00000570,REINSURANCE,CREDIT_CARD,PROCESSED,2025-08-05,2025-08-10,24105.58,24105.58,BRL,038.741.562-90,Fernandes Novais S/A,Azevedo de Nascimento,RJ,2026-05-25 01:16:38
FLOW-0000003034,POL-00000378,CLM-00000762,REFUND,DEBIT,CANCELLED,2025-08-30,2025-09-01,10475.99,10475.99,BRL,408.291.376-96,Ramos e Filhos,Borges,AP,2026-05-25 01:16:38
FLOW-0000003035,POL-00000127,CLM-00000965,REFUND,PIX,FAILED,2024-09-04,2024-09-05,4080.96,0.0,BRL,502.164.839-05,Porto,Pastor,AM,2026-05-25 01:16:38
FLOW-0000003036,POL-00000313,CLM-00000733,COMMISSION,PIX,CANCELLED,2025-05-10,2025-05-14,8348.97,8348.97,BRL,281.749.536-55,Cirino,Freitas,PR,2026-05-25 01:16:38
FLOW-0000003037,POL-00000002,CLM-00000192,REINSURANCE,BANK_TRANSFER,CANCELLED,2024-07-26,2024-07-27,22337.13,22337.13,BRL,059.782.136-40,das Neves Vasconcelos - EI,Farias de Carvalho,PB,2026-05-25 01:16:38
FLOW-0000003038,POL-00000170,CLM-00000253,CLAIM_PAYMENT,BANK_TRANSFER,PENDING,2026-01-17,2026-01-18,11031.54,11031.54,BRL,217.894.035-88,Barbosa Ribeiro - EI,Carvalho,PR,2026-05-25 01:16:38
FLOW-0000003039,POL-00000110,CLM-00000503,REFUND,CREDIT_CARD,PENDING,2026-05-12,2026-05-15,19005.65,19005.65,BRL,968.124.570-94,Silveira e Filhos,Moreira do Amparo,RR,2026-05-25 01:16:38
FLOW-0000003040,POL-00000067,CLM-00000153,REINSURANCE,PIX,PROCESSED,2026-01-16,2026-01-17,14510.48,14510.48,BRL,268.371.504-80,Novaes,Ramos,BA,2026-05-25 01:16:38
FLOW-0000003041,POL-00000407,CLM-00000374,PREMIUM_PAYMENT,DEBIT,PROCESSED,2025-10-02,2025-10-07,18831.09,18831.09,BRL,534.782.106-07,Barros Araújo - ME,Araújo de Minas,AC,2026-05-25 01:16:38
FLOW-0000003042,POL-00000089,CLM-00000039,PREMIUM_PAYMENT,PIX,PROCESSED,2025-12-30,2026-01-04,19775.11,19775.11,BRL,352.879.104-79,Carvalho,Lima de Costela,PI,2026-05-25 01:16:38
FLOW-0000003043,POL-00000266,CLM-00000516,REFUND,BANK_TRANSFER,CANCELLED,2025-05-19,2025-05-21,19036.87,19036.87,BRL,018.947.623-04,Andrade - EI,Siqueira do Norte,RR,2026-05-25 01:16:38
FLOW-0000003044,POL-00000355,CLM-00000758,CANCELLATION,CREDIT_CARD,PROCESSED,2024-09-04,2024-09-08,10987.33,10987.33,BRL,241.037.986-96,Peixoto,Araújo Grande,MT,2026-05-25 01:16:38
FLOW-0000003045,POL-00000327,CLM-00000548,CLAIM_PAYMENT,DEBIT,PROCESSED,2024-08-05,2024-08-10,12882.65,12882.65,BRL,951.647.230-34,Rezende,Pacheco,SE,2026-05-25 01:16:38
FLOW-0000003046,POL-00000009,CLM-00000285,PREMIUM_PAYMENT,CREDIT_CARD,PROCESSED,2024-10-22,2024-10-22,19977.37,19977.37,BRL,984.326.107-04,Ramos,Moreira de Sales,RN,2026-05-25 01:16:38
FLOW-0000003047,POL-00000418,CLM-00000587,CANCELLATION,BANK_TRANSFER,PENDING,2024-12-28,2024-12-29,23067.49,23067.49,BRL,548.037.916-00,da Luz,Araújo de Minas,AL,2026-05-25 01:16:38
FLOW-0000003048,POL-00000428,CLM-00000893,PREMIUM_PAYMENT,BANK_SLIP,FAILED,2026-03-15,2026-03-17,2781.55,0.0,BRL,123.978.065-68,Ramos,da Conceição do Galho,RN,2026-05-25 01:16:38
FLOW-0000003049,POL-00000012,CLM-00000798,REINSURANCE,BANK_SLIP,PENDING,2024-07-01,2024-07-02,21806.57,21806.57,BRL,270.589.314-88,Campos Ribeiro - EI,Rezende do Amparo,MA,2026-05-25 01:16:38
FLOW-0000003050,POL-00000340,CLM-00000025,CANCELLATION,PIX,FAILED,2025-07-23,2025-07-28,14450.85,0.0,BRL,857.493.602-29,Nogueira,Silveira de Goiás,DF,2026-05-25 01:16:38
FLOW-0000003051,POL-00000030,CLM-00000627,COMMISSION,BANK_SLIP,PROCESSED,2025-03-01,2025-03-03,5011.05,5011.05,BRL,089.467.513-39,Borges - EI,Vasconcelos Alegre,MA,2026-05-25 01:16:38
FLOW-0000003052,POL-00000108,CLM-00000704,REFUND,BANK_TRANSFER,PENDING,2026-05-12,2026-05-12,14434.9,14434.9,BRL,879.641.032-96,Machado,Farias,TO,2026-05-25 01:16:38
FLOW-0000003053,POL-00000204,CLM-00000050,PREMIUM_PAYMENT,BANK_SLIP,PROCESSED,2025-12-05,2025-12-08,2368.58,2368.58,BRL,947.156.820-01,Moreira,Araújo de Casa Grande,MG,2026-05-25 01:16:38
FLOW-0000003054,POL-00000061,CLM-00000888,CLAIM_PAYMENT,DEBIT,PROCESSED,2026-04-25,2026-04-30,3837.1,3837.1,BRL,590.427.368-10,Silveira,Pereira Paulista,MT,2026-05-25 01:16:38
FLOW-0000003055,POL-00000028,CLM-00000118,CANCELLATION,BANK_TRANSFER,PROCESSED,2024-06-25,2024-06-28,11690.49,11690.49,BRL,807.136.952-77,da Rosa Sampaio Ltda.,da Cunha,BA,2026-05-25 01:16:38
FLOW-0000003056,POL-00000196,CLM-00000413,PREMIUM_PAYMENT,PIX,PENDING,2025-08-24,2025-08-29,16852.27,16852.27,BRL,057.892.413-79,Caldeira - ME,Cassiano do Amparo,MT,2026-05-25 01:16:38
FLOW-0000003057,POL-00000317,CLM-00000739,PREMIUM_PAYMENT,PIX,PENDING,2024-10-04,2024-10-05,22836.47,22836.47,BRL,265.490.381-89,Carvalho - EI,Barros do Oeste,PE,2026-05-25 01:16:38
FLOW-0000003058,POL-00000478,CLM-00000255,COMMISSION,BANK_SLIP,CANCELLED,2025-09-06,2025-09-09,3442.87,3442.87,BRL,672.093.518-68,da Luz S.A.,Fonseca de Borges,BA,2026-05-25 01:16:38
FLOW-0000003059,POL-00000151,CLM-00000586,CLAIM_PAYMENT,BANK_SLIP,PENDING,2025-06-12,2025-06-16,18681.99,18681.99,BRL,128.396.745-64,Costela,da Rocha,PE,2026-05-25 01:16:38
FLOW-0000003060,POL-00000339,CLM-00000184,CLAIM_PAYMENT,DEBIT,PENDING,2025-11-03,2025-11-06,9538.08,9538.08,BRL,671.925.403-07,Andrade,Lima de Pereira,AL,2026-05-25 01:16:38
FLOW-0000003061,POL-00000077,CLM-00000783,COMMISSION,CREDIT_CARD,PENDING,2025-11-30,2025-12-05,21927.97,21927.97,BRL,259.304.876-00,Vieira Ltda.,Sampaio,PI,2026-05-25 01:16:38
FLOW-0000003062,POL-00000405,CLM-00000572,COMMISSION,DEBIT,PENDING,2026-01-27,2026-01-28,2556.44,2556.44,BRL,032.491.657-43,Melo Ltda.,Aragão,BA,2026-05-25 01:16:38
FLOW-0000003063,POL-00000296,CLM-00000681,COMMISSION,CREDIT_CARD,PENDING,2025-12-17,2025-12-22,13144.17,13144.17,BRL,506.294.738-38,Alves Macedo S.A.,da Mata,AM,2026-05-25 01:16:38
FLOW-0000003064,POL-00000066,CLM-00000018,COMMISSION,BANK_TRANSFER,CANCELLED,2026-02-25,2026-02-26,3795.7,3795.7,BRL,284.507.169-85,Barros,Cardoso de Fonseca,BA,2026-05-25 01:16:38
FLOW-0000003065,POL-00000370,CLM-00000390,COMMISSION,PIX,FAILED,2026-01-06,2026-01-07,17530.61,0.0,BRL,382.951.476-09,Duarte - EI,Santos,BA,2026-05-25 01:16:38
FLOW-0000003066,POL-00000367,CLM-00000683,PREMIUM_PAYMENT,BANK_TRANSFER,PROCESSED,2025-02-15,2025-02-20,18412.78,18412.78,BRL,912.678.403-31,Vieira,da Cunha,RN,2026-05-25 01:16:38
FLOW-0000003067,POL-00000422,CLM-00000018,CANCELLATION,PIX,CANCELLED,2024-09-18,2024-09-22,8663.71,8663.71,BRL,189.527.306-40,Porto,Gonçalves Verde,ES,2026-05-25 01:16:38
FLOW-0000003068,POL-00000142,CLM-00000196,PREMIUM_PAYMENT,DEBIT,PROCESSED,2026-03-20,2026-03-21,24223.69,24223.69,BRL,971.468.250-94,Barbosa Gonçalves S/A,Pereira da Prata,SC,2026-05-25 01:16:38
FLOW-0000003069,POL-00000199,CLM-00000315,REINSURANCE,BANK_SLIP,FAILED,2025-09-20,2025-09-22,13764.89,0.0,BRL,518.047.296-20,Jesus - ME,Correia,MG,2026-05-25 01:16:38
FLOW-0000003070,POL-00000455,CLM-00000761,COMMISSION,BANK_SLIP,PENDING,2024-11-12,2024-11-13,21166.24,21166.24,BRL,625.943.018-33,Moraes - ME,Sampaio,SE,2026-05-25 01:16:38
FLOW-0000003071,POL-00000217,CLM-00000127,REFUND,CREDIT_CARD,PENDING,2026-01-28,2026-01-28,3564.1,3564.1,BRL,152.748.360-62,Nascimento,da Cruz,GO,2026-05-25 01:16:38
FLOW-0000003072,POL-00000143,CLM-00000062,CLAIM_PAYMENT,BANK_SLIP,CANCELLED,2026-03-08,2026-03-12,4090.75,4090.75,BRL,275.140.839-79,Fernandes,Barros do Amparo,SP,2026-05-25 01:16:38
FLOW-0000003073,POL-00000221,CLM-00000437,REFUND,BANK_TRANSFER,PENDING,2025-08-22,2025-08-26,15504.65,15504.65,BRL,391.720.468-13,Souza,Borges,CE,2026-05-25 01:16:38
FLOW-0000003074,POL-00000441,CLM-00000289,CLAIM_PAYMENT,BANK_TRANSFER,PROCESSED,2025-09-20,2025-09-20,10337.91,10337.91,BRL,129.768.304-87,Ramos Cavalcante Ltda.,da Rocha de Silveira,MT,2026-05-25 01:16:38
FLOW-0000003075,POL-00000164,CLM-00000268,PREMIUM_PAYMENT,BANK_SLIP,FAILED,2025-01-12,2025-01-17,23631.55,0.0,BRL,246.173.950-16,Rios Aparecida e Filhos,Albuquerque,PI,2026-05-25 01:16:38
FLOW-0000003076,POL-00000360,CLM-00000728,PREMIUM_PAYMENT,CREDIT_CARD,PROCESSED,2024-06-24,2024-06-29,15811.78,15811.78,BRL,250.637.419-16,Moraes Cunha - EI,Machado,RR,2026-05-25 01:16:38
FLOW-0000003077,POL-00000316,CLM-00000372,PREMIUM_PAYMENT,DEBIT,PENDING,2024-08-03,2024-08-03,6279.95,6279.95,BRL,619.508.432-89,Pereira,Novais,PB,2026-05-25 01:16:38
FLOW-0000003078,POL-00000189,CLM-00000434,CANCELLATION,CREDIT_CARD,CANCELLED,2024-11-24,2024-11-27,14132.49,14132.49,BRL,546.123.798-37,Abreu Ltda.,Gomes,PI,2026-05-25 01:16:38
FLOW-0000003079,POL-00000191,CLM-00000292,REFUND,DEBIT,FAILED,2025-05-04,2025-05-08,1668.82,0.0,BRL,563.904.718-66,da Mota,Vargas,PE,2026-05-25 01:16:38
FLOW-0000003080,POL-00000431,CLM-00000109,COMMISSION,BANK_SLIP,CANCELLED,2026-05-08,2026-05-09,23646.97,23646.97,BRL,124.978.035-79,Ramos,Freitas,TO,2026-05-25 01:16:38
FLOW-0000003081,POL-00000023,CLM-00000569,PREMIUM_PAYMENT,PIX,PENDING,2026-03-27,2026-03-29,11570.56,11570.56,BRL,389.507.614-75,Cavalcanti,Ramos,AL,2026-05-25 01:16:38
FLOW-0000003082,POL-00000020,CLM-00000213,REINSURANCE,PIX,PENDING,2025-11-14,2025-11-14,19941.61,19941.61,BRL,327.695.480-00,Cavalcante e Filhos,Aragão,GO,2026-05-25 01:16:38
FLOW-0000003083,POL-00000052,CLM-00000461,REINSURANCE,DEBIT,PROCESSED,2026-01-17,2026-01-22,19823.62,19823.62,BRL,679.048.213-03,Andrade - ME,Porto das Flores,GO,2026-05-25 01:16:38
FLOW-0000003084,POL-00000083,CLM-00000434,PREMIUM_PAYMENT,BANK_TRANSFER,CANCELLED,2025-12-11,2025-12-13,19097.93,19097.93,BRL,973.268.014-87,Machado - EI,Marques,PR,2026-05-25 01:16:38
FLOW-0000003085,POL-00000416,CLM-00000745,REINSURANCE,CREDIT_CARD,PENDING,2026-02-09,2026-02-09,13632.1,13632.1,BRL,598.467.320-74,Cavalcanti,Rodrigues Grande,PE,2026-05-25 01:16:38
FLOW-0000003086,POL-00000445,CLM-00000738,REINSURANCE,PIX,PENDING,2024-06-23,2024-06-26,2729.68,2729.68,BRL,897.305.614-00,Mendes e Filhos,Jesus,MA,2026-05-25 01:16:38
FLOW-0000003087,POL-00000101,CLM-00000521,REFUND,PIX,PENDING,2025-11-30,2025-12-02,17622.38,17622.38,BRL,237.604.189-96,Machado Pimenta e Filhos,Pires do Campo,SP,2026-05-25 01:16:38
FLOW-0000003088,POL-00000237,CLM-00000730,CLAIM_PAYMENT,BANK_SLIP,PENDING,2024-12-15,2024-12-18,11351.43,11351.43,BRL,264.308.519-15,Cassiano,Abreu de Brito,RJ,2026-05-25 01:16:38
FLOW-0000003089,POL-00000185,CLM-00000994,PREMIUM_PAYMENT,BANK_TRANSFER,FAILED,2024-07-09,2024-07-11,2038.7,0.0,BRL,083.475.169-01,Pacheco,Novaes,MG,2026-05-25 01:16:38
FLOW-0000003090,POL-00000090,CLM-00000117,CLAIM_PAYMENT,BANK_SLIP,CANCELLED,2024-10-01,2024-10-03,12326.23,12326.23,BRL,873.091.642-96,Borges,Araújo,GO,2026-05-25 01:16:38
FLOW-0000003091,POL-00000179,CLM-00000545,REFUND,BANK_TRANSFER,PROCESSED,2025-10-11,2025-10-11,484.87,484.87,BRL,826.153.490-15,das Neves S.A.,Alves,PE,2026-05-25 01:16:38
FLOW-0000003092,POL-00000306,CLM-00000260,REFUND,DEBIT,CANCELLED,2025-07-18,2025-07-23,8915.57,8915.57,BRL,369.542.108-89,Fonseca,Cirino,PR,2026-05-25 01:16:38
FLOW-0000003093,POL-00000171,CLM-00000204,REINSURANCE,BANK_SLIP,PENDING,2025-11-12,2025-11-12,5153.82,5153.82,BRL,706.318.924-78,Costela,Aragão do Norte,PI,2026-05-25 01:16:38
FLOW-0000003094,POL-00000430,CLM-00000448,REFUND,DEBIT,FAILED,2025-07-25,2025-07-29,10094.37,0.0,BRL,507.249.631-70,Ramos Siqueira S.A.,Martins,RR,2026-05-25 01:16:38
FLOW-0000003095,POL-00000300,CLM-00000066,PREMIUM_PAYMENT,BANK_TRANSFER,FAILED,2024-10-29,2024-11-01,20588.67,0.0,BRL,079.126.584-67,Nunes e Filhos,Barros Alegre,AP,2026-05-25 01:16:38
FLOW-0000003096,POL-00000010,CLM-00000033,CANCELLATION,PIX,CANCELLED,2024-07-19,2024-07-20,20775.79,20775.79,BRL,037.421.958-32,Nogueira,da Cunha dos Dourados,BA,2026-05-25 01:16:38
FLOW-0000003097,POL-00000160,CLM-00000989,REFUND,CREDIT_CARD,PENDING,2024-06-06,2024-06-08,10104.46,10104.46,BRL,401.728.369-13,Cavalcante S.A.,Sousa,SC,2026-05-25 01:16:38
FLOW-0000003098,POL-00000026,CLM-00000458,PREMIUM_PAYMENT,BANK_TRANSFER,PENDING,2024-05-29,2024-06-03,14753.39,14753.39,BRL,379.025.864-47,Machado S.A.,da Conceição de Ribeiro,PR,2026-05-25 01:16:38
FLOW-0000003099,POL-00000020,CLM-00000021,PREMIUM_PAYMENT,CREDIT_CARD,FAILED,2025-03-07,2025-03-10,16680.09,0.0,BRL,725.041.968-49,da Rosa Correia - ME,Sá de Cunha,MS,2026-05-25 01:16:38
FLOW-0000003100,POL-00000421,CLM-00000733,REINSURANCE,BANK_TRANSFER,PENDING,2024-09-12,2024-09-16,5937.0,5937.0,BRL,013.958.762-40,Lima,Barros da Mata,SC,2026-05-25 01:16:38
FLOW-0000003101,POL-00000294,CLM-00000004,CANCELLATION,CREDIT_CARD,FAILED,2026-03-16,2026-03-21,21455.11,0.0,BRL,459.763.021-06,Monteiro,Mendonça,PA,2026-05-25 01:16:38
FLOW-0000003102,POL-00000163,CLM-00000804,CANCELLATION,BANK_SLIP,PENDING,2025-08-05,2025-08-06,16709.36,16709.36,BRL,958.432.107-23,Macedo,Silva,PR,2026-05-25 01:16:38
FLOW-0000003103,POL-00000414,CLM-00000604,REINSURANCE,CREDIT_CARD,PENDING,2026-04-06,2026-04-06,6425.27,6425.27,BRL,927.461.380-69,Sampaio Farias Ltda.,Ribeiro do Oeste,RN,2026-05-25 01:16:38
FLOW-0000003104,POL-00000402,CLM-00000621,REFUND,BANK_TRANSFER,CANCELLED,2025-09-28,2025-10-03,20761.77,20761.77,BRL,917.645.823-73,Leão,Cardoso,TO,2026-05-25 01:16:38
FLOW-0000003105,POL-00000102,CLM-00000475,CANCELLATION,BANK_TRANSFER,PENDING,2026-04-18,2026-04-21,15990.1,15990.1,BRL,284.150.693-24,Correia,Caldeira do Sul,PB,2026-05-25 01:16:38
FLOW-0000003106,POL-00000309,CLM-00000570,REFUND,CREDIT_CARD,CANCELLED,2025-10-21,2025-10-24,17144.64,17144.64,BRL,631.948.270-22,Pimenta Andrade S/A,Viana do Amparo,RJ,2026-05-25 01:16:38
FLOW-0000003107,POL-00000077,CLM-00000222,REFUND,DEBIT,PENDING,2025-05-03,2025-05-03,10301.64,10301.64,BRL,867.530.219-30,Cunha Albuquerque - EI,Camargo,DF,2026-05-25 01:16:38
FLOW-0000003108,POL-00000293,CLM-00000273,REFUND,BANK_SLIP,CANCELLED,2024-12-10,2024-12-12,23816.03,23816.03,BRL,761.245.389-46,Lima - EI,das Neves de Campos,PE,2026-05-25 01:16:38
FLOW-0000003109,POL-00000094,CLM-00000216,COMMISSION,BANK_TRANSFER,CANCELLED,2025-05-10,2025-05-11,20781.37,20781.37,BRL,134.075.968-39,Albuquerque,Melo,RN,2026-05-25 01:16:38
FLOW-0000003110,POL-00000313,CLM-00000457,COMMISSION,PIX,PENDING,2025-01-13,2025-01-18,14794.83,14794.83,BRL,016.985.743-39,Lopes,Pastor de Duarte,MS,2026-05-25 01:16:38
FLOW-0000003111,POL-00000453,CLM-00000442,COMMISSION,BANK_SLIP,PROCESSED,2025-10-19,2025-10-19,17801.6,17801.6,BRL,746.218.359-55,Cavalcanti,Rezende das Pedras,PB,2026-05-25 01:16:38
FLOW-0000003112,POL-00000420,CLM-00000926,PREMIUM_PAYMENT,BANK_TRANSFER,CANCELLED,2026-01-13,2026-01-13,5397.84,5397.84,BRL,872.695.043-00,Pastor da Mota - ME,Vieira de Rezende,BA,2026-05-25 01:16:38
FLOW-0000003113,POL-00000431,CLM-00000163,REFUND,PIX,PENDING,2025-01-11,2025-01-12,2687.0,2687.0,BRL,629.150.473-16,Melo,Barros,GO,2026-05-25 01:16:38
FLOW-0000003114,POL-00000049,CLM-00000871,CANCELLATION,BANK_TRANSFER,FAILED,2026-01-04,2026-01-09,20091.08,0.0,BRL,543.067.892-92,da Mota,Sampaio,TO,2026-05-25 01:16:38
FLOW-0000003115,POL-00000462,CLM-00000151,CANCELLATION,PIX,CANCELLED,2026-02-07,2026-02-07,5918.51,5918.51,BRL,483.690.512-51,Mendonça Machado S.A.,Alves,AC,2026-05-25 01:16:38
FLOW-0000003116,POL-00000476,CLM-00000678,PREMIUM_PAYMENT,BANK_TRANSFER,FAILED,2024-10-01,2024-10-01,24401.48,0.0,BRL,782.510.436-62,Rezende da Conceição S/A,Borges,AP,2026-05-25 01:16:38
FLOW-0000003117,POL-00000458,CLM-00000267,PREMIUM_PAYMENT,CREDIT_CARD,CANCELLED,2025-11-26,2025-11-26,20392.21,20392.21,BRL,713.206.894-69,Borges Garcia e Filhos,Cassiano do Oeste,MS,2026-05-25 01:16:38
FLOW-0000003118,POL-00000485,CLM-00000902,PREMIUM_PAYMENT,CREDIT_CARD,CANCELLED,2026-04-28,2026-05-02,3499.1,3499.1,BRL,407.153.928-32,Ribeiro,Albuquerque de Barros,PI,2026-05-25 01:16:38
FLOW-0000003119,POL-00000498,CLM-00000520,CLAIM_PAYMENT,CREDIT_CARD,CANCELLED,2025-10-02,2025-10-06,12852.98,12852.98,BRL,752.841.096-94,Costela - EI,Ramos,RJ,2026-05-25 01:16:38
FLOW-0000003120,POL-00000032,CLM-00000832,REINSURANCE,PIX,PROCESSED,2024-07-29,2024-08-01,23316.05,23316.05,BRL,836.910.574-20,Monteiro,Viana da Prata,RN,2026-05-25 01:16:38
FLOW-0000003121,POL-00000164,CLM-00000485,REFUND,PIX,CANCELLED,2024-07-31,2024-08-02,13525.37,13525.37,BRL,806.947.312-69,Sampaio,Jesus Grande,MG,2026-05-25 01:16:38
FLOW-0000003122,POL-00000154,CLM-00000610,REFUND,DEBIT,PENDING,2025-11-22,2025-11-23,21060.86,21060.86,BRL,246.130.579-06,Cavalcante,Oliveira,MG,2026-05-25 01:16:38
FLOW-0000003123,POL-00000479,CLM-00000162,CANCELLATION,BANK_TRANSFER,PENDING,2024-07-13,2024-07-13,19127.01,19127.01,BRL,164.287.390-03,Pastor,Jesus,RR,2026-05-25 01:16:38
FLOW-0000003124,POL-00000406,CLM-00000170,REINSURANCE,BANK_TRANSFER,FAILED,2025-03-04,2025-03-07,16874.79,0.0,BRL,734.895.120-14,da Cruz - ME,Nogueira de Aragão,SC,2026-05-25 01:16:38
FLOW-0000003125,POL-00000238,CLM-00000744,REINSURANCE,DEBIT,PROCESSED,2025-04-12,2025-04-17,10615.69,10615.69,BRL,973.162.480-50,da Rosa,Ribeiro,AC,2026-05-25 01:16:38
FLOW-0000003126,POL-00000341,CLM-00000651,CANCELLATION,PIX,CANCELLED,2026-03-01,2026-03-05,23584.59,23584.59,BRL,764.231.058-71,Siqueira,Macedo,RN,2026-05-25 01:16:38
FLOW-0000003127,POL-00000366,CLM-00000121,COMMISSION,CREDIT_CARD,PROCESSED,2025-07-23,2025-07-25,1126.21,1126.21,BRL,120.479.836-22,Fernandes,da Rosa de Ramos,PR,2026-05-25 01:16:38
FLOW-0000003128,POL-00000182,CLM-00000438,REFUND,PIX,PENDING,2025-01-08,2025-01-08,19763.41,19763.41,BRL,840.361.592-24,Brito,Sales,AM,2026-05-25 01:16:38
FLOW-0000003129,POL-00000091,CLM-00000500,CANCELLATION,CREDIT_CARD,PROCESSED,2026-05-01,2026-05-04,22494.7,22494.7,BRL,671.429.803-03,Campos Fernandes e Filhos,Moreira do Sul,AL,2026-05-25 01:16:38
FLOW-0000003130,POL-00000171,CLM-00000741,CANCELLATION,DEBIT,PROCESSED,2025-07-03,2025-07-08,22349.38,22349.38,BRL,196.450.832-06,Câmara Ltda.,Nogueira,CE,2026-05-25 01:16:38
FLOW-0000003131,POL-00000094,CLM-00000300,REFUND,PIX,CANCELLED,2025-07-14,2025-07-16,2719.87,2719.87,BRL,735.604.928-74,Pimenta e Filhos,da Mata,PR,2026-05-25 01:16:38
FLOW-0000003132,POL-00000428,CLM-00000625,CANCELLATION,DEBIT,FAILED,2024-12-10,2024-12-14,23159.37,0.0,BRL,742.836.501-53,Nascimento,Pastor,AP,2026-05-25 01:16:38
FLOW-0000003133,POL-00000480,CLM-00000627,CANCELLATION,DEBIT,FAILED,2025-10-22,2025-10-25,13692.62,0.0,BRL,471.859.362-09,Brito,da Costa dos Dourados,DF,2026-05-25 01:16:38
FLOW-0000003134,POL-00000078,CLM-00000067,REINSURANCE,DEBIT,FAILED,2025-04-22,2025-04-22,6677.84,0.0,BRL,059.682.174-30,Gonçalves,Cavalcanti,AC,2026-05-25 01:16:38
FLOW-0000003135,POL-00000198,CLM-00000146,COMMISSION,BANK_SLIP,PENDING,2025-09-13,2025-09-13,3866.08,3866.08,BRL,962.541.308-15,Costela da Luz - EI,Pacheco,AP,2026-05-25 01:16:38
FLOW-0000003136,POL-00000141,CLM-00000556,CLAIM_PAYMENT,BANK_TRANSFER,CANCELLED,2025-08-03,2025-08-05,14520.94,14520.94,BRL,872.019.453-60,Martins e Filhos,da Rocha de Vasconcelos,RR,2026-05-25 01:16:38
FLOW-0000003137,POL-00000137,CLM-00000548,REINSURANCE,DEBIT,PROCESSED,2026-02-16,2026-02-17,58.57,58.57,BRL,516.243.908-89,Gomes Ltda.,Cunha do Campo,MS,2026-05-25 01:16:38
FLOW-0000003138,POL-00000451,CLM-00000447,CLAIM_PAYMENT,BANK_SLIP,PENDING,2025-01-09,2025-01-13,17432.36,17432.36,BRL,059.431.782-79,Pinto,Pimenta Grande,RS,2026-05-25 01:16:38
FLOW-0000003139,POL-00000309,CLM-00000590,CLAIM_PAYMENT,PIX,CANCELLED,2026-03-13,2026-03-15,9909.95,9909.95,BRL,095.164.827-67,Sá Ltda.,Vieira de Lopes,AL,2026-05-25 01:16:38
FLOW-0000003140,POL-00000154,CLM-00000076,PREMIUM_PAYMENT,BANK_SLIP,PENDING,2026-03-02,2026-03-05,600.27,600.27,BRL,216.478.539-82,Moraes,Montenegro de Nogueira,PR,2026-05-25 01:16:38
FLOW-0000003141,POL-00000184,CLM-00000678,CANCELLATION,BANK_TRANSFER,PROCESSED,2025-10-03,2025-10-03,14683.12,14683.12,BRL,489.516.023-89,Teixeira,Novaes,MS,2026-05-25 01:16:38
FLOW-0000003142,POL-00000056,CLM-00000239,CLAIM_PAYMENT,BANK_SLIP,CANCELLED,2024-12-23,2024-12-28,20380.84,20380.84,BRL,357.409.168-01,Macedo,Silva do Norte,SE,2026-05-25 01:16:38
FLOW-0000003143,POL-00000096,CLM-00000255,PREMIUM_PAYMENT,PIX,FAILED,2025-01-22,2025-01-25,18006.88,0.0,BRL,078.956.132-86,Barbosa Cavalcanti e Filhos,Gonçalves,PR,2026-05-25 01:16:38
FLOW-0000003144,POL-00000206,CLM-00000341,REINSURANCE,PIX,PENDING,2025-08-30,2025-09-01,8064.38,8064.38,BRL,139.784.650-00,Correia,Alves,PB,2026-05-25 01:16:38
FLOW-0000003145,POL-00000254,CLM-00000149,COMMISSION,CREDIT_CARD,FAILED,2025-12-17,2025-12-18,9039.89,0.0,BRL,729.381.540-97,da Luz,Sampaio,RS,2026-05-25 01:16:38
FLOW-0000003146,POL-00000333,CLM-00000033,REFUND,BANK_SLIP,FAILED,2026-05-17,2026-05-17,15426.18,0.0,BRL,732.198.540-79,Rodrigues da Cunha - EI,Santos do Amparo,RR,2026-05-25 01:16:38
FLOW-0000003147,POL-00000206,CLM-00000866,PREMIUM_PAYMENT,PIX,CANCELLED,2025-05-26,2025-05-31,7264.35,7264.35,BRL,591.682.034-89,Moura e Filhos,Cavalcanti,DF,2026-05-25 01:16:38
FLOW-0000003148,POL-00000396,CLM-00000529,REFUND,BANK_SLIP,PENDING,2024-06-17,2024-06-20,18902.36,18902.36,BRL,041.932.675-80,da Cruz,Lopes,PI,2026-05-25 01:16:38
FLOW-0000003149,POL-00000280,CLM-00000555,REINSURANCE,PIX,PENDING,2026-05-16,2026-05-21,6504.36,6504.36,BRL,275.094.138-50,Campos Abreu Ltda.,Moura de Macedo,RJ,2026-05-25 01:16:38
FLOW-0000003150,POL-00000050,CLM-00000279,REINSURANCE,PIX,PROCESSED,2025-06-10,2025-06-13,11570.04,11570.04,BRL,817.025.946-02,Cunha,Aparecida Grande,PB,2026-05-25 01:16:38
FLOW-0000003151,POL-00000404,CLM-00000232,REINSURANCE,CREDIT_CARD,PENDING,2025-11-29,2025-12-02,6808.21,6808.21,BRL,741.923.065-06,Souza,Pacheco,SE,2026-05-25 01:16:38
FLOW-0000003152,POL-00000485,CLM-00000272,REFUND,BANK_TRANSFER,CANCELLED,2025-12-21,2025-12-25,4658.46,4658.46,BRL,621.905.438-51,Mendonça,da Mata das Flores,PI,2026-05-25 01:16:38
FLOW-0000003153,POL-00000358,CLM-00000999,REINSURANCE,BANK_TRANSFER,PROCESSED,2025-11-27,2025-11-30,15430.88,15430.88,BRL,063.487.591-48,Cavalcanti,Cirino,SC,2026-05-25 01:16:38
FLOW-0000003154,POL-00000160,CLM-00000953,REINSURANCE,BANK_TRANSFER,CANCELLED,2024-07-07,2024-07-10,17427.16,17427.16,BRL,107.246.893-03,Moreira S.A.,Sales dos Dourados,SP,2026-05-25 01:16:38
FLOW-0000003155,POL-00000168,CLM-00000349,CANCELLATION,BANK_TRANSFER,PENDING,2026-04-22,2026-04-25,14202.17,14202.17,BRL,570.326.814-17,Moura,Abreu da Serra,AL,2026-05-25 01:16:38
FLOW-0000003156,POL-00000057,CLM-00000128,CANCELLATION,BANK_TRANSFER,PENDING,2026-04-13,2026-04-15,24473.46,24473.46,BRL,538.902.761-21,Novaes Carvalho - EI,Sampaio da Serra,AL,2026-05-25 01:16:38
FLOW-0000003157,POL-00000030,CLM-00000866,CANCELLATION,DEBIT,PROCESSED,2024-11-08,2024-11-09,18073.42,18073.42,BRL,897.023.456-00,Peixoto Cassiano Ltda.,Carvalho,DF,2026-05-25 01:16:38
FLOW-0000003158,POL-00000180,CLM-00000117,REFUND,PIX,PENDING,2025-06-13,2025-06-15,6197.59,6197.59,BRL,921.845.307-60,Marques da Paz e Filhos,da Paz,AM,2026-05-25 01:16:38
FLOW-0000003159,POL-00000117,CLM-00000853,CANCELLATION,BANK_TRANSFER,PENDING,2025-11-08,2025-11-11,2011.23,2011.23,BRL,085.674.932-00,Barros Lima S/A,Monteiro de Nascimento,MT,2026-05-25 01:16:38
FLOW-0000003160,POL-00000107,CLM-00000432,REINSURANCE,CREDIT_CARD,CANCELLED,2024-11-22,2024-11-26,18830.02,18830.02,BRL,978.302.165-68,Sá Duarte S/A,Brito,ES,2026-05-25 01:16:38
FLOW-0000003161,POL-00000052,CLM-00000528,CANCELLATION,BANK_TRANSFER,PROCESSED,2026-01-16,2026-01-17,10299.2,10299.2,BRL,810.672.943-50,da Mata Barros S/A,Lima do Amparo,CE,2026-05-25 01:16:38
FLOW-0000003162,POL-00000195,CLM-00000498,REINSURANCE,PIX,PENDING,2026-01-18,2026-01-20,8224.96,8224.96,BRL,925.073.148-50,Abreu,Abreu da Serra,AP,2026-05-25 01:16:38
FLOW-0000003163,POL-00000414,CLM-00000140,CANCELLATION,CREDIT_CARD,FAILED,2024-05-27,2024-05-27,668.09,0.0,BRL,157.023.986-02,Mendes,Oliveira,PA,2026-05-25 01:16:38
FLOW-0000003164,POL-00000025,CLM-00000301,COMMISSION,DEBIT,PROCESSED,2024-06-23,2024-06-27,24283.31,24283.31,BRL,829.734.615-37,Porto,da Mata de Novaes,AC,2026-05-25 01:16:38
FLOW-0000003165,POL-00000221,CLM-00000510,COMMISSION,DEBIT,CANCELLED,2025-01-03,2025-01-06,17076.09,17076.09,BRL,359.802.671-40,Viana,Aparecida,BA,2026-05-25 01:16:38
FLOW-0000003166,POL-00000083,CLM-00000015,REFUND,CREDIT_CARD,FAILED,2025-09-09,2025-09-09,8205.52,0.0,BRL,843.201.756-62,Lopes,Machado da Prata,ES,2026-05-25 01:16:38
FLOW-0000003167,POL-00000388,CLM-00000454,COMMISSION,CREDIT_CARD,CANCELLED,2025-12-02,2025-12-04,10618.59,10618.59,BRL,031.289.674-31,Dias S.A.,Porto do Sul,AC,2026-05-25 01:16:38
FLOW-0000003168,POL-00000401,CLM-00000976,REINSURANCE,CREDIT_CARD,CANCELLED,2024-07-01,2024-07-05,22316.97,22316.97,BRL,528.916.704-85,Moura,Santos,MS,2026-05-25 01:16:38
FLOW-0000003169,POL-00000218,CLM-00000134,CLAIM_PAYMENT,BANK_SLIP,PENDING,2025-10-14,2025-10-16,24120.71,24120.71,BRL,315.796.824-64,da Costa,Ramos de Freitas,PE,2026-05-25 01:16:38
FLOW-0000003170,POL-00000402,CLM-00000134,REFUND,BANK_SLIP,CANCELLED,2024-07-04,2024-07-06,6489.31,6489.31,BRL,125.076.948-58,Monteiro Rios - EI,Montenegro do Galho,AM,2026-05-25 01:16:38
FLOW-0000003171,POL-00000056,CLM-00000407,COMMISSION,CREDIT_CARD,PENDING,2024-12-07,2024-12-10,8445.86,8445.86,BRL,378.962.041-69,Casa Grande Moreira S.A.,Ribeiro,RJ,2026-05-25 01:16:38
FLOW-0000003172,POL-00000005,CLM-00000712,CLAIM_PAYMENT,DEBIT,PENDING,2024-11-18,2024-11-22,15225.59,15225.59,BRL,685.329.047-00,da Conceição Pastor e Filhos,Pereira de Borges,RS,2026-05-25 01:16:38
FLOW-0000003173,POL-00000078,CLM-00000302,PREMIUM_PAYMENT,BANK_SLIP,PROCESSED,2025-05-20,2025-05-21,21396.61,21396.61,BRL,293.856.740-56,Borges,Farias da Serra,CE,2026-05-25 01:16:38
FLOW-0000003174,POL-00000160,CLM-00000411,REFUND,BANK_SLIP,CANCELLED,2025-06-01,2025-06-04,10733.14,10733.14,BRL,376.180.245-53,Novaes,Sales,BA,2026-05-25 01:16:38
FLOW-0000003175,POL-00000054,CLM-00000081,REFUND,BANK_SLIP,PENDING,2025-11-04,2025-11-06,15351.16,15351.16,BRL,947.015.832-60,Brito Ltda.,Costa do Norte,DF,2026-05-25 01:16:38
FLOW-0000003176,POL-00000191,CLM-00000933,PREMIUM_PAYMENT,BANK_TRANSFER,PENDING,2026-02-13,2026-02-15,17743.07,17743.07,BRL,546.718.309-57,Cunha,da Mata de Nunes,PB,2026-05-25 01:16:38
FLOW-0000003177,POL-00000031,CLM-00000007,REINSURANCE,BANK_TRANSFER,CANCELLED,2025-08-13,2025-08-15,13358.55,13358.55,BRL,305.167.294-70,Campos,Marques do Sul,SP,2026-05-25 01:16:38
FLOW-0000003178,POL-00000247,CLM-00000729,REINSURANCE,DEBIT,CANCELLED,2026-04-11,2026-04-11,2753.28,2753.28,BRL,184.725.603-17,Cunha,Sampaio,MG,2026-05-25 01:16:38
FLOW-0000003179,POL-00000296,CLM-00000610,PREMIUM_PAYMENT,CREDIT_CARD,PROCESSED,2025-07-21,2025-07-25,3239.91,3239.91,BRL,854.761.209-20,Alves - EI,Albuquerque Verde,RN,2026-05-25 01:16:38
FLOW-0000003180,POL-00000229,CLM-00000139,PREMIUM_PAYMENT,DEBIT,FAILED,2025-06-11,2025-06-14,23271.59,0.0,BRL,807.941.652-49,Machado da Cunha S/A,Almeida de Andrade,TO,2026-05-25 01:16:38
FLOW-0000003181,POL-00000039,CLM-00000151,CANCELLATION,PIX,CANCELLED,2024-07-25,2024-07-27,21325.91,21325.91,BRL,781.205.946-49,da Rosa,Siqueira de Goiás,MT,2026-05-25 01:16:38
FLOW-0000003182,POL-00000118,CLM-00000754,REINSURANCE,DEBIT,FAILED,2025-10-25,2025-10-26,1384.11,0.0,BRL,649.023.815-24,Lopes S.A.,Fonseca de Rezende,BA,2026-05-25 01:16:38
FLOW-0000003183,POL-00000444,CLM-00000771,COMMISSION,BANK_TRANSFER,CANCELLED,2025-07-18,2025-07-20,5738.0,5738.0,BRL,349.876.521-37,Farias,Sá de Goiás,MT,2026-05-25 01:16:38
FLOW-0000003184,POL-00000189,CLM-00000272,COMMISSION,BANK_TRANSFER,PROCESSED,2026-01-25,2026-01-25,11557.05,11557.05,BRL,936.045.218-15,Azevedo S.A.,Aragão Paulista,SP,2026-05-25 01:16:38
FLOW-0000003185,POL-00000258,CLM-00000333,PREMIUM_PAYMENT,CREDIT_CARD,PROCESSED,2024-07-26,2024-07-27,7778.59,7778.59,BRL,921.735.684-00,Sá,Cavalcanti,CE,2026-05-25 01:16:38
FLOW-0000003186,POL-00000017,CLM-00000693,COMMISSION,DEBIT,PENDING,2026-02-20,2026-02-22,19933.05,19933.05,BRL,284.305.971-23,da Rosa e Filhos,Câmara de Minas,PB,2026-05-25 01:16:38
FLOW-0000003187,POL-00000334,CLM-00000479,COMMISSION,CREDIT_CARD,FAILED,2024-10-03,2024-10-05,7672.3,0.0,BRL,823.960.715-21,Cardoso,Guerra,RJ,2026-05-25 01:16:38
FLOW-0000003188,POL-00000058,CLM-00000144,CLAIM_PAYMENT,BANK_SLIP,PENDING,2025-10-24,2025-10-29,3683.77,3683.77,BRL,512.368.094-24,da Conceição Silveira e Filhos,Rezende do Galho,PA,2026-05-25 01:16:38
FLOW-0000003189,POL-00000395,CLM-00000551,REFUND,BANK_TRANSFER,FAILED,2025-07-30,2025-07-31,23369.64,0.0,BRL,873.260.491-22,Novaes,Vasconcelos,ES,2026-05-25 01:16:38
FLOW-0000003190,POL-00000231,CLM-00000449,REFUND,DEBIT,PENDING,2025-10-16,2025-10-21,18287.76,18287.76,BRL,932.015.478-32,Barros Rios - EI,Cardoso do Campo,MS,2026-05-25 01:16:38
FLOW-0000003191,POL-00000251,CLM-00000174,COMMISSION,PIX,PROCESSED,2026-03-23,2026-03-24,6110.26,6110.26,BRL,573.684.201-71,Camargo da Mota S/A,Martins Verde,PR,2026-05-25 01:16:38
FLOW-0000003192,POL-00000351,CLM-00000174,REINSURANCE,PIX,CANCELLED,2024-10-03,2024-10-04,21696.87,21696.87,BRL,862.149.370-50,Moura S/A,Fernandes da Prata,BA,2026-05-25 01:16:38
FLOW-0000003193,POL-00000411,CLM-00000868,PREMIUM_PAYMENT,PIX,PENDING,2024-08-26,2024-08-29,8873.07,8873.07,BRL,217.845.306-62,da Costa e Filhos,Nunes das Pedras,MA,2026-05-25 01:16:38
FLOW-0000003194,POL-00000131,CLM-00000337,CLAIM_PAYMENT,BANK_SLIP,PENDING,2025-04-15,2025-04-19,19611.75,19611.75,BRL,638.527.194-37,Duarte,Borges da Mata,CE,2026-05-25 01:16:38
FLOW-0000003195,POL-00000369,CLM-00000559,CLAIM_PAYMENT,BANK_TRANSFER,FAILED,2025-11-08,2025-11-08,9695.99,0.0,BRL,215.436.709-70,Ramos,Sousa,PB,2026-05-25 01:16:38
FLOW-0000003196,POL-00000435,CLM-00000236,CLAIM_PAYMENT,CREDIT_CARD,FAILED,2025-07-27,2025-07-28,6705.8,0.0,BRL,456.928.730-10,da Cruz,Ramos de Andrade,PB,2026-05-25 01:16:38
FLOW-0000003197,POL-00000264,CLM-00000071,CANCELLATION,DEBIT,PENDING,2026-01-11,2026-01-11,942.31,942.31,BRL,425.830.791-23,Brito,Ribeiro da Prata,MA,2026-05-25 01:16:38
FLOW-0000003198,POL-00000432,CLM-00000436,COMMISSION,CREDIT_CARD,PENDING,2025-03-10,2025-03-13,11880.56,11880.56,BRL,628.345.719-37,Moreira,Nascimento das Flores,MA,2026-05-25 01:16:38
FLOW-0000003199,POL-00000134,CLM-00000269,COMMISSION,DEBIT,FAILED,2024-11-09,2024-11-10,7007.41,0.0,BRL,024.786.593-10,Novaes - EI,Caldeira,MA,2026-05-25 01:16:38
FLOW-0000003200,POL-00000353,CLM-00000068,CLAIM_PAYMENT,DEBIT,FAILED,2024-12-15,2024-12-15,20655.0,0.0,BRL,142.568.973-64,da Luz Cardoso S.A.,Costela,RN,2026-05-25 01:16:38
FLOW-0000003201,POL-00000008,CLM-00000658,REFUND,CREDIT_CARD,PENDING,2024-07-08,2024-07-12,15507.55,15507.55,BRL,391.486.570-93,Ramos,Fernandes,AL,2026-05-25 01:16:38
FLOW-0000003202,POL-00000275,CLM-00000468,PREMIUM_PAYMENT,BANK_TRANSFER,PROCESSED,2024-06-12,2024-06-13,16109.05,16109.05,BRL,213.670.458-35,Machado S/A,Vargas de Pires,ES,2026-05-25 01:16:38
FLOW-0000003203,POL-00000412,CLM-00000638,REINSURANCE,BANK_TRANSFER,CANCELLED,2026-03-18,2026-03-22,16543.71,16543.71,BRL,869.517.240-67,Jesus Ramos S/A,Silva de Porto,PA,2026-05-25 01:16:38
FLOW-0000003204,POL-00000454,CLM-00000909,REINSURANCE,BANK_TRANSFER,PROCESSED,2025-10-10,2025-10-14,10668.34,10668.34,BRL,145.328.967-46,Ferreira,Pires,PI,2026-05-25 01:16:38
FLOW-0000003205,POL-00000297,CLM-00000720,COMMISSION,BANK_SLIP,CANCELLED,2024-11-06,2024-11-06,7686.57,7686.57,BRL,524.930.817-14,Vasconcelos,Lopes de Cavalcanti,AM,2026-05-25 01:16:38
FLOW-0000003206,POL-00000130,CLM-00000386,REFUND,BANK_SLIP,PROCESSED,2024-05-26,2024-05-29,2661.12,2661.12,BRL,807.649.213-04,Campos Nascimento Ltda.,Peixoto,ES,2026-05-25 01:16:38
FLOW-0000003207,POL-00000364,CLM-00000259,CANCELLATION,BANK_SLIP,CANCELLED,2025-08-30,2025-08-30,20265.08,20265.08,BRL,358.216.709-77,Novaes S.A.,Vargas de Mendonça,PA,2026-05-25 01:16:38
FLOW-0000003208,POL-00000304,CLM-00000461,CLAIM_PAYMENT,BANK_SLIP,PROCESSED,2025-09-22,2025-09-24,3348.42,3348.42,BRL,314.528.970-50,Garcia e Filhos,Campos,RO,2026-05-25 01:16:38
FLOW-0000003209,POL-00000078,CLM-00001000,REINSURANCE,PIX,PENDING,2026-04-26,2026-04-30,5924.87,5924.87,BRL,840.362.971-04,Oliveira Farias S.A.,Lima Paulista,PR,2026-05-25 01:16:38
FLOW-0000003210,POL-00000201,CLM-00000943,REFUND,BANK_SLIP,PENDING,2025-03-30,2025-04-04,16505.3,16505.3,BRL,576.213.890-95,da Rosa e Filhos,Novais do Norte,MA,2026-05-25 01:16:38
FLOW-0000003211,POL-00000365,CLM-00000592,CLAIM_PAYMENT,BANK_TRANSFER,PENDING,2025-10-27,2025-10-31,5291.75,5291.75,BRL,401.359.826-42,Cavalcanti,Melo Alegre,SE,2026-05-25 01:16:38
FLOW-0000003212,POL-00000418,CLM-00000120,PREMIUM_PAYMENT,PIX,PENDING,2026-04-26,2026-04-27,4236.19,4236.19,BRL,816.734.295-64,Gonçalves Correia - ME,Alves,CE,2026-05-25 01:16:38
FLOW-0000003213,POL-00000033,CLM-00000709,PREMIUM_PAYMENT,BANK_TRANSFER,PENDING,2024-11-08,2024-11-09,5788.99,5788.99,BRL,541.032.798-50,Viana e Filhos,Martins,AL,2026-05-25 01:16:38
FLOW-0000003214,POL-00000024,CLM-00000932,REFUND,PIX,PENDING,2025-05-19,2025-05-22,11559.66,11559.66,BRL,813.250.674-07,Costa - EI,Macedo,DF,2026-05-25 01:16:38
FLOW-0000003215,POL-00000367,CLM-00000396,REINSURANCE,PIX,CANCELLED,2025-01-29,2025-02-02,21039.81,21039.81,BRL,508.312.674-53,Garcia,Barros,SC,2026-05-25 01:16:38
FLOW-0000003216,POL-00000191,CLM-00000393,COMMISSION,PIX,PROCESSED,2025-09-09,2025-09-09,13716.14,13716.14,BRL,895.206.731-21,Fonseca - ME,Costela da Prata,PA,2026-05-25 01:16:38
FLOW-0000003217,POL-00000460,CLM-00000567,CANCELLATION,CREDIT_CARD,PROCESSED,2024-07-23,2024-07-25,1589.71,1589.71,BRL,043.267.985-56,Nogueira,Rocha de Nascimento,PE,2026-05-25 01:16:38
FLOW-0000003218,POL-00000302,CLM-00000523,CANCELLATION,PIX,PENDING,2024-08-22,2024-08-24,16264.4,16264.4,BRL,487.369.512-00,Rezende,Vasconcelos dos Dourados,RN,2026-05-25 01:16:38
FLOW-0000003219,POL-00000100,CLM-00000323,REINSURANCE,CREDIT_CARD,PROCESSED,2025-09-17,2025-09-20,6945.27,6945.27,BRL,601.924.835-60,Castro Ltda.,Cavalcante,PE,2026-05-25 01:16:38
FLOW-0000003220,POL-00000427,CLM-00000693,REINSURANCE,PIX,FAILED,2024-12-05,2024-12-08,21665.55,0.0,BRL,912.357.684-73,Marques,Ramos,RO,2026-05-25 01:16:38
FLOW-0000003221,POL-00000235,CLM-00000856,CANCELLATION,DEBIT,PENDING,2024-08-30,2024-08-30,141.07,141.07,BRL,625.471.083-80,Vieira Nogueira Ltda.,Mendes de Sampaio,TO,2026-05-25 01:16:38
FLOW-0000003222,POL-00000488,CLM-00000761,COMMISSION,BANK_TRANSFER,FAILED,2025-07-05,2025-07-06,137.53,0.0,BRL,528.074.316-07,Vasconcelos Ltda.,Garcia,BA,2026-05-25 01:16:38
FLOW-0000003223,POL-00000011,CLM-00000925,PREMIUM_PAYMENT,PIX,FAILED,2024-11-06,2024-11-09,10966.5,0.0,BRL,849.065.217-11,Ramos Porto - EI,Ribeiro dos Dourados,PB,2026-05-25 01:16:38
FLOW-0000003224,POL-00000217,CLM-00000276,CANCELLATION,PIX,CANCELLED,2025-09-18,2025-09-21,10849.63,10849.63,BRL,396.580.471-57,Mendonça Câmara e Filhos,Aragão do Campo,BA,2026-05-25 01:16:38
FLOW-0000003225,POL-00000470,CLM-00000380,CANCELLATION,CREDIT_CARD,CANCELLED,2024-06-14,2024-06-14,375.4,375.4,BRL,685.134.729-64,Cavalcante,Câmara,AC,2026-05-25 01:16:38
FLOW-0000003226,POL-00000145,CLM-00000002,CANCELLATION,DEBIT,PROCESSED,2025-08-17,2025-08-17,17738.52,17738.52,BRL,385.497.261-09,Moura Nunes S/A,da Rocha das Pedras,TO,2026-05-25 01:16:38
FLOW-0000003227,POL-00000396,CLM-00000634,REFUND,DEBIT,FAILED,2025-02-20,2025-02-24,8132.08,0.0,BRL,328.097.514-04,da Mota S.A.,Casa Grande da Mata,RN,2026-05-25 01:16:38
FLOW-0000003228,POL-00000396,CLM-00000576,PREMIUM_PAYMENT,BANK_SLIP,FAILED,2025-10-02,2025-10-02,13093.68,0.0,BRL,456.982.301-70,Vargas,Barbosa,CE,2026-05-25 01:16:38
FLOW-0000003229,POL-00000284,CLM-00000145,CLAIM_PAYMENT,DEBIT,FAILED,2024-08-02,2024-08-05,10521.28,0.0,BRL,168.027.349-31,Silva Ltda.,da Cunha,RJ,2026-05-25 01:16:38
FLOW-0000003230,POL-00000082,CLM-00000398,REINSURANCE,BANK_TRANSFER,CANCELLED,2025-01-25,2025-01-29,18154.11,18154.11,BRL,574.360.912-80,Correia,Silva dos Dourados,AC,2026-05-25 01:16:38
FLOW-0000003231,POL-00000277,CLM-00000444,REINSURANCE,BANK_TRANSFER,PROCESSED,2025-10-31,2025-11-03,19633.55,19633.55,BRL,760.195.432-34,Garcia,Andrade,AC,2026-05-25 01:16:38
FLOW-0000003232,POL-00000242,CLM-00000542,CANCELLATION,DEBIT,PENDING,2025-05-16,2025-05-20,13024.97,13024.97,BRL,948.367.250-38,Costa S/A,Cunha do Sul,PI,2026-05-25 01:16:38
FLOW-0000003233,POL-00000412,CLM-00000606,PREMIUM_PAYMENT,DEBIT,FAILED,2024-10-31,2024-11-04,1862.56,0.0,BRL,618.795.023-21,Pires Ferreira e Filhos,Novais da Serra,SE,2026-05-25 01:16:38
FLOW-0000003234,POL-00000460,CLM-00000387,PREMIUM_PAYMENT,PIX,CANCELLED,2024-06-15,2024-06-16,9107.38,9107.38,BRL,847.653.120-62,Sampaio Fernandes S.A.,Gomes,MG,2026-05-25 01:16:38
FLOW-0000003235,POL-00000483,CLM-00000090,CLAIM_PAYMENT,BANK_SLIP,PENDING,2026-05-22,2026-05-27,14887.8,14887.8,BRL,321.450.897-05,Cirino S/A,Martins das Pedras,MS,2026-05-25 01:16:38
FLOW-0000003236,POL-00000435,CLM-00000987,COMMISSION,BANK_TRANSFER,CANCELLED,2025-08-06,2025-08-09,22035.43,22035.43,BRL,670.432.891-22,Costa,Montenegro de Rocha,AM,2026-05-25 01:16:38
FLOW-0000003237,POL-00000008,CLM-00000310,CLAIM_PAYMENT,PIX,CANCELLED,2025-10-01,2025-10-05,13998.74,13998.74,BRL,593.470.168-10,Fonseca e Filhos,Abreu Verde,PA,2026-05-25 01:16:38
FLOW-0000003238,POL-00000479,CLM-00000143,REINSURANCE,PIX,FAILED,2024-10-21,2024-10-25,21376.78,0.0,BRL,304.756.298-92,Castro,Gomes,RR,2026-05-25 01:16:38
FLOW-0000003239,POL-00000498,CLM-00000981,REINSURANCE,PIX,FAILED,2024-09-03,2024-09-06,9062.11,0.0,BRL,107.354.689-66,Rocha - ME,Castro,RN,2026-05-25 01:16:38
FLOW-0000003240,POL-00000344,CLM-00000766,COMMISSION,BANK_SLIP,PENDING,2025-02-01,2025-02-04,12192.11,12192.11,BRL,108.634.792-78,Mendes Camargo S.A.,Guerra da Serra,RO,2026-05-25 01:16:38
FLOW-0000003241,POL-00000402,CLM-00000077,REINSURANCE,PIX,PROCESSED,2025-02-01,2025-02-04,7455.11,7455.11,BRL,695.184.723-19,Rios Nascimento S/A,Fogaça,BA,2026-05-25 01:16:38
FLOW-0000003242,POL-00000144,CLM-00000095,CANCELLATION,BANK_TRANSFER,PROCESSED,2024-07-29,2024-08-02,16840.71,16840.71,BRL,628.047.359-74,da Rocha Martins S/A,da Costa,SE,2026-05-25 01:16:38
FLOW-0000003243,POL-00000137,CLM-00000182,CLAIM_PAYMENT,BANK_SLIP,CANCELLED,2025-09-10,2025-09-15,14825.9,14825.9,BRL,492.368.071-78,Novaes S.A.,Siqueira,SP,2026-05-25 01:16:38
FLOW-0000003244,POL-00000263,CLM-00000602,REFUND,PIX,FAILED,2025-01-24,2025-01-25,15098.81,0.0,BRL,349.871.065-66,Costa Vargas e Filhos,Oliveira,PA,2026-05-25 01:16:38
FLOW-0000003245,POL-00000370,CLM-00000749,CANCELLATION,CREDIT_CARD,FAILED,2025-05-23,2025-05-26,1382.19,0.0,BRL,724.850.193-04,Oliveira e Filhos,da Rocha do Norte,RN,2026-05-25 01:16:38
FLOW-0000003246,POL-00000349,CLM-00000301,PREMIUM_PAYMENT,CREDIT_CARD,FAILED,2025-05-27,2025-05-29,22910.38,0.0,BRL,418.259.037-60,Peixoto S.A.,Mendes do Sul,CE,2026-05-25 01:16:38
FLOW-0000003247,POL-00000223,CLM-00000799,PREMIUM_PAYMENT,BANK_TRANSFER,FAILED,2025-04-26,2025-04-29,20844.3,0.0,BRL,293.067.451-25,Viana,Nascimento Paulista,TO,2026-05-25 01:16:38
FLOW-0000003248,POL-00000065,CLM-00000865,REINSURANCE,CREDIT_CARD,PROCESSED,2026-05-14,2026-05-15,122.01,122.01,BRL,692.013.854-98,Azevedo S.A.,da Conceição,TO,2026-05-25 01:16:38
FLOW-0000003249,POL-00000481,CLM-00000752,CANCELLATION,PIX,PENDING,2024-09-01,2024-09-04,20771.09,20771.09,BRL,307.428.916-31,Vieira S/A,da Cruz de Almeida,MS,2026-05-25 01:16:38
FLOW-0000003250,POL-00000210,CLM-00000282,CLAIM_PAYMENT,PIX,FAILED,2024-07-25,2024-07-25,15821.35,0.0,BRL,495.072.136-43,da Rosa,Camargo de da Cunha,SE,2026-05-25 01:16:38
FLOW-0000003251,POL-00000434,CLM-00000886,CLAIM_PAYMENT,DEBIT,FAILED,2026-02-24,2026-02-27,4333.34,0.0,BRL,481.795.036-66,Macedo S/A,da Paz de Goiás,SP,2026-05-25 01:16:38
FLOW-0000003252,POL-00000455,CLM-00000739,REINSURANCE,CREDIT_CARD,FAILED,2025-01-24,2025-01-25,12602.31,0.0,BRL,163.458.927-00,Vargas,Rios do Norte,TO,2026-05-25 01:16:38
FLOW-0000003253,POL-00000083,CLM-00000706,REFUND,CREDIT_CARD,PROCESSED,2024-12-15,2024-12-15,1507.35,1507.35,BRL,958.067.413-20,da Cruz,Caldeira,TO,2026-05-25 01:16:38
FLOW-0000003254,POL-00000215,CLM-00000075,PREMIUM_PAYMENT,DEBIT,PROCESSED,2025-06-14,2025-06-19,11342.97,11342.97,BRL,142.693.087-96,Albuquerque Vasconcelos Ltda.,Teixeira de Azevedo,RS,2026-05-25 01:16:38
FLOW-0000003255,POL-00000247,CLM-00000068,COMMISSION,PIX,PENDING,2024-10-12,2024-10-16,23108.69,23108.69,BRL,357.601.298-21,Duarte,Ferreira do Oeste,AC,2026-05-25 01:16:38
FLOW-0000003256,POL-00000047,CLM-00000119,CANCELLATION,BANK_TRANSFER,PENDING,2025-09-01,2025-09-03,23577.13,23577.13,BRL,367.804.219-87,da Conceição Ribeiro e Filhos,Mendonça de Costa,AL,2026-05-25 01:16:38
FLOW-0000003257,POL-00000433,CLM-00000475,REINSURANCE,PIX,PROCESSED,2024-06-06,2024-06-08,24369.38,24369.38,BRL,253.796.804-29,Nunes da Rosa S.A.,Martins,PB,2026-05-25 01:16:38
FLOW-0000003258,POL-00000042,CLM-00000766,CLAIM_PAYMENT,PIX,CANCELLED,2026-01-15,2026-01-20,2200.03,2200.03,BRL,179.520.348-04,Barros Pastor Ltda.,da Mata de Goiás,MG,2026-05-25 01:16:38
FLOW-0000003259,POL-00000421,CLM-00000584,REFUND,BANK_SLIP,PENDING,2025-03-24,2025-03-29,9100.05,9100.05,BRL,104.895.762-49,Garcia,Barros Grande,MS,2026-05-25 01:16:38
FLOW-0000003260,POL-00000415,CLM-00000441,REFUND,BANK_TRANSFER,PENDING,2024-08-04,2024-08-05,1144.06,1144.06,BRL,341.976.028-04,da Rocha Alves S/A,Cassiano,PA,2026-05-25 01:16:38
FLOW-0000003261,POL-00000132,CLM-00000928,PREMIUM_PAYMENT,PIX,CANCELLED,2025-04-21,2025-04-23,17028.11,17028.11,BRL,189.457.326-91,Marques,Dias de Souza,AM,2026-05-25 01:16:38
FLOW-0000003262,POL-00000358,CLM-00000301,COMMISSION,BANK_SLIP,FAILED,2025-04-04,2025-04-08,14371.36,0.0,BRL,087.549.361-01,Teixeira,Aparecida de Sales,TO,2026-05-25 01:16:38
FLOW-0000003263,POL-00000212,CLM-00000608,REINSURANCE,BANK_TRANSFER,CANCELLED,2025-07-04,2025-07-09,3564.19,3564.19,BRL,857.042.396-92,Rodrigues - ME,Montenegro de Aragão,RR,2026-05-25 01:16:38
FLOW-0000003264,POL-00000068,CLM-00000610,REFUND,CREDIT_CARD,FAILED,2026-04-30,2026-05-04,5372.8,0.0,BRL,068.215.473-35,Moraes e Filhos,das Neves,RR,2026-05-25 01:16:38
FLOW-0000003265,POL-00000429,CLM-00000751,PREMIUM_PAYMENT,PIX,CANCELLED,2025-07-07,2025-07-09,23915.92,23915.92,BRL,874.529.016-49,Sá Barbosa Ltda.,Macedo do Sul,ES,2026-05-25 01:16:38
FLOW-0000003266,POL-00000243,CLM-00000208,REINSURANCE,CREDIT_CARD,PROCESSED,2025-12-17,2025-12-21,19836.14,19836.14,BRL,169.203.578-95,Sampaio,Correia do Amparo,AM,2026-05-25 01:16:38
FLOW-0000003267,POL-00000019,CLM-00000265,CANCELLATION,CREDIT_CARD,PENDING,2024-09-23,2024-09-27,2111.93,2111.93,BRL,402.586.319-70,Marques Monteiro e Filhos,Mendonça,AC,2026-05-25 01:16:38
FLOW-0000003268,POL-00000114,CLM-00000702,REINSURANCE,BANK_SLIP,CANCELLED,2025-04-26,2025-04-26,3885.54,3885.54,BRL,530.829.674-00,Martins Barros - ME,da Paz da Serra,RS,2026-05-25 01:16:38
FLOW-0000003269,POL-00000498,CLM-00000903,COMMISSION,CREDIT_CARD,PROCESSED,2024-11-18,2024-11-18,11733.39,11733.39,BRL,854.321.690-70,Moraes,Vargas,PA,2026-05-25 01:16:38
FLOW-0000003270,POL-00000447,CLM-00000941,CLAIM_PAYMENT,BANK_SLIP,FAILED,2025-05-25,2025-05-28,6438.04,0.0,BRL,248.379.501-32,Cunha Marques e Filhos,Ribeiro,GO,2026-05-25 01:16:38
FLOW-0000003271,POL-00000280,CLM-00000446,REFUND,PIX,FAILED,2025-04-03,2025-04-06,13272.0,0.0,BRL,384.691.527-00,Pastor,Gonçalves,CE,2026-05-25 01:16:38
FLOW-0000003272,POL-00000368,CLM-00000258,CLAIM_PAYMENT,CREDIT_CARD,PROCESSED,2024-09-28,2024-10-03,10760.21,10760.21,BRL,123.748.096-50,Fonseca,Fogaça do Norte,MG,2026-05-25 01:16:38
FLOW-0000003273,POL-00000496,CLM-00000182,REINSURANCE,CREDIT_CARD,FAILED,2025-03-17,2025-03-21,12609.33,0.0,BRL,953.264.810-06,Cassiano Cassiano S.A.,Souza,PE,2026-05-25 01:16:38
FLOW-0000003274,POL-00000208,CLM-00000937,CANCELLATION,BANK_SLIP,FAILED,2024-06-17,2024-06-18,9596.5,0.0,BRL,693.850.712-03,Jesus S/A,Casa Grande,RJ,2026-05-25 01:16:38
FLOW-0000003275,POL-00000229,CLM-00000836,COMMISSION,DEBIT,PENDING,2026-05-15,2026-05-19,1233.45,1233.45,BRL,230.789.154-41,Ramos Macedo S/A,Araújo de Minas,MT,2026-05-25 01:16:38
FLOW-0000003276,POL-00000230,CLM-00000635,REFUND,CREDIT_CARD,FAILED,2025-08-27,2025-08-29,17631.96,0.0,BRL,615.438.927-28,Sampaio,Camargo dos Dourados,PA,2026-05-25 01:16:38
FLOW-0000003277,POL-00000106,CLM-00000579,REFUND,BANK_SLIP,PROCESSED,2026-03-29,2026-03-31,2047.54,2047.54,BRL,981.756.324-37,Lima,Ramos de Garcia,BA,2026-05-25 01:16:38
FLOW-0000003278,POL-00000277,CLM-00000960,REINSURANCE,CREDIT_CARD,PENDING,2025-06-22,2025-06-27,20625.07,20625.07,BRL,431.690.875-84,Ferreira,Novaes Verde,SC,2026-05-25 01:16:38
FLOW-0000003279,POL-00000375,CLM-00000029,REFUND,BANK_TRANSFER,FAILED,2026-04-07,2026-04-09,2723.15,0.0,BRL,273.941.586-91,Moraes Ltda.,Alves,BA,2026-05-25 01:16:38
FLOW-0000003280,POL-00000052,CLM-00000474,PREMIUM_PAYMENT,BANK_TRANSFER,PENDING,2025-11-19,2025-11-19,22242.61,22242.61,BRL,091.423.658-05,da Conceição da Rocha Ltda.,Garcia do Galho,RJ,2026-05-25 01:16:38
FLOW-0000003281,POL-00000073,CLM-00000337,CANCELLATION,CREDIT_CARD,PENDING,2024-08-31,2024-09-03,2414.13,2414.13,BRL,690.175.432-99,Machado - ME,Castro,SP,2026-05-25 01:16:38
FLOW-0000003282,POL-00000028,CLM-00000704,CANCELLATION,BANK_SLIP,CANCELLED,2026-01-26,2026-01-31,23563.62,23563.62,BRL,901.724.538-79,Ribeiro e Filhos,Câmara de Silveira,SE,2026-05-25 01:16:38
FLOW-0000003283,POL-00000471,CLM-00000240,REFUND,CREDIT_CARD,FAILED,2026-01-29,2026-01-30,15864.46,0.0,BRL,376.429.158-37,Câmara Ltda.,Alves do Oeste,MA,2026-05-25 01:16:38
FLOW-0000003284,POL-00000001,CLM-00000915,PREMIUM_PAYMENT,PIX,PROCESSED,2025-10-27,2025-10-29,17480.88,17480.88,BRL,247.159.863-37,Jesus Cassiano - ME,Gonçalves das Flores,CE,2026-05-25 01:16:38
FLOW-0000003285,POL-00000402,CLM-00000813,REFUND,BANK_TRANSFER,FAILED,2026-05-17,2026-05-22,3424.07,0.0,BRL,710.958.642-11,Alves Nogueira - EI,Mendes,SC,2026-05-25 01:16:38
FLOW-0000003286,POL-00000081,CLM-00000881,PREMIUM_PAYMENT,DEBIT,PENDING,2024-05-26,2024-05-28,21804.48,21804.48,BRL,809.417.265-76,Leão,Araújo da Praia,GO,2026-05-25 01:16:38
FLOW-0000003287,POL-00000057,CLM-00000346,PREMIUM_PAYMENT,BANK_SLIP,FAILED,2025-07-27,2025-08-01,22978.37,0.0,BRL,971.806.523-77,Rios,Cunha,SC,2026-05-25 01:16:38
FLOW-0000003288,POL-00000226,CLM-00000649,COMMISSION,BANK_TRANSFER,FAILED,2026-01-23,2026-01-28,23266.01,0.0,BRL,057.936.842-47,Rocha,Monteiro,GO,2026-05-25 01:16:38
FLOW-0000003289,POL-00000490,CLM-00000855,COMMISSION,DEBIT,PENDING,2024-06-11,2024-06-13,848.17,848.17,BRL,162.547.980-85,Cardoso,Vieira,AP,2026-05-25 01:16:38
FLOW-0000003290,POL-00000433,CLM-00000133,CANCELLATION,DEBIT,PROCESSED,2024-11-06,2024-11-06,19136.37,19136.37,BRL,237.641.098-31,Novais,Caldeira,MT,2026-05-25 01:16:38
FLOW-0000003291,POL-00000330,CLM-00000029,COMMISSION,BANK_SLIP,FAILED,2026-03-12,2026-03-16,13791.08,0.0,BRL,583.049.216-42,Sampaio,Monteiro,RS,2026-05-25 01:16:38
FLOW-0000003292,POL-00000005,CLM-00000403,PREMIUM_PAYMENT,CREDIT_CARD,PENDING,2024-09-15,2024-09-20,18787.35,18787.35,BRL,784.561.920-58,da Luz,Barros,SE,2026-05-25 01:16:38
FLOW-0000003293,POL-00000105,CLM-00000707,COMMISSION,BANK_TRANSFER,PENDING,2025-04-21,2025-04-26,15569.92,15569.92,BRL,395.470.681-48,Alves Rocha S/A,Almeida do Oeste,MG,2026-05-25 01:16:38
FLOW-0000003294,POL-00000481,CLM-00000033,COMMISSION,BANK_SLIP,PROCESSED,2025-11-25,2025-11-25,124.95,124.95,BRL,540.176.328-07,Porto,Lopes,SC,2026-05-25 01:16:38
FLOW-0000003295,POL-00000033,CLM-00000074,REINSURANCE,BANK_TRANSFER,FAILED,2026-04-02,2026-04-05,1187.9,0.0,BRL,641.952.703-16,Pimenta Costa - ME,Freitas,MS,2026-05-25 01:16:38
FLOW-0000003296,POL-00000335,CLM-00000345,PREMIUM_PAYMENT,BANK_TRANSFER,PROCESSED,2026-03-22,2026-03-24,15690.18,15690.18,BRL,067.312.489-40,Novais,Lima,RR,2026-05-25 01:16:38
FLOW-0000003297,POL-00000178,CLM-00000779,REINSURANCE,BANK_SLIP,FAILED,2025-06-27,2025-07-01,22303.08,0.0,BRL,354.019.872-50,Sampaio,Melo da Mata,PB,2026-05-25 01:16:38
FLOW-0000003298,POL-00000024,CLM-00000371,COMMISSION,DEBIT,PROCESSED,2025-08-05,2025-08-07,17166.32,17166.32,BRL,830.654.921-05,Rios,Duarte,SE,2026-05-25 01:16:38
FLOW-0000003299,POL-00000292,CLM-00000964,REFUND,BANK_TRANSFER,CANCELLED,2025-11-14,2025-11-14,879.78,879.78,BRL,834.079.165-66,Almeida,Silveira de Rezende,ES,2026-05-25 01:16:38
FLOW-0000003300,POL-00000483,CLM-00000936,REFUND,BANK_TRANSFER,CANCELLED,2024-08-30,2024-08-30,16120.93,16120.93,BRL,196.472.085-02,Silveira,Melo,MS,2026-05-25 01:16:38
FLOW-0000003301,POL-00000245,CLM-00000270,REFUND,PIX,CANCELLED,2025-01-07,2025-01-07,1888.51,1888.51,BRL,281.960.453-60,Martins Nascimento Ltda.,Ramos,PI,2026-05-25 01:16:38
FLOW-0000003302,POL-00000356,CLM-00000697,REFUND,BANK_SLIP,FAILED,2024-07-31,2024-08-05,22391.19,0.0,BRL,018.639.754-20,Cunha Ramos e Filhos,Novais,GO,2026-05-25 01:16:38
FLOW-0000003303,POL-00000292,CLM-00000869,CLAIM_PAYMENT,CREDIT_CARD,PROCESSED,2025-06-12,2025-06-17,22249.6,22249.6,BRL,479.360.812-40,Jesus,da Cruz,PR,2026-05-25 01:16:38
FLOW-0000003304,POL-00000011,CLM-00000003,COMMISSION,DEBIT,PROCESSED,2024-06-18,2024-06-20,14547.28,14547.28,BRL,956.402.173-16,Macedo,Barbosa,RJ,2026-05-25 01:16:38
FLOW-0000003305,POL-00000168,CLM-00000009,CLAIM_PAYMENT,BANK_SLIP,FAILED,2026-03-06,2026-03-09,11488.98,0.0,BRL,781.956.203-02,Barros,Pires das Flores,PR,2026-05-25 01:16:38
FLOW-0000003306,POL-00000253,CLM-00000218,PREMIUM_PAYMENT,DEBIT,PENDING,2024-09-17,2024-09-18,15840.43,15840.43,BRL,284.130.695-05,Gomes Freitas - ME,da Rosa Paulista,PB,2026-05-25 01:16:38
FLOW-0000003307,POL-00000147,CLM-00000109,REFUND,DEBIT,PROCESSED,2026-04-22,2026-04-24,6414.84,6414.84,BRL,029.584.761-11,Melo,da Conceição dos Dourados,RN,2026-05-25 01:16:38
FLOW-0000003308,POL-00000322,CLM-00000192,REINSURANCE,BANK_TRANSFER,PENDING,2024-12-30,2025-01-03,6406.54,6406.54,BRL,584.261.703-07,Moreira da Rosa Ltda.,Jesus,MS,2026-05-25 01:16:38
FLOW-0000003309,POL-00000158,CLM-00000339,CLAIM_PAYMENT,PIX,PROCESSED,2025-09-11,2025-09-16,19488.5,19488.5,BRL,708.542.163-08,Pastor,Novaes de Nunes,MG,2026-05-25 01:16:38
FLOW-0000003310,POL-00000330,CLM-00000917,PREMIUM_PAYMENT,DEBIT,PENDING,2025-06-22,2025-06-22,430.07,430.07,BRL,728.650.394-47,Viana Sousa S/A,Pinto de Goiás,RJ,2026-05-25 01:16:38
FLOW-0000003311,POL-00000327,CLM-00000783,CLAIM_PAYMENT,BANK_TRANSFER,PENDING,2024-11-30,2024-12-05,1207.55,1207.55,BRL,945.836.702-65,Caldeira,Duarte,AP,2026-05-25 01:16:38
FLOW-0000003312,POL-00000125,CLM-00000015,REINSURANCE,BANK_SLIP,FAILED,2024-12-01,2024-12-05,22842.44,0.0,BRL,348.670.521-08,Montenegro,Fernandes,SP,2026-05-25 01:16:38
FLOW-0000003313,POL-00000113,CLM-00000814,REFUND,BANK_SLIP,CANCELLED,2025-01-01,2025-01-01,2255.24,2255.24,BRL,326.951.048-98,da Conceição,Farias da Prata,RR,2026-05-25 01:16:38
FLOW-0000003314,POL-00000491,CLM-00000999,COMMISSION,DEBIT,FAILED,2025-05-27,2025-05-31,23191.58,0.0,BRL,491.825.670-85,Rodrigues Silva - EI,Teixeira,SE,2026-05-25 01:16:38
FLOW-0000003315,POL-00000166,CLM-00000878,REINSURANCE,BANK_TRANSFER,CANCELLED,2026-04-08,2026-04-10,18868.22,18868.22,BRL,035.214.697-43,Martins Moreira - EI,Pacheco da Prata,DF,2026-05-25 01:16:38
FLOW-0000003316,POL-00000160,CLM-00000172,REINSURANCE,DEBIT,CANCELLED,2025-10-27,2025-10-28,2238.78,2238.78,BRL,680.357.921-21,Barros,Cavalcanti,SC,2026-05-25 01:16:38
FLOW-0000003317,POL-00000344,CLM-00000824,CLAIM_PAYMENT,BANK_SLIP,CANCELLED,2025-09-07,2025-09-07,5812.08,5812.08,BRL,827.134.056-53,Ribeiro Cardoso S/A,Pinto do Sul,MT,2026-05-25 01:16:38
FLOW-0000003318,POL-00000190,CLM-00000363,CLAIM_PAYMENT,BANK_TRANSFER,CANCELLED,2025-08-11,2025-08-11,22124.37,22124.37,BRL,584.062.379-29,Carvalho Ltda.,Nunes de Minas,AP,2026-05-25 01:16:38
FLOW-0000003319,POL-00000456,CLM-00000026,REFUND,BANK_TRANSFER,CANCELLED,2025-11-18,2025-11-19,1989.56,1989.56,BRL,981.750.432-88,Ferreira,Rodrigues de Moura,PI,2026-05-25 01:16:38
FLOW-0000003320,POL-00000047,CLM-00000821,REFUND,CREDIT_CARD,PENDING,2025-11-02,2025-11-03,77.38,77.38,BRL,290.837.514-14,Pires Brito S/A,Rodrigues,MG,2026-05-25 01:16:38
FLOW-0000003321,POL-00000093,CLM-00000194,REINSURANCE,DEBIT,PENDING,2024-12-29,2024-12-30,5679.96,5679.96,BRL,926.317.048-78,Araújo,Alves do Galho,AC,2026-05-25 01:16:38
FLOW-0000003322,POL-00000035,CLM-00000362,PREMIUM_PAYMENT,BANK_TRANSFER,PROCESSED,2024-07-08,2024-07-13,23938.01,23938.01,BRL,285.347.601-44,Mendonça Câmara Ltda.,Garcia de Aparecida,PB,2026-05-25 01:16:38
FLOW-0000003323,POL-00000352,CLM-00000375,REFUND,BANK_TRANSFER,PENDING,2025-06-13,2025-06-13,13080.24,13080.24,BRL,643.075.129-52,Nascimento e Filhos,Pimenta Alegre,BA,2026-05-25 01:16:38
FLOW-0000003324,POL-00000109,CLM-00000549,PREMIUM_PAYMENT,CREDIT_CARD,CANCELLED,2024-06-15,2024-06-15,10871.68,10871.68,BRL,804.965.271-85,Martins,da Rosa de Barros,RR,2026-05-25 01:16:38
FLOW-0000003325,POL-00000292,CLM-00000768,PREMIUM_PAYMENT,DEBIT,FAILED,2025-04-25,2025-04-27,13778.44,0.0,BRL,830.169.724-50,Barros,Duarte,DF,2026-05-25 01:16:38
FLOW-0000003326,POL-00000196,CLM-00000570,CLAIM_PAYMENT,BANK_TRANSFER,PENDING,2025-12-13,2025-12-18,24321.66,24321.66,BRL,243.596.708-00,Fogaça,Abreu,SP,2026-05-25 01:16:38
FLOW-0000003327,POL-00000246,CLM-00000548,COMMISSION,BANK_TRANSFER,PROCESSED,2026-02-14,2026-02-14,17735.3,17735.3,BRL,964.251.780-94,Jesus Castro - EI,Araújo de Vasconcelos,PE,2026-05-25 01:16:38
FLOW-0000003328,POL-00000261,CLM-00000931,REFUND,BANK_TRANSFER,PROCESSED,2025-10-08,2025-10-09,1725.86,1725.86,BRL,534.906.187-93,da Costa,Oliveira,AM,2026-05-25 01:16:38
FLOW-0000003329,POL-00000170,CLM-00000985,REINSURANCE,CREDIT_CARD,FAILED,2024-10-30,2024-11-02,22485.41,0.0,BRL,573.016.984-10,Cirino S.A.,Fernandes,TO,2026-05-25 01:16:38
FLOW-0000003330,POL-00000087,CLM-00000740,REINSURANCE,DEBIT,PROCESSED,2025-02-08,2025-02-08,16451.05,16451.05,BRL,763.084.251-17,Farias,Vargas do Oeste,RJ,2026-05-25 01:16:38
FLOW-0000003331,POL-00000315,CLM-00000302,CLAIM_PAYMENT,BANK_TRANSFER,PROCESSED,2026-05-19,2026-05-20,80.42,80.42,BRL,265.310.879-86,Abreu Ribeiro - EI,Pinto da Serra,AM,2026-05-25 01:16:38
FLOW-0000003332,POL-00000340,CLM-00000969,CLAIM_PAYMENT,BANK_SLIP,PROCESSED,2025-09-14,2025-09-15,15650.54,15650.54,BRL,160.928.734-78,Casa Grande,Nascimento dos Dourados,DF,2026-05-25 01:16:38
FLOW-0000003333,POL-00000250,CLM-00000286,COMMISSION,BANK_SLIP,FAILED,2025-02-01,2025-02-01,6336.45,0.0,BRL,063.718.295-21,da Luz,Cirino,PE,2026-05-25 01:16:38
FLOW-0000003334,POL-00000034,CLM-00000432,CANCELLATION,CREDIT_CARD,PENDING,2025-01-28,2025-02-02,3335.39,3335.39,BRL,592.760.438-29,Souza,Silva,SP,2026-05-25 01:16:38
FLOW-0000003335,POL-00000345,CLM-00000130,CLAIM_PAYMENT,PIX,PENDING,2026-03-02,2026-03-06,15080.96,15080.96,BRL,938.024.615-33,Ramos Pires S.A.,Santos,RO,2026-05-25 01:16:38
FLOW-0000003336,POL-00000142,CLM-00000960,CLAIM_PAYMENT,BANK_SLIP,PENDING,2025-06-22,2025-06-23,951.09,951.09,BRL,596.734.802-65,Farias,Nunes,SP,2026-05-25 01:16:38
FLOW-0000003337,POL-00000255,CLM-00000368,CLAIM_PAYMENT,BANK_SLIP,CANCELLED,2025-01-26,2025-01-27,21316.76,21316.76,BRL,328.495.170-97,Vasconcelos - ME,Montenegro Alegre,RS,2026-05-25 01:16:38
FLOW-0000003338,POL-00000368,CLM-00000199,CLAIM_PAYMENT,PIX,FAILED,2025-05-01,2025-05-06,21901.47,0.0,BRL,638.792.415-46,Cunha S.A.,Oliveira,SE,2026-05-25 01:16:38
FLOW-0000003339,POL-00000454,CLM-00000049,REFUND,DEBIT,FAILED,2025-08-30,2025-08-31,12608.29,0.0,BRL,853.726.941-73,Moura e Filhos,Garcia de Gonçalves,MG,2026-05-25 01:16:38
FLOW-0000003340,POL-00000177,CLM-00000733,PREMIUM_PAYMENT,BANK_TRANSFER,PENDING,2025-01-23,2025-01-25,9927.03,9927.03,BRL,187.439.620-50,Farias,Dias do Galho,PB,2026-05-25 01:16:38
FLOW-0000003341,POL-00000236,CLM-00000365,REFUND,DEBIT,CANCELLED,2024-08-22,2024-08-23,23375.82,23375.82,BRL,643.950.782-65,Rodrigues Sousa e Filhos,Araújo,SC,2026-05-25 01:16:38
FLOW-0000003342,POL-00000068,CLM-00000787,REINSURANCE,PIX,PROCESSED,2026-05-02,2026-05-06,2444.05,2444.05,BRL,452.310.876-53,Moura,Garcia Verde,RR,2026-05-25 01:16:38
FLOW-0000003343,POL-00000213,CLM-00000700,CLAIM_PAYMENT,PIX,PENDING,2025-02-01,2025-02-06,621.8,621.8,BRL,189.706.452-76,Siqueira - EI,Alves de Gomes,ES,2026-05-25 01:16:38
FLOW-0000003344,POL-00000441,CLM-00000968,REINSURANCE,BANK_SLIP,PENDING,2024-08-16,2024-08-19,7498.52,7498.52,BRL,023.496.875-38,Cunha,Lima,RN,2026-05-25 01:16:38
FLOW-0000003345,POL-00000062,CLM-00000967,REINSURANCE,PIX,PROCESSED,2026-04-29,2026-05-03,18739.4,18739.4,BRL,274.539.016-34,das Neves Cirino - EI,Pastor,SC,2026-05-25 01:16:38
FLOW-0000003346,POL-00000035,CLM-00000635,CANCELLATION,DEBIT,FAILED,2026-04-30,2026-05-02,6236.14,0.0,BRL,068.321.549-33,Barros S.A.,Novaes,AP,2026-05-25 01:16:38
FLOW-0000003347,POL-00000411,CLM-00000890,REINSURANCE,BANK_SLIP,PENDING,2025-06-29,2025-07-02,4096.95,4096.95,BRL,435.192.780-14,Cardoso S/A,da Mata,PB,2026-05-25 01:16:38
FLOW-0000003348,POL-00000188,CLM-00000416,PREMIUM_PAYMENT,BANK_TRANSFER,PENDING,2025-10-23,2025-10-23,10524.0,10524.0,BRL,652.370.418-17,Andrade,Cardoso da Prata,GO,2026-05-25 01:16:38
FLOW-0000003349,POL-00000236,CLM-00000977,REFUND,PIX,CANCELLED,2025-10-11,2025-10-13,24222.53,24222.53,BRL,465.097.312-07,Aparecida e Filhos,Macedo,AP,2026-05-25 01:16:38
FLOW-0000003350,POL-00000044,CLM-00000585,REFUND,BANK_TRANSFER,PROCESSED,2025-07-15,2025-07-18,5885.0,5885.0,BRL,695.801.274-76,Abreu,Cirino Verde,RO,2026-05-25 01:16:38
FLOW-0000003351,POL-00000298,CLM-00000294,PREMIUM_PAYMENT,CREDIT_CARD,FAILED,2026-03-19,2026-03-22,9083.17,0.0,BRL,091.845.736-00,Aparecida,Rios da Prata,CE,2026-05-25 01:16:38
FLOW-0000003352,POL-00000201,CLM-00000202,REFUND,CREDIT_CARD,CANCELLED,2026-05-04,2026-05-06,16417.88,16417.88,BRL,409.267.853-38,Mendes,Moura de Castro,PB,2026-05-25 01:16:38
FLOW-0000003353,POL-00000291,CLM-00000427,CANCELLATION,CREDIT_CARD,PROCESSED,2026-05-04,2026-05-08,19266.75,19266.75,BRL,408.561.732-07,Martins,da Conceição,CE,2026-05-25 01:16:38
FLOW-0000003354,POL-00000086,CLM-00000465,REINSURANCE,BANK_SLIP,CANCELLED,2024-10-02,2024-10-02,7592.41,7592.41,BRL,279.813.650-40,Machado Nogueira Ltda.,Martins,PE,2026-05-25 01:16:38
FLOW-0000003355,POL-00000223,CLM-00000904,REFUND,PIX,PROCESSED,2024-06-23,2024-06-24,21170.41,21170.41,BRL,684.512.370-53,Rezende,Sales,MT,2026-05-25 01:16:38
FLOW-0000003356,POL-00000111,CLM-00000805,CLAIM_PAYMENT,DEBIT,FAILED,2025-11-30,2025-11-30,7423.17,0.0,BRL,568.201.974-11,Lima,Nunes,SC,2026-05-25 01:16:38
FLOW-0000003357,POL-00000482,CLM-00000671,CANCELLATION,BANK_TRANSFER,FAILED,2025-06-18,2025-06-23,3479.26,0.0,BRL,041.582.397-88,da Rocha Barbosa e Filhos,Pimenta,MG,2026-05-25 01:16:38
FLOW-0000003358,POL-00000052,CLM-00000696,CANCELLATION,BANK_TRANSFER,PROCESSED,2026-04-05,2026-04-10,8048.01,8048.01,BRL,615.382.470-62,da Luz Alves S.A.,Aragão,MA,2026-05-25 01:16:38
FLOW-0000003359,POL-00000486,CLM-00000609,PREMIUM_PAYMENT,BANK_TRANSFER,CANCELLED,2025-04-22,2025-04-26,15923.99,15923.99,BRL,513.796.482-46,Guerra,Cavalcanti,TO,2026-05-25 01:16:38
FLOW-0000003360,POL-00000328,CLM-00000246,REFUND,CREDIT_CARD,PROCESSED,2026-01-01,2026-01-01,18510.64,18510.64,BRL,965.108.327-12,Farias da Paz S.A.,Melo de Porto,PI,2026-05-25 01:16:38
FLOW-0000003361,POL-00000135,CLM-00000226,REINSURANCE,BANK_SLIP,CANCELLED,2024-08-12,2024-08-17,2161.65,2161.65,BRL,582.739.146-82,Azevedo,Fonseca,RR,2026-05-25 01:16:38
FLOW-0000003362,POL-00000369,CLM-00000989,CLAIM_PAYMENT,CREDIT_CARD,PROCESSED,2024-12-02,2024-12-06,8503.95,8503.95,BRL,537.061.294-34,Viana,Andrade,TO,2026-05-25 01:16:38
FLOW-0000003363,POL-00000342,CLM-00000059,CLAIM_PAYMENT,CREDIT_CARD,FAILED,2025-12-21,2025-12-24,24354.0,0.0,BRL,853.269.107-21,Casa Grande Pacheco - EI,Pacheco da Mata,MG,2026-05-25 01:16:38
FLOW-0000003364,POL-00000487,CLM-00000208,CLAIM_PAYMENT,PIX,FAILED,2026-05-09,2026-05-13,5934.46,0.0,BRL,067.921.348-13,Ferreira Correia - ME,Garcia de Casa Grande,GO,2026-05-25 01:16:38
FLOW-0000003365,POL-00000435,CLM-00000685,PREMIUM_PAYMENT,BANK_TRANSFER,FAILED,2024-09-09,2024-09-14,6060.1,0.0,BRL,237.956.804-92,da Cruz S/A,Abreu da Serra,RJ,2026-05-25 01:16:38
FLOW-0000003366,POL-00000190,CLM-00000885,COMMISSION,DEBIT,FAILED,2026-02-02,2026-02-05,10171.41,0.0,BRL,345.196.072-99,Caldeira,Correia da Prata,RN,2026-05-25 01:16:38
FLOW-0000003367,POL-00000256,CLM-00000339,CANCELLATION,DEBIT,FAILED,2024-10-24,2024-10-29,9790.59,0.0,BRL,458.126.079-58,da Mata Souza - EI,Campos dos Dourados,PB,2026-05-25 01:16:38
FLOW-0000003368,POL-00000370,CLM-00000791,CANCELLATION,CREDIT_CARD,FAILED,2025-02-01,2025-02-04,14691.32,0.0,BRL,047.518.693-10,Fonseca Nogueira e Filhos,Monteiro,SE,2026-05-25 01:16:38
FLOW-0000003369,POL-00000190,CLM-00000578,CLAIM_PAYMENT,DEBIT,CANCELLED,2025-01-04,2025-01-05,9044.29,9044.29,BRL,560.738.291-59,Câmara - ME,Marques Alegre,DF,2026-05-25 01:16:38
FLOW-0000003370,POL-00000493,CLM-00000827,CANCELLATION,PIX,CANCELLED,2024-10-28,2024-10-30,9856.04,9856.04,BRL,516.423.079-80,Ribeiro,Rocha de Minas,MG,2026-05-25 01:16:38
FLOW-0000003371,POL-00000041,CLM-00000182,COMMISSION,CREDIT_CARD,PROCESSED,2024-06-16,2024-06-19,5255.11,5255.11,BRL,306.857.124-35,Pacheco,Costela,RO,2026-05-25 01:16:38
FLOW-0000003372,POL-00000294,CLM-00000341,REINSURANCE,BANK_TRANSFER,PENDING,2025-10-24,2025-10-26,9279.98,9279.98,BRL,103.978.624-31,Porto,da Paz,RJ,2026-05-25 01:16:38
FLOW-0000003373,POL-00000390,CLM-00000409,COMMISSION,BANK_TRANSFER,PROCESSED,2025-11-07,2025-11-09,12725.74,12725.74,BRL,731.204.896-03,Costa S.A.,Silva do Oeste,AC,2026-05-25 01:16:38
FLOW-0000003374,POL-00000204,CLM-00000310,COMMISSION,DEBIT,CANCELLED,2026-04-17,2026-04-18,8111.26,8111.26,BRL,215.978.034-05,Sousa Silveira - ME,Silveira,MA,2026-05-25 01:16:38
FLOW-0000003375,POL-00000233,CLM-00000891,CLAIM_PAYMENT,CREDIT_CARD,PENDING,2025-04-27,2025-04-28,2865.4,2865.4,BRL,359.268.471-09,Aparecida Cunha Ltda.,Rocha do Sul,AL,2026-05-25 01:16:38
FLOW-0000003376,POL-00000137,CLM-00000186,CANCELLATION,DEBIT,PENDING,2025-06-23,2025-06-24,6027.95,6027.95,BRL,013.675.829-03,Oliveira,da Cunha,MA,2026-05-25 01:16:38
FLOW-0000003377,POL-00000342,CLM-00000977,COMMISSION,CREDIT_CARD,PENDING,2025-09-12,2025-09-12,23331.47,23331.47,BRL,415.730.962-61,Silveira,Mendonça,RS,2026-05-25 01:16:38
FLOW-0000003378,POL-00000406,CLM-00000919,CLAIM_PAYMENT,BANK_SLIP,PROCESSED,2024-09-08,2024-09-13,13634.32,13634.32,BRL,279.061.485-76,Farias - EI,Casa Grande,AM,2026-05-25 01:16:38
FLOW-0000003379,POL-00000454,CLM-00000317,COMMISSION,BANK_SLIP,FAILED,2026-02-24,2026-02-27,20423.62,0.0,BRL,982.176.503-30,Aragão S.A.,Nunes,BA,2026-05-25 01:16:38
FLOW-0000003380,POL-00000113,CLM-00000674,REFUND,DEBIT,CANCELLED,2024-08-21,2024-08-26,20249.35,20249.35,BRL,679.514.238-82,Ferreira,Cavalcanti,AC,2026-05-25 01:16:38
FLOW-0000003381,POL-00000016,CLM-00000547,CANCELLATION,PIX,PENDING,2024-12-04,2024-12-05,2651.03,2651.03,BRL,370.196.548-00,Castro,Guerra Grande,ES,2026-05-25 01:16:38
FLOW-0000003382,POL-00000073,CLM-00000955,COMMISSION,PIX,PROCESSED,2024-06-17,2024-06-20,23506.66,23506.66,BRL,845.691.270-02,da Cruz S/A,Silveira,MA,2026-05-25 01:16:38
FLOW-0000003383,POL-00000048,CLM-00000939,REINSURANCE,BANK_TRANSFER,CANCELLED,2026-01-29,2026-01-29,9240.59,9240.59,BRL,932.605.148-05,Barros - ME,Almeida,PI,2026-05-25 01:16:38
FLOW-0000003384,POL-00000418,CLM-00000993,CLAIM_PAYMENT,CREDIT_CARD,FAILED,2024-05-26,2024-05-28,7992.47,0.0,BRL,246.980.315-24,Porto Mendonça S.A.,Novais Grande,AP,2026-05-25 01:16:38
FLOW-0000003385,POL-00000133,CLM-00000274,REFUND,DEBIT,CANCELLED,2024-10-09,2024-10-14,22411.72,22411.72,BRL,361.984.527-19,Pires Silva - EI,Araújo,MA,2026-05-25 01:16:38
FLOW-0000003386,POL-00000446,CLM-00000664,CLAIM_PAYMENT,PIX,PROCESSED,2024-12-20,2024-12-20,2855.09,2855.09,BRL,037.186.542-53,Sales,Nogueira,PB,2026-05-25 01:16:38
FLOW-0000003387,POL-00000114,CLM-00000927,COMMISSION,DEBIT,PROCESSED,2025-10-19,2025-10-24,13249.47,13249.47,BRL,863.057.149-75,Pacheco Gomes Ltda.,Nunes,CE,2026-05-25 01:16:38
FLOW-0000003388,POL-00000205,CLM-00000699,REINSURANCE,CREDIT_CARD,CANCELLED,2024-06-21,2024-06-24,11351.51,11351.51,BRL,425.360.197-99,Pimenta - ME,Pinto,SE,2026-05-25 01:16:38
FLOW-0000003389,POL-00000058,CLM-00000286,REFUND,PIX,PENDING,2024-07-01,2024-07-04,4748.09,4748.09,BRL,930.572.164-80,Leão,Gomes das Pedras,PA,2026-05-25 01:16:38
FLOW-0000003390,POL-00000418,CLM-00000157,CANCELLATION,DEBIT,FAILED,2025-11-29,2025-12-04,20694.0,0.0,BRL,912.087.364-69,da Mota - ME,Casa Grande da Serra,GO,2026-05-25 01:16:38
FLOW-0000003391,POL-00000333,CLM-00000532,COMMISSION,PIX,FAILED,2025-11-21,2025-11-25,1618.9,0.0,BRL,461.035.729-16,Correia,Machado de Pastor,AM,2026-05-25 01:16:38
FLOW-0000003392,POL-00000439,CLM-00000699,CLAIM_PAYMENT,BANK_SLIP,CANCELLED,2025-01-05,2025-01-05,681.67,681.67,BRL,903.651.247-61,Melo - ME,Vargas,RJ,2026-05-25 01:16:38
FLOW-0000003393,POL-00000164,CLM-00000475,COMMISSION,BANK_SLIP,PROCESSED,2025-11-06,2025-11-11,3244.19,3244.19,BRL,375.806.492-92,Gomes,Caldeira das Flores,RN,2026-05-25 01:16:38
FLOW-0000003394,POL-00000117,CLM-00000991,REINSURANCE,BANK_TRANSFER,FAILED,2025-08-24,2025-08-24,10664.29,0.0,BRL,156.847.029-02,da Mata,Rios,DF,2026-05-25 01:16:38
FLOW-0000003395,POL-00000271,CLM-00000826,CLAIM_PAYMENT,PIX,CANCELLED,2025-02-09,2025-02-14,19804.43,19804.43,BRL,473.982.065-00,Novais,Lima,RO,2026-05-25 01:16:38
FLOW-0000003396,POL-00000063,CLM-00000203,PREMIUM_PAYMENT,DEBIT,PROCESSED,2024-08-10,2024-08-13,24836.69,24836.69,BRL,536.091.274-06,Araújo S/A,Duarte,RR,2026-05-25 01:16:38
FLOW-0000003397,POL-00000266,CLM-00000795,CANCELLATION,DEBIT,PROCESSED,2024-11-27,2024-12-01,8679.29,8679.29,BRL,439.801.765-84,Sá Melo e Filhos,Pires,RR,2026-05-25 01:16:38
FLOW-0000003398,POL-00000295,CLM-00000744,PREMIUM_PAYMENT,DEBIT,PROCESSED,2024-10-10,2024-10-11,22666.78,22666.78,BRL,843.597.620-38,Ribeiro,Vargas de Leão,SE,2026-05-25 01:16:38
FLOW-0000003399,POL-00000495,CLM-00000631,CANCELLATION,CREDIT_CARD,FAILED,2025-03-31,2025-04-01,8632.04,0.0,BRL,216.984.075-30,Pacheco,Castro,AM,2026-05-25 01:16:38
FLOW-0000003400,POL-00000087,CLM-00000155,CLAIM_PAYMENT,DEBIT,PROCESSED,2024-11-02,2024-11-07,17087.99,17087.99,BRL,201.438.965-98,Ferreira,Pires de Rios,RO,2026-05-25 01:16:38
FLOW-0000003401,POL-00000001,CLM-00000295,CLAIM_PAYMENT,CREDIT_CARD,PROCESSED,2026-03-08,2026-03-09,17497.8,17497.8,BRL,374.951.860-20,da Mota da Cruz S/A,Moraes do Campo,AM,2026-05-25 01:16:38
FLOW-0000003402,POL-00000116,CLM-00000133,CLAIM_PAYMENT,BANK_SLIP,FAILED,2025-11-10,2025-11-13,17295.19,0.0,BRL,628.439.075-00,Lima da Luz - ME,Andrade,RJ,2026-05-25 01:16:38
FLOW-0000003403,POL-00000498,CLM-00000036,REINSURANCE,DEBIT,FAILED,2025-08-09,2025-08-12,10699.2,0.0,BRL,194.768.302-04,Siqueira,Cassiano,TO,2026-05-25 01:16:38
FLOW-0000003404,POL-00000024,CLM-00000524,PREMIUM_PAYMENT,BANK_SLIP,CANCELLED,2025-11-19,2025-11-22,2336.37,2336.37,BRL,659.847.031-57,Campos,da Rocha de Nogueira,PB,2026-05-25 01:16:38
FLOW-0000003405,POL-00000425,CLM-00000875,PREMIUM_PAYMENT,BANK_SLIP,PROCESSED,2025-01-15,2025-01-18,15198.0,15198.0,BRL,870.643.215-80,Cavalcanti Pinto Ltda.,Nogueira,SC,2026-05-25 01:16:38
FLOW-0000003406,POL-00000064,CLM-00000160,PREMIUM_PAYMENT,DEBIT,CANCELLED,2024-06-05,2024-06-08,1012.43,1012.43,BRL,187.490.265-85,Fernandes Teixeira S/A,Melo dos Dourados,CE,2026-05-25 01:16:38
FLOW-0000003407,POL-00000458,CLM-00000986,REINSURANCE,BANK_TRANSFER,PROCESSED,2026-05-17,2026-05-17,8887.81,8887.81,BRL,745.028.163-53,da Rocha Costa e Filhos,da Rosa,AL,2026-05-25 01:16:38
FLOW-0000003408,POL-00000494,CLM-00000880,CLAIM_PAYMENT,DEBIT,PENDING,2025-07-17,2025-07-22,14027.51,14027.51,BRL,137.659.284-37,Pacheco Teixeira S.A.,Peixoto,RO,2026-05-25 01:16:38
FLOW-0000003409,POL-00000473,CLM-00000725,CANCELLATION,CREDIT_CARD,CANCELLED,2026-02-11,2026-02-16,19854.21,19854.21,BRL,869.017.354-48,Sá Carvalho Ltda.,Lopes,SE,2026-05-25 01:16:38
FLOW-0000003410,POL-00000103,CLM-00000333,REFUND,DEBIT,CANCELLED,2026-05-07,2026-05-11,21495.26,21495.26,BRL,759.241.863-00,Mendes,Aparecida da Praia,SP,2026-05-25 01:16:38
FLOW-0000003411,POL-00000354,CLM-00000157,CLAIM_PAYMENT,BANK_SLIP,PROCESSED,2026-04-02,2026-04-04,3319.05,3319.05,BRL,814.290.376-87,Ramos Montenegro - EI,Sampaio de Cavalcanti,BA,2026-05-25 01:16:38
FLOW-0000003412,POL-00000325,CLM-00000109,REINSURANCE,BANK_TRANSFER,PENDING,2025-03-30,2025-03-31,22995.08,22995.08,BRL,846.093.175-75,Cassiano Teixeira - EI,Rocha,MT,2026-05-25 01:16:38
FLOW-0000003413,POL-00000287,CLM-00000687,CLAIM_PAYMENT,BANK_TRANSFER,FAILED,2025-08-12,2025-08-14,6381.22,0.0,BRL,035.976.812-12,Sampaio,Moreira de da Paz,PR,2026-05-25 01:16:38
FLOW-0000003414,POL-00000092,CLM-00000752,CANCELLATION,CREDIT_CARD,PROCESSED,2025-12-15,2025-12-16,17948.0,17948.0,BRL,437.095.281-60,Mendonça e Filhos,da Conceição das Pedras,MA,2026-05-25 01:16:38
FLOW-0000003415,POL-00000109,CLM-00000381,CLAIM_PAYMENT,PIX,FAILED,2024-10-11,2024-10-14,1476.14,0.0,BRL,126.397.450-34,Barbosa,Fonseca de Barros,PI,2026-05-25 01:16:38
FLOW-0000003416,POL-00000443,CLM-00000818,CANCELLATION,BANK_SLIP,CANCELLED,2026-03-09,2026-03-12,6093.97,6093.97,BRL,854.920.736-56,Brito da Mata S/A,Lopes,AM,2026-05-25 01:16:38
FLOW-0000003417,POL-00000140,CLM-00000407,PREMIUM_PAYMENT,DEBIT,PENDING,2025-09-27,2025-09-27,21384.34,21384.34,BRL,147.923.806-69,Campos,Sousa Alegre,SP,2026-05-25 01:16:38
FLOW-0000003418,POL-00000249,CLM-00000686,CLAIM_PAYMENT,CREDIT_CARD,PENDING,2026-05-10,2026-05-12,2658.31,2658.31,BRL,637.491.208-03,Cavalcanti,da Cunha,PE,2026-05-25 01:16:38
FLOW-0000003419,POL-00000335,CLM-00000576,COMMISSION,CREDIT_CARD,PENDING,2024-12-29,2024-12-30,21426.46,21426.46,BRL,817.396.504-84,Almeida - EI,da Paz,RS,2026-05-25 01:16:38
FLOW-0000003420,POL-00000113,CLM-00000794,CANCELLATION,DEBIT,PENDING,2025-11-06,2025-11-07,388.12,388.12,BRL,126.953.807-12,da Rosa,Borges Alegre,RO,2026-05-25 01:16:38
FLOW-0000003421,POL-00000340,CLM-00000409,PREMIUM_PAYMENT,BANK_SLIP,FAILED,2025-06-16,2025-06-17,10062.25,0.0,BRL,498.051.273-97,Fogaça S/A,Teixeira de Souza,CE,2026-05-25 01:16:38
FLOW-0000003422,POL-00000198,CLM-00000065,REFUND,CREDIT_CARD,FAILED,2025-09-19,2025-09-23,20712.89,0.0,BRL,541.692.038-60,Oliveira,Mendes,RR,2026-05-25 01:16:38
FLOW-0000003423,POL-00000186,CLM-00000327,REFUND,CREDIT_CARD,PENDING,2025-02-14,2025-02-19,6957.38,6957.38,BRL,189.726.054-76,da Mata,Almeida de Aparecida,PI,2026-05-25 01:16:38
FLOW-0000003424,POL-00000189,CLM-00000089,CLAIM_PAYMENT,DEBIT,PENDING,2026-03-27,2026-03-31,1864.4,1864.4,BRL,627.189.504-20,Moura - EI,Gonçalves,MA,2026-05-25 01:16:38
FLOW-0000003425,POL-00000169,CLM-00000439,PREMIUM_PAYMENT,CREDIT_CARD,FAILED,2025-11-14,2025-11-19,6728.32,0.0,BRL,480.531.976-39,Silveira S/A,Macedo do Campo,MS,2026-05-25 01:16:38
FLOW-0000003426,POL-00000296,CLM-00000739,CANCELLATION,DEBIT,PENDING,2025-12-09,2025-12-09,14260.91,14260.91,BRL,958.643.271-82,Sampaio,Casa Grande,RO,2026-05-25 01:16:38
FLOW-0000003427,POL-00000231,CLM-00000561,REINSURANCE,DEBIT,FAILED,2024-10-16,2024-10-20,24619.91,0.0,BRL,964.758.231-55,Brito,Nunes,SP,2026-05-25 01:16:38
FLOW-0000003428,POL-00000412,CLM-00000001,PREMIUM_PAYMENT,BANK_SLIP,CANCELLED,2025-05-25,2025-05-27,20131.1,20131.1,BRL,790.154.326-43,Jesus,Nunes da Praia,MS,2026-05-25 01:16:38
FLOW-0000003429,POL-00000342,CLM-00000016,REFUND,PIX,PROCESSED,2026-02-06,2026-02-06,6377.84,6377.84,BRL,496.310.875-57,Duarte,Casa Grande Verde,RJ,2026-05-25 01:16:38
FLOW-0000003430,POL-00000070,CLM-00000747,REFUND,PIX,PENDING,2025-01-19,2025-01-23,21678.59,21678.59,BRL,530.796.482-00,Lima - ME,Rezende do Oeste,CE,2026-05-25 01:16:38
FLOW-0000003431,POL-00000385,CLM-00000734,CLAIM_PAYMENT,DEBIT,PROCESSED,2024-12-05,2024-12-06,7721.65,7721.65,BRL,701.854.693-10,da Cruz,Souza,AM,2026-05-25 01:16:38
FLOW-0000003432,POL-00000208,CLM-00000038,REINSURANCE,BANK_TRANSFER,CANCELLED,2026-03-21,2026-03-25,10118.17,10118.17,BRL,493.067.258-92,Araújo Moreira Ltda.,Fonseca da Serra,AC,2026-05-25 01:16:38
FLOW-0000003433,POL-00000219,CLM-00000503,PREMIUM_PAYMENT,DEBIT,PROCESSED,2025-04-24,2025-04-28,11890.43,11890.43,BRL,125.684.039-42,Cassiano,Santos Alegre,AL,2026-05-25 01:16:38
FLOW-0000003434,POL-00000068,CLM-00000449,REINSURANCE,DEBIT,PROCESSED,2025-05-08,2025-05-09,2043.58,2043.58,BRL,631.487.259-64,Cunha S/A,Porto Grande,ES,2026-05-25 01:16:38
FLOW-0000003435,POL-00000357,CLM-00000591,REFUND,BANK_TRANSFER,FAILED,2024-11-20,2024-11-25,19127.78,0.0,BRL,195.048.723-79,Lopes - EI,Gonçalves do Campo,AP,2026-05-25 01:16:38
FLOW-0000003436,POL-00000181,CLM-00000243,CANCELLATION,BANK_SLIP,CANCELLED,2024-10-17,2024-10-21,15559.85,15559.85,BRL,072.953.816-86,Moraes,Pinto,AC,2026-05-25 01:16:38
FLOW-0000003437,POL-00000104,CLM-00000119,CANCELLATION,BANK_TRANSFER,FAILED,2024-10-16,2024-10-21,17139.2,0.0,BRL,654.092.718-58,Alves Gonçalves S.A.,Borges,SE,2026-05-25 01:16:38
FLOW-0000003438,POL-00000159,CLM-00000193,REFUND,PIX,FAILED,2024-12-16,2024-12-16,15767.63,0.0,BRL,408.651.273-44,Casa Grande - EI,Pimenta,SE,2026-05-25 01:16:38
FLOW-0000003439,POL-00000094,CLM-00000239,REINSURANCE,PIX,FAILED,2025-12-01,2025-12-05,16819.23,0.0,BRL,693.052.741-61,Pacheco Ltda.,Nunes do Sul,AP,2026-05-25 01:16:38
FLOW-0000003440,POL-00000181,CLM-00000863,PREMIUM_PAYMENT,PIX,PENDING,2026-01-31,2026-02-01,1189.73,1189.73,BRL,894.710.236-96,Nascimento Câmara Ltda.,Borges,AL,2026-05-25 01:16:38
FLOW-0000003441,POL-00000145,CLM-00000577,REFUND,DEBIT,FAILED,2025-03-28,2025-03-30,12182.93,0.0,BRL,452.138.690-33,Martins,Campos do Norte,PI,2026-05-25 01:16:38
FLOW-0000003442,POL-00000001,CLM-00000144,CANCELLATION,DEBIT,PENDING,2026-02-18,2026-02-20,12024.45,12024.45,BRL,295.417.086-76,Fonseca,Cirino de Fernandes,PB,2026-05-25 01:16:38
FLOW-0000003443,POL-00000279,CLM-00000682,COMMISSION,DEBIT,FAILED,2025-06-24,2025-06-28,11633.47,0.0,BRL,852.934.107-41,da Luz,da Paz da Prata,GO,2026-05-25 01:16:38
FLOW-0000003444,POL-00000304,CLM-00000461,REINSURANCE,CREDIT_CARD,CANCELLED,2024-08-03,2024-08-06,10052.8,10052.8,BRL,057.421.963-34,Montenegro da Luz Ltda.,Melo Alegre,TO,2026-05-25 01:16:38
FLOW-0000003445,POL-00000456,CLM-00000356,CLAIM_PAYMENT,DEBIT,CANCELLED,2026-01-22,2026-01-22,10523.75,10523.75,BRL,872.153.946-46,das Neves,Guerra dos Dourados,AM,2026-05-25 01:16:38
FLOW-0000003446,POL-00000017,CLM-00000024,COMMISSION,DEBIT,FAILED,2025-05-23,2025-05-28,24765.66,0.0,BRL,047.193.256-61,Melo S.A.,Barbosa da Mata,RR,2026-05-25 01:16:38
FLOW-0000003447,POL-00000241,CLM-00000204,CANCELLATION,PIX,PROCESSED,2026-05-23,2026-05-24,8857.43,8857.43,BRL,456.708.192-76,Cassiano,Macedo,PB,2026-05-25 01:16:38
FLOW-0000003448,POL-00000316,CLM-00000191,COMMISSION,DEBIT,CANCELLED,2024-11-17,2024-11-21,18490.91,18490.91,BRL,027.491.863-31,Barros - EI,Campos de Oliveira,RS,2026-05-25 01:16:38
FLOW-0000003449,POL-00000071,CLM-00000583,CANCELLATION,DEBIT,FAILED,2026-04-16,2026-04-19,2023.0,0.0,BRL,794.352.160-99,Pacheco Montenegro S.A.,Campos dos Dourados,DF,2026-05-25 01:16:38
FLOW-0000003450,POL-00000304,CLM-00000478,PREMIUM_PAYMENT,PIX,FAILED,2024-11-13,2024-11-14,8061.35,0.0,BRL,197.028.364-50,da Costa - EI,da Conceição,PI,2026-05-25 01:16:38
FLOW-0000003451,POL-00000271,CLM-00000165,PREMIUM_PAYMENT,DEBIT,PROCESSED,2025-01-20,2025-01-21,9231.77,9231.77,BRL,317.629.850-12,Monteiro,Rocha das Flores,MS,2026-05-25 01:16:38
FLOW-0000003452,POL-00000121,CLM-00000081,REFUND,CREDIT_CARD,FAILED,2024-07-07,2024-07-10,16876.81,0.0,BRL,930.125.486-70,Fogaça,Castro das Pedras,RO,2026-05-25 01:16:38
FLOW-0000003453,POL-00000314,CLM-00000403,REINSURANCE,CREDIT_CARD,FAILED,2026-03-03,2026-03-07,7285.02,0.0,BRL,640.918.732-78,Correia,da Cruz,MG,2026-05-25 01:16:38
FLOW-0000003454,POL-00000153,CLM-00000996,REFUND,CREDIT_CARD,PROCESSED,2024-08-22,2024-08-24,10377.99,10377.99,BRL,746.932.180-22,Camargo Duarte - ME,Cardoso,MG,2026-05-25 01:16:38
FLOW-0000003455,POL-00000158,CLM-00000727,COMMISSION,CREDIT_CARD,PROCESSED,2025-10-06,2025-10-08,21872.74,21872.74,BRL,593.164.728-73,Fogaça,Sampaio,AP,2026-05-25 01:16:38
FLOW-0000003456,POL-00000203,CLM-00000584,COMMISSION,BANK_TRANSFER,PENDING,2024-09-02,2024-09-02,19803.09,19803.09,BRL,849.760.351-66,Abreu - ME,Mendonça,RN,2026-05-25 01:16:38
FLOW-0000003457,POL-00000427,CLM-00000723,REINSURANCE,CREDIT_CARD,PROCESSED,2025-11-12,2025-11-16,6152.47,6152.47,BRL,192.478.630-31,Teixeira Borges e Filhos,Nunes,CE,2026-05-25 01:16:38
FLOW-0000003458,POL-00000295,CLM-00000903,COMMISSION,CREDIT_CARD,PROCESSED,2024-11-26,2024-11-28,14479.07,14479.07,BRL,437.261.850-62,Cassiano,Santos de Minas,DF,2026-05-25 01:16:38
FLOW-0000003459,POL-00000075,CLM-00000230,REINSURANCE,PIX,PROCESSED,2024-10-15,2024-10-18,6631.67,6631.67,BRL,936.217.508-86,Mendes,Cardoso de Nunes,AM,2026-05-25 01:16:38
FLOW-0000003460,POL-00000310,CLM-00000741,REFUND,DEBIT,PROCESSED,2024-11-09,2024-11-13,8238.29,8238.29,BRL,136.780.942-87,Farias Azevedo - ME,Fernandes Verde,DF,2026-05-25 01:16:38
FLOW-0000003461,POL-00000052,CLM-00000256,REINSURANCE,BANK_SLIP,FAILED,2026-01-23,2026-01-28,23382.72,0.0,BRL,943.570.128-05,Viana,Cavalcanti,MS,2026-05-25 01:16:38
FLOW-0000003462,POL-00000067,CLM-00000063,REINSURANCE,BANK_SLIP,CANCELLED,2026-03-25,2026-03-25,24185.09,24185.09,BRL,046.723.195-80,Sales,Rezende,AP,2026-05-25 01:16:38
FLOW-0000003463,POL-00000168,CLM-00000309,PREMIUM_PAYMENT,BANK_TRANSFER,CANCELLED,2025-04-29,2025-04-29,21517.51,21517.51,BRL,941.837.650-48,Martins,Garcia,PB,2026-05-25 01:16:38
FLOW-0000003464,POL-00000190,CLM-00000345,CANCELLATION,DEBIT,CANCELLED,2025-06-09,2025-06-11,4858.27,4858.27,BRL,807.413.592-60,Almeida,Pacheco,SP,2026-05-25 01:16:38
FLOW-0000003465,POL-00000126,CLM-00000011,CLAIM_PAYMENT,PIX,PENDING,2024-10-22,2024-10-26,3341.2,3341.2,BRL,620.745.931-80,Cunha - ME,Pacheco,TO,2026-05-25 01:16:38
FLOW-0000003466,POL-00000196,CLM-00000952,REFUND,PIX,FAILED,2025-05-19,2025-05-21,6989.53,0.0,BRL,045.326.187-62,Nunes,Moreira do Amparo,PR,2026-05-25 01:16:38
FLOW-0000003467,POL-00000422,CLM-00000029,CLAIM_PAYMENT,BANK_SLIP,PENDING,2025-02-16,2025-02-17,18102.19,18102.19,BRL,638.294.751-28,Rios,Santos de Cavalcante,AM,2026-05-25 01:16:38
FLOW-0000003468,POL-00000399,CLM-00000118,PREMIUM_PAYMENT,BANK_SLIP,PROCESSED,2025-12-31,2026-01-05,21872.31,21872.31,BRL,873.104.596-01,da Costa,Nunes,SC,2026-05-25 01:16:38
FLOW-0000003469,POL-00000443,CLM-00000365,COMMISSION,BANK_TRANSFER,CANCELLED,2024-10-31,2024-11-05,21601.17,21601.17,BRL,364.752.801-35,Rios Fogaça Ltda.,da Cunha do Sul,TO,2026-05-25 01:16:38
FLOW-0000003470,POL-00000299,CLM-00000346,CLAIM_PAYMENT,DEBIT,FAILED,2024-07-31,2024-08-05,14892.89,0.0,BRL,410.826.579-30,Alves,Brito da Prata,RS,2026-05-25 01:16:38
FLOW-0000003471,POL-00000473,CLM-00000588,REFUND,BANK_TRANSFER,PENDING,2026-01-31,2026-01-31,13906.66,13906.66,BRL,418.532.970-97,Pastor da Mata - ME,Pinto,SE,2026-05-25 01:16:38
FLOW-0000003472,POL-00000283,CLM-00000306,COMMISSION,BANK_SLIP,FAILED,2024-07-20,2024-07-21,23612.33,0.0,BRL,724.830.915-04,Ramos - ME,da Luz,MG,2026-05-25 01:16:38
FLOW-0000003473,POL-00000114,CLM-00000087,REFUND,PIX,CANCELLED,2024-11-01,2024-11-03,17409.29,17409.29,BRL,283.657.049-00,da Cruz S.A.,Souza,MA,2026-05-25 01:16:38
FLOW-0000003474,POL-00000025,CLM-00000907,REINSURANCE,BANK_SLIP,FAILED,2024-12-20,2024-12-21,23366.99,0.0,BRL,278.640.519-01,Teixeira,Oliveira,PB,2026-05-25 01:16:38
FLOW-0000003475,POL-00000081,CLM-00000956,CLAIM_PAYMENT,BANK_SLIP,CANCELLED,2025-05-17,2025-05-19,22261.71,22261.71,BRL,481.670.235-08,Camargo,Siqueira,SC,2026-05-25 01:16:38
FLOW-0000003476,POL-00000235,CLM-00000300,CLAIM_PAYMENT,BANK_SLIP,FAILED,2024-11-19,2024-11-19,21456.48,0.0,BRL,736.425.190-16,Carvalho,Peixoto do Amparo,MG,2026-05-25 01:16:38
FLOW-0000003477,POL-00000010,CLM-00000309,CANCELLATION,BANK_SLIP,PENDING,2026-02-03,2026-02-05,10194.11,10194.11,BRL,946.512.730-25,das Neves da Paz S/A,Dias da Prata,MS,2026-05-25 01:16:38
FLOW-0000003478,POL-00000259,CLM-00000760,REINSURANCE,DEBIT,CANCELLED,2024-12-08,2024-12-13,11296.52,11296.52,BRL,910.384.265-70,da Mota,Casa Grande,RO,2026-05-25 01:16:38
FLOW-0000003479,POL-00000364,CLM-00000725,PREMIUM_PAYMENT,BANK_SLIP,FAILED,2026-01-02,2026-01-06,20788.32,0.0,BRL,946.135.280-89,Cardoso Novaes Ltda.,Sousa,RS,2026-05-25 01:16:38
FLOW-0000003480,POL-00000079,CLM-00000908,REFUND,PIX,PENDING,2025-11-12,2025-11-16,21515.87,21515.87,BRL,307.958.624-74,Garcia,Sales do Sul,DF,2026-05-25 01:16:38
FLOW-0000003481,POL-00000456,CLM-00000293,REFUND,PIX,CANCELLED,2026-04-27,2026-05-02,16583.47,16583.47,BRL,435.218.097-14,Pimenta,da Rosa,DF,2026-05-25 01:16:38
FLOW-0000003482,POL-00000107,CLM-00000862,PREMIUM_PAYMENT,CREDIT_CARD,FAILED,2025-03-23,2025-03-26,6624.22,0.0,BRL,281.543.709-05,Araújo S/A,da Paz,PI,2026-05-25 01:16:38
FLOW-0000003483,POL-00000485,CLM-00000049,REINSURANCE,BANK_SLIP,FAILED,2025-12-25,2025-12-25,3921.39,0.0,BRL,489.572.610-01,Pires Moreira - EI,Caldeira Paulista,GO,2026-05-25 01:16:38
FLOW-0000003484,POL-00000217,CLM-00000401,REINSURANCE,CREDIT_CARD,FAILED,2024-06-14,2024-06-15,20385.92,0.0,BRL,897.203.156-95,das Neves da Rocha e Filhos,Vasconcelos do Norte,ES,2026-05-25 01:16:38
FLOW-0000003485,POL-00000102,CLM-00000206,COMMISSION,BANK_SLIP,PROCESSED,2026-01-24,2026-01-25,11238.97,11238.97,BRL,430.591.826-98,Pires,da Costa,RN,2026-05-25 01:16:38
FLOW-0000003486,POL-00000005,CLM-00000140,REINSURANCE,PIX,PROCESSED,2025-01-04,2025-01-08,24850.71,24850.71,BRL,651.429.730-70,Cirino,Azevedo Paulista,ES,2026-05-25 01:16:38
FLOW-0000003487,POL-00000111,CLM-00000210,REINSURANCE,PIX,PENDING,2025-02-08,2025-02-09,8288.22,8288.22,BRL,546.980.173-00,Barros - EI,Novais de Sousa,SC,2026-05-25 01:16:38
FLOW-0000003488,POL-00000210,CLM-00000480,CLAIM_PAYMENT,DEBIT,FAILED,2025-09-04,2025-09-05,598.07,0.0,BRL,738.041.625-17,Novaes S/A,Gomes Paulista,SE,2026-05-25 01:16:38
FLOW-0000003489,POL-00000402,CLM-00000468,PREMIUM_PAYMENT,CREDIT_CARD,CANCELLED,2024-09-22,2024-09-22,18364.88,18364.88,BRL,902.763.518-86,Rios S/A,Jesus das Flores,RO,2026-05-25 01:16:38
FLOW-0000003490,POL-00000398,CLM-00000490,REFUND,BANK_TRANSFER,PROCESSED,2025-01-21,2025-01-21,10966.61,10966.61,BRL,842.153.096-89,Lopes,da Cunha,AM,2026-05-25 01:16:38
FLOW-0000003491,POL-00000461,CLM-00000767,COMMISSION,PIX,PROCESSED,2025-01-26,2025-01-30,8716.97,8716.97,BRL,348.295.167-55,Rodrigues,Mendonça,RR,2026-05-25 01:16:38
FLOW-0000003492,POL-00000029,CLM-00000081,COMMISSION,BANK_SLIP,PROCESSED,2024-08-04,2024-08-05,6985.95,6985.95,BRL,784.316.059-01,Porto - EI,Câmara,TO,2026-05-25 01:16:38
FLOW-0000003493,POL-00000418,CLM-00000500,REINSURANCE,BANK_SLIP,FAILED,2026-02-18,2026-02-19,18381.17,0.0,BRL,976.351.840-75,da Cunha,Cirino de Cirino,RN,2026-05-25 01:16:38
FLOW-0000003494,POL-00000024,CLM-00000131,COMMISSION,BANK_TRANSFER,PROCESSED,2024-07-09,2024-07-10,774.63,774.63,BRL,024.763.918-40,Nascimento Pereira Ltda.,Abreu da Prata,PE,2026-05-25 01:16:38
FLOW-0000003495,POL-00000047,CLM-00000466,REINSURANCE,BANK_SLIP,PENDING,2025-02-27,2025-03-01,11488.39,11488.39,BRL,175.496.208-49,Gomes,Lima,AM,2026-05-25 01:16:38
FLOW-0000003496,POL-00000027,CLM-00000903,CLAIM_PAYMENT,CREDIT_CARD,FAILED,2025-12-24,2025-12-25,16564.84,0.0,BRL,512.036.789-59,Correia Siqueira - ME,Costa,RJ,2026-05-25 01:16:38
FLOW-0000003497,POL-00000470,CLM-00000852,CANCELLATION,CREDIT_CARD,CANCELLED,2024-08-29,2024-08-29,11011.7,11011.7,BRL,085.713.496-57,Costa,Sá do Oeste,DF,2026-05-25 01:16:38
FLOW-0000003498,POL-00000426,CLM-00000940,REFUND,DEBIT,PENDING,2026-03-23,2026-03-28,22083.29,22083.29,BRL,841.023.976-04,da Conceição Moraes - EI,Martins,DF,2026-05-25 01:16:38
FLOW-0000003499,POL-00000423,CLM-00000267,REFUND,DEBIT,FAILED,2026-04-24,2026-04-29,15919.75,0.0,BRL,760.825.941-85,Souza - EI,Pinto de Souza,RJ,2026-05-25 01:16:38
FLOW-0000003500,POL-00000474,CLM-00000271,REINSURANCE,PIX,PROCESSED,2025-06-30,2025-06-30,15576.35,15576.35,BRL,219.706.854-76,Fonseca - ME,da Mata,RJ,2026-05-25 01:16:38
FLOW-0000003501,POL-00000275,CLM-00000894,REINSURANCE,DEBIT,PROCESSED,2025-09-12,2025-09-15,9026.03,9026.03,BRL,761.932.850-59,da Rocha S/A,Rocha,PA,2026-05-25 01:16:38
FLOW-0000003502,POL-00000174,CLM-00000518,REFUND,PIX,PROCESSED,2025-02-03,2025-02-04,19726.06,19726.06,BRL,327.568.041-26,Freitas da Rosa - ME,Carvalho do Norte,PA,2026-05-25 01:16:38
FLOW-0000003503,POL-00000411,CLM-00000979,REINSURANCE,BANK_TRANSFER,PENDING,2025-12-23,2025-12-24,3931.02,3931.02,BRL,697.084.135-93,Pimenta S.A.,Castro,RR,2026-05-25 01:16:38
FLOW-0000003504,POL-00000365,CLM-00000261,REFUND,BANK_TRANSFER,FAILED,2025-02-07,2025-02-12,8613.89,0.0,BRL,375.486.192-19,da Costa - ME,Araújo do Sul,MT,2026-05-25 01:16:38
FLOW-0000003505,POL-00000128,CLM-00000643,CLAIM_PAYMENT,BANK_SLIP,CANCELLED,2025-12-06,2025-12-11,18500.47,18500.47,BRL,652.094.381-98,Azevedo e Filhos,Monteiro,PI,2026-05-25 01:16:38
FLOW-0000003506,POL-00000052,CLM-00000134,PREMIUM_PAYMENT,PIX,PROCESSED,2026-02-08,2026-02-11,14356.42,14356.42,BRL,976.254.803-56,Costa Jesus - ME,Barbosa Paulista,CE,2026-05-25 01:16:38
FLOW-0000003507,POL-00000495,CLM-00000526,PREMIUM_PAYMENT,PIX,CANCELLED,2025-05-14,2025-05-14,24484.19,24484.19,BRL,489.273.056-47,Martins S/A,Monteiro,BA,2026-05-25 01:16:38
FLOW-0000003508,POL-00000414,CLM-00000941,CANCELLATION,BANK_TRANSFER,CANCELLED,2025-06-19,2025-06-20,17437.38,17437.38,BRL,496.518.037-20,Silva Pastor e Filhos,da Mata da Mata,RR,2026-05-25 01:16:38
FLOW-0000003509,POL-00000438,CLM-00000051,PREMIUM_PAYMENT,DEBIT,CANCELLED,2025-11-12,2025-11-12,16756.76,16756.76,BRL,061.725.349-80,Mendes,da Cunha do Oeste,PA,2026-05-25 01:16:38
FLOW-0000003510,POL-00000307,CLM-00000155,CANCELLATION,CREDIT_CARD,PROCESSED,2026-02-06,2026-02-08,17354.97,17354.97,BRL,840.256.179-94,Nogueira,da Rosa Verde,AC,2026-05-25 01:16:38
FLOW-0000003511,POL-00000356,CLM-00000364,REINSURANCE,BANK_SLIP,FAILED,2026-05-08,2026-05-08,14714.54,0.0,BRL,430.612.857-17,Moraes - ME,Silveira,PA,2026-05-25 01:16:38
FLOW-0000003512,POL-00000053,CLM-00000177,PREMIUM_PAYMENT,BANK_SLIP,CANCELLED,2025-02-23,2025-02-27,7992.57,7992.57,BRL,897.245.603-92,Alves e Filhos,Aragão,MA,2026-05-25 01:16:38
FLOW-0000003513,POL-00000128,CLM-00000226,REFUND,BANK_TRANSFER,FAILED,2024-12-11,2024-12-12,22637.64,0.0,BRL,582.106.493-70,Cavalcanti,Cardoso da Mata,RN,2026-05-25 01:16:38
FLOW-0000003514,POL-00000439,CLM-00000297,PREMIUM_PAYMENT,BANK_SLIP,FAILED,2025-12-06,2025-12-09,4585.61,0.0,BRL,897.302.514-79,Nascimento - ME,Guerra da Praia,PE,2026-05-25 01:16:38
FLOW-0000003515,POL-00000348,CLM-00000329,CLAIM_PAYMENT,CREDIT_CARD,CANCELLED,2025-06-19,2025-06-20,2869.02,2869.02,BRL,924.805.637-74,Moreira - EI,Lopes de Minas,SE,2026-05-25 01:16:38
FLOW-0000003516,POL-00000466,CLM-00000200,REFUND,PIX,PROCESSED,2025-07-05,2025-07-09,21982.8,21982.8,BRL,573.942.681-28,Dias,Nunes,TO,2026-05-25 01:16:38
FLOW-0000003517,POL-00000500,CLM-00000297,CLAIM_PAYMENT,CREDIT_CARD,PROCESSED,2024-06-17,2024-06-22,13512.48,13512.48,BRL,751.498.623-55,Pastor Freitas S.A.,Sales Verde,PE,2026-05-25 01:16:38
FLOW-0000003518,POL-00000258,CLM-00000861,PREMIUM_PAYMENT,BANK_TRANSFER,FAILED,2025-01-31,2025-02-02,11098.32,0.0,BRL,198.047.562-85,da Mata,Cassiano de Costa,TO,2026-05-25 01:16:38
FLOW-0000003519,POL-00000007,CLM-00000278,REINSURANCE,DEBIT,FAILED,2025-08-22,2025-08-25,12738.94,0.0,BRL,465.107.382-44,Araújo,Gonçalves da Praia,PA,2026-05-25 01:16:38
FLOW-0000003520,POL-00000315,CLM-00000700,PREMIUM_PAYMENT,DEBIT,FAILED,2026-03-28,2026-03-28,20120.77,0.0,BRL,437.568.902-10,Cassiano,Ferreira,DF,2026-05-25 01:16:38
FLOW-0000003521,POL-00000098,CLM-00000807,PREMIUM_PAYMENT,DEBIT,FAILED,2026-03-14,2026-03-18,17124.65,0.0,BRL,571.084.693-75,Sousa,Costela,SE,2026-05-25 01:16:38
FLOW-0000003522,POL-00000204,CLM-00000438,CANCELLATION,BANK_SLIP,PROCESSED,2024-12-18,2024-12-21,6471.6,6471.6,BRL,014.385.627-80,Nunes - EI,Cardoso,RR,2026-05-25 01:16:38
FLOW-0000003523,POL-00000213,CLM-00000239,REINSURANCE,CREDIT_CARD,FAILED,2025-04-24,2025-04-25,23693.33,0.0,BRL,579.168.042-20,Pacheco,Mendes,PI,2026-05-25 01:16:38
FLOW-0000003524,POL-00000164,CLM-00000814,REFUND,BANK_SLIP,CANCELLED,2025-08-25,2025-08-26,11336.15,11336.15,BRL,410.639.572-06,Teixeira,Casa Grande de Rios,MA,2026-05-25 01:16:38
FLOW-0000003525,POL-00000009,CLM-00000429,REINSURANCE,PIX,PROCESSED,2025-10-12,2025-10-13,22805.61,22805.61,BRL,254.780.961-30,Alves Casa Grande - EI,Barbosa,MS,2026-05-25 01:16:38
FLOW-0000003526,POL-00000415,CLM-00000620,PREMIUM_PAYMENT,BANK_SLIP,PROCESSED,2025-04-20,2025-04-23,8764.78,8764.78,BRL,875.423.901-04,Moreira,Souza de Souza,RS,2026-05-25 01:16:38
FLOW-0000003527,POL-00000078,CLM-00000607,REINSURANCE,CREDIT_CARD,PROCESSED,2025-12-10,2025-12-10,16370.29,16370.29,BRL,579.024.186-76,Andrade S.A.,Ribeiro,MA,2026-05-25 01:16:38
FLOW-0000003528,POL-00000022,CLM-00000156,REFUND,BANK_TRANSFER,PROCESSED,2024-07-12,2024-07-12,1829.83,1829.83,BRL,572.894.160-58,Castro,Mendes,MS,2026-05-25 01:16:38
FLOW-0000003529,POL-00000120,CLM-00000447,CANCELLATION,BANK_SLIP,CANCELLED,2026-05-11,2026-05-13,7929.33,7929.33,BRL,145.068.397-57,Camargo Ltda.,Nascimento de Fonseca,ES,2026-05-25 01:16:38
FLOW-0000003530,POL-00000089,CLM-00000847,CLAIM_PAYMENT,BANK_TRANSFER,CANCELLED,2025-07-10,2025-07-13,16725.96,16725.96,BRL,253.890.641-51,Teixeira - ME,da Cunha,PE,2026-05-25 01:16:38
FLOW-0000003531,POL-00000221,CLM-00000387,CLAIM_PAYMENT,PIX,PENDING,2024-12-14,2024-12-19,7451.64,7451.64,BRL,853.924.170-60,Barbosa,Monteiro de Machado,TO,2026-05-25 01:16:38
FLOW-0000003532,POL-00000331,CLM-00000685,REINSURANCE,BANK_TRANSFER,PENDING,2026-04-22,2026-04-24,16597.97,16597.97,BRL,509.362.817-40,da Rocha S/A,Martins,CE,2026-05-25 01:16:38
FLOW-0000003533,POL-00000115,CLM-00000671,CLAIM_PAYMENT,BANK_TRANSFER,PENDING,2025-05-10,2025-05-12,2472.55,2472.55,BRL,198.745.630-01,Fernandes,Souza,SC,2026-05-25 01:16:38
FLOW-0000003534,POL-00000361,CLM-00000877,REINSURANCE,BANK_SLIP,PROCESSED,2026-04-11,2026-04-11,1138.05,1138.05,BRL,642.895.713-28,Câmara,da Paz de da Costa,AP,2026-05-25 01:16:38
FLOW-0000003535,POL-00000436,CLM-00000156,PREMIUM_PAYMENT,PIX,PROCESSED,2025-07-21,2025-07-21,20482.11,20482.11,BRL,532.476.810-35,Aparecida,Nogueira da Prata,RS,2026-05-25 01:16:38
FLOW-0000003536,POL-00000262,CLM-00000679,COMMISSION,PIX,FAILED,2025-12-26,2025-12-27,19563.67,0.0,BRL,186.435.029-60,Melo,Souza Alegre,RR,2026-05-25 01:16:38
FLOW-0000003537,POL-00000279,CLM-00000428,CLAIM_PAYMENT,BANK_TRANSFER,CANCELLED,2025-12-21,2025-12-26,9343.61,9343.61,BRL,517.826.930-68,Cassiano - ME,Caldeira de Sousa,AP,2026-05-25 01:16:38
FLOW-0000003538,POL-00000054,CLM-00000782,COMMISSION,BANK_TRANSFER,PENDING,2026-05-05,2026-05-08,24786.28,24786.28,BRL,709.524.638-65,Sá Lopes S.A.,Leão Grande,GO,2026-05-25 01:16:38
FLOW-0000003539,POL-00000200,CLM-00000317,COMMISSION,CREDIT_CARD,PENDING,2025-11-08,2025-11-08,13294.42,13294.42,BRL,580.413.269-51,Fogaça,Sampaio,RJ,2026-05-25 01:16:38
FLOW-0000003540,POL-00000022,CLM-00000814,CANCELLATION,DEBIT,PENDING,2025-06-09,2025-06-10,20937.43,20937.43,BRL,387.402.196-31,Campos,Rodrigues do Norte,BA,2026-05-25 01:16:38
FLOW-0000003541,POL-00000227,CLM-00000654,REINSURANCE,BANK_TRANSFER,CANCELLED,2025-06-29,2025-06-30,14271.93,14271.93,BRL,827.459.603-00,Mendes - ME,Ferreira Alegre,RO,2026-05-25 01:16:38
FLOW-0000003542,POL-00000398,CLM-00000755,COMMISSION,DEBIT,FAILED,2026-02-19,2026-02-22,6151.57,0.0,BRL,964.850.732-56,Silveira e Filhos,Câmara,SP,2026-05-25 01:16:38
FLOW-0000003543,POL-00000397,CLM-00000764,REFUND,PIX,FAILED,2025-04-29,2025-05-04,10073.08,0.0,BRL,512.874.036-62,Montenegro - EI,Oliveira,MS,2026-05-25 01:16:38
FLOW-0000003544,POL-00000152,CLM-00000675,CLAIM_PAYMENT,BANK_SLIP,PROCESSED,2025-05-11,2025-05-15,10911.84,10911.84,BRL,360.198.745-75,Monteiro,Campos,PB,2026-05-25 01:16:38
FLOW-0000003545,POL-00000415,CLM-00000149,CANCELLATION,BANK_SLIP,CANCELLED,2026-04-22,2026-04-22,15282.35,15282.35,BRL,147.569.832-19,Abreu,Rodrigues,SE,2026-05-25 01:16:38
FLOW-0000003546,POL-00000354,CLM-00000066,PREMIUM_PAYMENT,PIX,FAILED,2024-11-12,2024-11-12,4873.03,0.0,BRL,687.452.310-44,Abreu,Rocha de Monteiro,BA,2026-05-25 01:16:38
FLOW-0000003547,POL-00000408,CLM-00000996,COMMISSION,PIX,PROCESSED,2024-07-30,2024-08-01,4119.22,4119.22,BRL,275.386.140-44,Abreu Ltda.,Abreu,MT,2026-05-25 01:16:38
FLOW-0000003548,POL-00000047,CLM-00000483,REINSURANCE,BANK_TRANSFER,PENDING,2025-04-30,2025-05-02,18331.84,18331.84,BRL,658.204.793-00,Correia,da Cruz Alegre,SP,2026-05-25 01:16:38
FLOW-0000003549,POL-00000295,CLM-00000708,REFUND,BANK_TRANSFER,FAILED,2025-03-27,2025-03-30,3877.93,0.0,BRL,486.713.920-31,Ramos Caldeira Ltda.,Cirino de Rodrigues,RJ,2026-05-25 01:16:38
FLOW-0000003550,POL-00000057,CLM-00000754,REINSURANCE,BANK_TRANSFER,PROCESSED,2025-10-15,2025-10-15,16309.61,16309.61,BRL,360.895.417-10,Souza e Filhos,Fernandes,PA,2026-05-25 01:16:38
FLOW-0000003551,POL-00000210,CLM-00000022,REFUND,BANK_SLIP,CANCELLED,2024-11-04,2024-11-04,1472.48,1472.48,BRL,361.095.724-70,Peixoto,Teixeira,RS,2026-05-25 01:16:38
FLOW-0000003552,POL-00000480,CLM-00000202,PREMIUM_PAYMENT,BANK_SLIP,FAILED,2024-12-21,2024-12-26,103.17,0.0,BRL,140.876.325-71,Siqueira,Fogaça,RJ,2026-05-25 01:16:38
FLOW-0000003553,POL-00000097,CLM-00000894,REINSURANCE,PIX,CANCELLED,2025-06-16,2025-06-20,8449.68,8449.68,BRL,395.267.401-06,Machado S/A,Costa,CE,2026-05-25 01:16:38
FLOW-0000003554,POL-00000415,CLM-00000184,PREMIUM_PAYMENT,CREDIT_CARD,FAILED,2025-12-11,2025-12-11,8078.05,0.0,BRL,147.298.603-22,Cunha,Dias,BA,2026-05-25 01:16:38
FLOW-0000003555,POL-00000479,CLM-00000364,CLAIM_PAYMENT,BANK_TRANSFER,PENDING,2024-08-21,2024-08-22,22163.08,22163.08,BRL,816.795.043-39,Rezende,da Rosa,GO,2026-05-25 01:16:38
FLOW-0000003556,POL-00000338,CLM-00000798,REFUND,BANK_TRANSFER,PROCESSED,2025-01-22,2025-01-27,4087.88,4087.88,BRL,493.781.260-22,Siqueira,Farias,SE,2026-05-25 01:16:38
FLOW-0000003557,POL-00000274,CLM-00000715,REFUND,DEBIT,CANCELLED,2025-09-30,2025-10-04,1608.07,1608.07,BRL,680.723.145-80,Vasconcelos Silva Ltda.,Sá,PE,2026-05-25 01:16:38
FLOW-0000003558,POL-00000440,CLM-00000233,REFUND,BANK_SLIP,PROCESSED,2025-09-08,2025-09-09,20574.74,20574.74,BRL,870.159.326-95,Campos,Sá de Barbosa,PB,2026-05-25 01:16:38
FLOW-0000003559,POL-00000345,CLM-00000809,CLAIM_PAYMENT,BANK_SLIP,CANCELLED,2024-10-29,2024-11-02,24823.94,24823.94,BRL,038.259.746-00,Gonçalves,da Cruz Paulista,DF,2026-05-25 01:16:38
FLOW-0000003560,POL-00000259,CLM-00000345,REFUND,PIX,PENDING,2025-07-02,2025-07-03,20373.21,20373.21,BRL,182.935.746-82,Machado S/A,Azevedo,BA,2026-05-25 01:16:38
FLOW-0000003561,POL-00000204,CLM-00000466,REFUND,PIX,PROCESSED,2026-01-13,2026-01-18,24088.7,24088.7,BRL,720.158.963-68,Caldeira,Caldeira,SP,2026-05-25 01:16:38
FLOW-0000003562,POL-00000001,CLM-00000997,COMMISSION,PIX,PENDING,2024-06-12,2024-06-13,10879.63,10879.63,BRL,718.364.059-01,Caldeira S.A.,Camargo do Galho,MA,2026-05-25 01:16:38
FLOW-0000003563,POL-00000103,CLM-00000922,REINSURANCE,BANK_SLIP,PROCESSED,2024-08-02,2024-08-03,3918.56,3918.56,BRL,391.247.568-73,Teixeira,Caldeira,PR,2026-05-25 01:16:38
FLOW-0000003564,POL-00000179,CLM-00000920,PREMIUM_PAYMENT,BANK_SLIP,PROCESSED,2024-10-31,2024-11-05,15238.91,15238.91,BRL,163.984.705-75,Vieira S.A.,Borges,AM,2026-05-25 01:16:38
FLOW-0000003565,POL-00000271,CLM-00000489,CANCELLATION,CREDIT_CARD,PENDING,2025-05-13,2025-05-16,18442.47,18442.47,BRL,498.251.736-37,Freitas - ME,Cavalcante do Oeste,SE,2026-05-25 01:16:38
FLOW-0000003566,POL-00000208,CLM-00000976,CANCELLATION,DEBIT,PENDING,2026-01-20,2026-01-25,23450.49,23450.49,BRL,839.561.427-64,Barros,Pinto,RJ,2026-05-25 01:16:38
FLOW-0000003567,POL-00000217,CLM-00000774,CANCELLATION,CREDIT_CARD,PENDING,2025-06-01,2025-06-04,9671.79,9671.79,BRL,279.350.461-07,Sousa Lima - EI,Monteiro do Campo,CE,2026-05-25 01:16:38
FLOW-0000003568,POL-00000439,CLM-00000670,CANCELLATION,CREDIT_CARD,PENDING,2026-01-27,2026-01-31,4217.85,4217.85,BRL,795.824.601-30,Camargo,Pastor do Galho,CE,2026-05-25 01:16:38
FLOW-0000003569,POL-00000240,CLM-00000622,REINSURANCE,DEBIT,PROCESSED,2024-12-23,2024-12-24,19269.6,19269.6,BRL,476.135.920-06,Aragão,Fernandes,AL,2026-05-25 01:16:38
FLOW-0000003570,POL-00000181,CLM-00000994,REINSURANCE,BANK_TRANSFER,PENDING,2026-05-21,2026-05-24,2963.63,2963.63,BRL,801.934.275-32,Silveira Nunes - EI,Mendonça,PR,2026-05-25 01:16:38
FLOW-0000003571,POL-00000278,CLM-00000710,REINSURANCE,CREDIT_CARD,PROCESSED,2025-09-18,2025-09-21,14509.91,14509.91,BRL,107.836.495-84,Sousa Ltda.,Marques,PA,2026-05-25 01:16:38
FLOW-0000003572,POL-00000367,CLM-00000842,CLAIM_PAYMENT,BANK_SLIP,PENDING,2025-12-26,2025-12-28,16535.49,16535.49,BRL,719.026.583-02,Cirino,Moraes,MA,2026-05-25 01:16:38
FLOW-0000003573,POL-00000274,CLM-00000394,COMMISSION,BANK_SLIP,CANCELLED,2026-04-25,2026-04-30,9800.19,9800.19,BRL,708.129.653-02,Mendonça Moreira S.A.,Castro,AP,2026-05-25 01:16:38
FLOW-0000003574,POL-00000071,CLM-00000332,REINSURANCE,DEBIT,PENDING,2024-09-06,2024-09-10,21753.45,21753.45,BRL,432.179.586-91,Santos Castro - ME,Marques do Amparo,RO,2026-05-25 01:16:38
FLOW-0000003575,POL-00000176,CLM-00000334,REINSURANCE,BANK_SLIP,PROCESSED,2025-02-16,2025-02-17,7735.79,7735.79,BRL,732.065.894-10,Oliveira,Garcia,PI,2026-05-25 01:16:38
FLOW-0000003576,POL-00000392,CLM-00000456,REFUND,CREDIT_CARD,PENDING,2025-11-28,2025-12-02,6857.08,6857.08,BRL,276.318.504-53,Dias,Barros,CE,2026-05-25 01:16:38
FLOW-0000003577,POL-00000228,CLM-00000275,REINSURANCE,DEBIT,PENDING,2024-06-21,2024-06-22,14504.32,14504.32,BRL,412.305.896-51,Aragão,Nascimento,SC,2026-05-25 01:16:38
FLOW-0000003578,POL-00000303,CLM-00000312,REFUND,PIX,CANCELLED,2025-04-29,2025-04-30,19132.56,19132.56,BRL,368.270.495-74,da Costa S.A.,Albuquerque,ES,2026-05-25 01:16:38
FLOW-0000003579,POL-00000012,CLM-00000576,REFUND,PIX,CANCELLED,2025-06-06,2025-06-09,14373.65,14373.65,BRL,125.698.473-64,Pires,Rocha da Praia,RO,2026-05-25 01:16:38
FLOW-0000003580,POL-00000352,CLM-00000697,REFUND,DEBIT,FAILED,2025-08-11,2025-08-15,19557.08,0.0,BRL,362.974.801-50,Nunes,Machado do Amparo,GO,2026-05-25 01:16:38
FLOW-0000003581,POL-00000208,CLM-00000283,CANCELLATION,PIX,FAILED,2025-11-16,2025-11-18,14000.79,0.0,BRL,530.147.269-07,Pinto - ME,Casa Grande,RN,2026-05-25 01:16:38
FLOW-0000003582,POL-00000058,CLM-00000421,REINSURANCE,DEBIT,FAILED,2025-11-28,2025-12-02,4878.85,0.0,BRL,815.067.349-01,Andrade,Guerra de Goiás,RJ,2026-05-25 01:16:38
FLOW-0000003583,POL-00000106,CLM-00000409,REFUND,BANK_TRANSFER,FAILED,2025-01-16,2025-01-17,7259.93,0.0,BRL,703.912.645-16,Siqueira,Fogaça,SP,2026-05-25 01:16:38
FLOW-0000003584,POL-00000150,CLM-00000796,PREMIUM_PAYMENT,BANK_TRANSFER,CANCELLED,2025-01-22,2025-01-26,20220.26,20220.26,BRL,178.629.053-77,Macedo Leão e Filhos,Macedo de Pastor,AL,2026-05-25 01:16:38
FLOW-0000003585,POL-00000006,CLM-00000812,COMMISSION,BANK_TRANSFER,FAILED,2025-03-26,2025-03-30,747.46,0.0,BRL,307.819.256-30,Porto,Borges,RR,2026-05-25 01:16:38
FLOW-0000003586,POL-00000449,CLM-00000011,REINSURANCE,CREDIT_CARD,CANCELLED,2025-05-19,2025-05-20,16588.89,16588.89,BRL,308.671.259-77,Moreira,Barbosa de Viana,MS,2026-05-25 01:16:38
FLOW-0000003587,POL-00000205,CLM-00000143,PREMIUM_PAYMENT,DEBIT,PROCESSED,2026-02-05,2026-02-06,3000.78,3000.78,BRL,697.548.021-49,Porto S/A,Brito,SE,2026-05-25 01:16:38
FLOW-0000003588,POL-00000010,CLM-00000861,COMMISSION,BANK_TRANSFER,PENDING,2025-04-06,2025-04-06,9947.86,9947.86,BRL,321.768.045-62,Oliveira - EI,Costa,PR,2026-05-25 01:16:38
FLOW-0000003589,POL-00000267,CLM-00000107,COMMISSION,BANK_SLIP,FAILED,2024-09-07,2024-09-08,6800.46,0.0,BRL,786.041.352-35,Sales S.A.,Almeida de Pereira,AC,2026-05-25 01:16:38
FLOW-0000003590,POL-00000448,CLM-00000682,REINSURANCE,PIX,PROCESSED,2025-07-25,2025-07-25,13929.23,13929.23,BRL,936.875.410-10,Brito Silveira - ME,Ferreira de Pinto,DF,2026-05-25 01:16:38
FLOW-0000003591,POL-00000317,CLM-00000610,CANCELLATION,DEBIT,PROCESSED,2026-01-04,2026-01-06,12087.57,12087.57,BRL,095.786.134-66,Camargo Alves - EI,Cirino de da Cruz,CE,2026-05-25 01:16:38
FLOW-0000003592,POL-00000284,CLM-00000356,CANCELLATION,DEBIT,PENDING,2024-06-17,2024-06-19,20843.52,20843.52,BRL,738.164.529-73,Moura Correia Ltda.,Leão,GO,2026-05-25 01:16:38
FLOW-0000003593,POL-00000469,CLM-00000014,REFUND,PIX,FAILED,2025-11-22,2025-11-23,413.49,0.0,BRL,526.018.349-51,da Luz,Cavalcante,MG,2026-05-25 01:16:38
FLOW-0000003594,POL-00000369,CLM-00000400,CANCELLATION,DEBIT,FAILED,2025-09-09,2025-09-09,5360.71,0.0,BRL,830.726.491-03,Pimenta,Sales,AM,2026-05-25 01:16:38
FLOW-0000003595,POL-00000331,CLM-00000209,REINSURANCE,PIX,FAILED,2026-05-23,2026-05-23,14824.74,0.0,BRL,856.021.437-26,Garcia,Albuquerque de Nunes,MG,2026-05-25 01:16:38
FLOW-0000003596,POL-00000393,CLM-00000579,PREMIUM_PAYMENT,BANK_SLIP,FAILED,2025-11-28,2025-11-30,9715.69,0.0,BRL,827.630.519-95,Costa Azevedo - EI,Caldeira Alegre,MS,2026-05-25 01:16:38
FLOW-0000003597,POL-00000222,CLM-00000460,CANCELLATION,BANK_TRANSFER,FAILED,2025-05-23,2025-05-26,24469.76,0.0,BRL,614.058.329-24,Rios - EI,da Conceição da Mata,MS,2026-05-25 01:16:38
FLOW-0000003598,POL-00000335,CLM-00000122,REFUND,BANK_TRANSFER,PENDING,2025-07-28,2025-07-28,12591.21,12591.21,BRL,953.127.406-16,da Conceição Leão e Filhos,da Rosa,MT,2026-05-25 01:16:38
FLOW-0000003599,POL-00000016,CLM-00000116,CANCELLATION,BANK_SLIP,PENDING,2024-12-29,2025-01-01,4091.79,4091.79,BRL,381.096.742-40,Ribeiro Macedo S.A.,da Paz,GO,2026-05-25 01:16:38
FLOW-0000003600,POL-00000025,CLM-00000237,CANCELLATION,CREDIT_CARD,PENDING,2024-07-04,2024-07-07,9340.41,9340.41,BRL,694.371.052-43,Gomes e Filhos,Correia Grande,MG,2026-05-25 01:16:38
FLOW-0000003601,POL-00000308,CLM-00000610,COMMISSION,PIX,PROCESSED,2025-02-18,2025-02-20,7610.25,7610.25,BRL,705.642.819-30,Moura Borges S/A,Pinto do Amparo,SC,2026-05-25 01:16:38
FLOW-0000003602,POL-00000489,CLM-00000433,CANCELLATION,BANK_TRANSFER,FAILED,2025-12-10,2025-12-13,12124.5,0.0,BRL,412.786.953-46,Teixeira,Viana de Goiás,MA,2026-05-25 01:16:38
FLOW-0000003603,POL-00000155,CLM-00000963,COMMISSION,PIX,PROCESSED,2025-03-20,2025-03-23,20471.58,20471.58,BRL,206.134.798-31,Viana,Lopes,PA,2026-05-25 01:16:38
FLOW-0000003604,POL-00000166,CLM-00000933,CLAIM_PAYMENT,CREDIT_CARD,PENDING,2024-05-25,2024-05-28,3587.0,3587.0,BRL,501.749.362-06,Dias e Filhos,Camargo,PA,2026-05-25 01:16:38
FLOW-0000003605,POL-00000162,CLM-00000955,REFUND,DEBIT,PROCESSED,2024-11-14,2024-11-18,14954.05,14954.05,BRL,851.742.369-00,Campos,Ribeiro da Mata,CE,2026-05-25 01:16:38
FLOW-0000003606,POL-00000312,CLM-00000009,CLAIM_PAYMENT,CREDIT_CARD,PENDING,2024-07-31,2024-08-01,4646.71,4646.71,BRL,406.715.329-52,Pacheco Rodrigues S.A.,Farias Paulista,DF,2026-05-25 01:16:38
FLOW-0000003607,POL-00000226,CLM-00000813,CANCELLATION,PIX,FAILED,2025-10-02,2025-10-03,5425.6,0.0,BRL,934.065.821-33,Nascimento,Gomes de Pacheco,MS,2026-05-25 01:16:38
FLOW-0000003608,POL-00000156,CLM-00000555,REFUND,CREDIT_CARD,CANCELLED,2025-10-26,2025-10-28,12497.65,12497.65,BRL,295.631.847-00,Farias,Cavalcanti do Norte,CE,2026-05-25 01:16:38
FLOW-0000003609,POL-00000308,CLM-00000448,COMMISSION,CREDIT_CARD,PROCESSED,2024-07-06,2024-07-11,19647.41,19647.41,BRL,563.748.102-44,Alves S/A,Cardoso Verde,ES,2026-05-25 01:16:38
FLOW-0000003610,POL-00000161,CLM-00000007,CLAIM_PAYMENT,DEBIT,PROCESSED,2025-10-25,2025-10-26,2454.9,2454.9,BRL,405.178.263-80,Pastor Sousa S.A.,Nunes,RO,2026-05-25 01:16:38
FLOW-0000003611,POL-00000374,CLM-00000357,COMMISSION,BANK_SLIP,FAILED,2025-10-30,2025-10-30,24237.76,0.0,BRL,528.610.473-80,da Luz Fonseca e Filhos,Guerra das Flores,PA,2026-05-25 01:16:38
FLOW-0000003612,POL-00000002,CLM-00000759,REINSURANCE,BANK_SLIP,PENDING,2025-09-18,2025-09-18,4197.29,4197.29,BRL,603.418.579-39,Duarte Ltda.,Jesus,RS,2026-05-25 01:16:38
FLOW-0000003613,POL-00000477,CLM-00000890,CLAIM_PAYMENT,PIX,PENDING,2026-01-21,2026-01-24,3236.76,3236.76,BRL,195.673.842-82,Fernandes S/A,Melo da Mata,MS,2026-05-25 01:16:38
FLOW-0000003614,POL-00000325,CLM-00000994,CLAIM_PAYMENT,DEBIT,PROCESSED,2025-01-09,2025-01-14,19489.36,19489.36,BRL,508.317.462-62,Cirino,Araújo de Sales,SE,2026-05-25 01:16:38
FLOW-0000003615,POL-00000317,CLM-00000355,COMMISSION,BANK_TRANSFER,PROCESSED,2024-06-02,2024-06-05,3968.47,3968.47,BRL,231.076.598-86,Gonçalves,Novaes,MT,2026-05-25 01:16:38
FLOW-0000003616,POL-00000088,CLM-00000186,COMMISSION,BANK_TRANSFER,FAILED,2025-12-14,2025-12-16,17823.52,0.0,BRL,548.921.760-01,Souza Fonseca Ltda.,Casa Grande do Campo,PA,2026-05-25 01:16:38
FLOW-0000003617,POL-00000072,CLM-00000730,CANCELLATION,CREDIT_CARD,FAILED,2026-01-14,2026-01-19,7666.58,0.0,BRL,025.489.376-74,Costa,Machado,ES,2026-05-25 01:16:38
FLOW-0000003618,POL-00000251,CLM-00000378,REINSURANCE,BANK_TRANSFER,FAILED,2024-06-01,2024-06-01,10181.7,0.0,BRL,128.976.054-30,Aragão Costela e Filhos,Martins Alegre,SP,2026-05-25 01:16:38
FLOW-0000003619,POL-00000470,CLM-00000054,PREMIUM_PAYMENT,BANK_TRANSFER,FAILED,2026-03-29,2026-03-29,11243.24,0.0,BRL,096.378.514-10,Albuquerque,Lopes,RO,2026-05-25 01:16:38
FLOW-0000003620,POL-00000133,CLM-00000459,COMMISSION,DEBIT,PENDING,2025-08-29,2025-09-03,1226.73,1226.73,BRL,760.894.312-22,Jesus Ltda.,Castro,RJ,2026-05-25 01:16:38
FLOW-0000003621,POL-00000327,CLM-00000220,CLAIM_PAYMENT,CREDIT_CARD,FAILED,2024-10-03,2024-10-05,6767.66,0.0,BRL,982.675.341-64,Melo,Araújo,DF,2026-05-25 01:16:38
FLOW-0000003622,POL-00000058,CLM-00000854,REINSURANCE,DEBIT,FAILED,2024-11-13,2024-11-14,7474.2,0.0,BRL,603.472.195-43,Leão Ribeiro S.A.,Leão,GO,2026-05-25 01:16:38
FLOW-0000003623,POL-00000103,CLM-00000267,COMMISSION,CREDIT_CARD,CANCELLED,2024-08-05,2024-08-05,8942.36,8942.36,BRL,805.163.724-08,Rezende,da Mota,MS,2026-05-25 01:16:38
FLOW-0000003624,POL-00000251,CLM-00000523,COMMISSION,BANK_TRANSFER,PROCESSED,2024-09-07,2024-09-11,5119.2,5119.2,BRL,103.468.795-66,Vasconcelos,Freitas do Campo,TO,2026-05-25 01:16:38
FLOW-0000003625,POL-00000216,CLM-00000086,PREMIUM_PAYMENT,PIX,PROCESSED,2026-01-17,2026-01-17,5595.03,5595.03,BRL,516.084.793-66,Leão,Moura de Garcia,RS,2026-05-25 01:16:38
FLOW-0000003626,POL-00000219,CLM-00000959,CANCELLATION,PIX,PROCESSED,2025-10-06,2025-10-11,5065.93,5065.93,BRL,518.794.023-60,Martins - ME,Albuquerque,PR,2026-05-25 01:16:38
FLOW-0000003627,POL-00000416,CLM-00000936,REINSURANCE,BANK_TRANSFER,PROCESSED,2024-10-16,2024-10-20,11887.13,11887.13,BRL,735.982.016-21,Monteiro,Ramos de Casa Grande,CE,2026-05-25 01:16:38
FLOW-0000003628,POL-00000279,CLM-00000487,CLAIM_PAYMENT,BANK_SLIP,CANCELLED,2024-08-19,2024-08-19,8848.03,8848.03,BRL,190.567.382-59,Silva Duarte Ltda.,Novais,RN,2026-05-25 01:16:38
FLOW-0000003629,POL-00000095,CLM-00000324,REINSURANCE,PIX,CANCELLED,2024-09-24,2024-09-24,7166.76,7166.76,BRL,567.092.841-58,Nascimento Siqueira e Filhos,Rios,MT,2026-05-25 01:16:38
FLOW-0000003630,POL-00000210,CLM-00000335,REFUND,BANK_SLIP,FAILED,2024-06-26,2024-06-28,4579.4,0.0,BRL,510.743.296-43,Andrade - ME,Vargas,RJ,2026-05-25 01:16:38
FLOW-0000003631,POL-00000052,CLM-00000525,REFUND,BANK_TRANSFER,PENDING,2024-08-17,2024-08-19,18237.02,18237.02,BRL,709.156.328-02,Andrade,Azevedo Paulista,SE,2026-05-25 01:16:38
FLOW-0000003632,POL-00000097,CLM-00000300,CANCELLATION,CREDIT_CARD,CANCELLED,2024-05-25,2024-05-25,8938.2,8938.2,BRL,680.479.152-58,Cassiano,Peixoto,RJ,2026-05-25 01:16:38
FLOW-0000003633,POL-00000227,CLM-00000761,CANCELLATION,DEBIT,CANCELLED,2025-04-10,2025-04-13,12439.27,12439.27,BRL,029.546.138-15,Machado,Duarte da Praia,RO,2026-05-25 01:16:38
FLOW-0000003634,POL-00000159,CLM-00000230,REFUND,BANK_SLIP,PENDING,2026-04-16,2026-04-17,14832.62,14832.62,BRL,941.032.578-14,da Costa Siqueira Ltda.,Pacheco,PB,2026-05-25 01:16:38
FLOW-0000003635,POL-00000455,CLM-00000386,REINSURANCE,DEBIT,FAILED,2025-11-08,2025-11-11,3456.97,0.0,BRL,042.156.978-67,Silva Cardoso e Filhos,Melo,MG,2026-05-25 01:16:38
FLOW-0000003636,POL-00000313,CLM-00000602,COMMISSION,BANK_TRANSFER,PENDING,2025-01-01,2025-01-03,24293.14,24293.14,BRL,468.317.950-48,Ferreira - EI,Câmara,AP,2026-05-25 01:16:38
FLOW-0000003637,POL-00000058,CLM-00000050,CANCELLATION,BANK_TRANSFER,PENDING,2024-06-28,2024-07-02,19767.9,19767.9,BRL,216.945.708-94,da Rocha,Sá da Serra,AL,2026-05-25 01:16:38
FLOW-0000003638,POL-00000296,CLM-00000018,REFUND,BANK_TRANSFER,PROCESSED,2025-03-31,2025-04-04,13874.88,13874.88,BRL,910.654.387-10,Moraes S/A,Fogaça,PR,2026-05-25 01:16:38
FLOW-0000003639,POL-00000084,CLM-00000098,CANCELLATION,PIX,FAILED,2025-10-24,2025-10-25,20824.87,0.0,BRL,209.678.314-31,Duarte e Filhos,Dias,ES,2026-05-25 01:16:38
FLOW-0000003640,POL-00000464,CLM-00000295,CANCELLATION,BANK_SLIP,FAILED,2025-01-22,2025-01-26,14881.55,0.0,BRL,531.729.806-77,Siqueira,da Mata da Prata,AP,2026-05-25 01:16:38
FLOW-0000003641,POL-00000318,CLM-00000770,COMMISSION,BANK_TRANSFER,FAILED,2026-02-13,2026-02-18,7405.49,0.0,BRL,023.761.845-17,Duarte,Farias,RR,2026-05-25 01:16:38
FLOW-0000003642,POL-00000088,CLM-00000575,COMMISSION,CREDIT_CARD,CANCELLED,2025-08-22,2025-08-27,11472.64,11472.64,BRL,729.163.408-31,Brito Fogaça S/A,Machado,PE,2026-05-25 01:16:38
FLOW-0000003643,POL-00000387,CLM-00000533,CANCELLATION,BANK_SLIP,FAILED,2025-09-26,2025-09-29,8248.41,0.0,BRL,218.960.537-77,Novais Ramos Ltda.,Casa Grande das Pedras,AM,2026-05-25 01:16:38
FLOW-0000003644,POL-00000092,CLM-00000147,REINSURANCE,PIX,PENDING,2025-04-19,2025-04-23,18560.34,18560.34,BRL,293.104.756-25,da Mota,Pimenta de Costa,PR,2026-05-25 01:16:38
FLOW-0000003645,POL-00000420,CLM-00000141,REFUND,CREDIT_CARD,PENDING,2025-07-15,2025-07-18,18642.55,18642.55,BRL,356.271.089-59,Oliveira,Macedo do Oeste,RN,2026-05-25 01:16:38
FLOW-0000003646,POL-00000461,CLM-00000084,CANCELLATION,DEBIT,CANCELLED,2025-03-10,2025-03-14,13534.18,13534.18,BRL,143.895.720-32,Almeida Souza - ME,Fonseca Grande,TO,2026-05-25 01:16:38
FLOW-0000003647,POL-00000469,CLM-00000989,REINSURANCE,CREDIT_CARD,FAILED,2025-12-11,2025-12-11,23159.45,0.0,BRL,152.943.706-70,Cunha,Machado,AC,2026-05-25 01:16:38
FLOW-0000003648,POL-00000218,CLM-00000509,COMMISSION,BANK_SLIP,PROCESSED,2025-06-19,2025-06-21,20281.59,20281.59,BRL,865.407.213-07,Almeida - ME,Sá,PE,2026-05-25 01:16:38
FLOW-0000003649,POL-00000043,CLM-00000187,REINSURANCE,BANK_SLIP,PENDING,2024-08-14,2024-08-18,24873.1,24873.1,BRL,528.197.036-40,Oliveira,Nogueira,RJ,2026-05-25 01:16:38
FLOW-0000003650,POL-00000386,CLM-00000445,REINSURANCE,BANK_TRANSFER,FAILED,2025-03-11,2025-03-16,790.64,0.0,BRL,573.891.024-97,Peixoto,Moraes,MA,2026-05-25 01:16:38
FLOW-0000003651,POL-00000313,CLM-00000504,REINSURANCE,BANK_TRANSFER,PROCESSED,2025-01-31,2025-01-31,19395.25,19395.25,BRL,074.156.382-71,Alves,Almeida,MT,2026-05-25 01:16:38
FLOW-0000003652,POL-00000455,CLM-00000841,COMMISSION,PIX,PENDING,2025-08-01,2025-08-01,6913.8,6913.8,BRL,620.839.174-13,da Luz Aparecida - ME,Guerra de Vasconcelos,RJ,2026-05-25 01:16:38
FLOW-0000003653,POL-00000427,CLM-00000108,CANCELLATION,DEBIT,PROCESSED,2024-06-04,2024-06-09,19883.42,19883.42,BRL,192.364.087-96,da Luz Caldeira S/A,Cassiano,PB,2026-05-25 01:16:38
FLOW-0000003654,POL-00000076,CLM-00000574,COMMISSION,DEBIT,FAILED,2026-03-15,2026-03-18,14448.45,0.0,BRL,327.801.965-21,Caldeira S/A,Pereira de Montenegro,SE,2026-05-25 01:16:38
FLOW-0000003655,POL-00000046,CLM-00000644,CLAIM_PAYMENT,CREDIT_CARD,FAILED,2025-12-02,2025-12-05,14650.77,0.0,BRL,453.279.816-73,Rios,Garcia de Macedo,PA,2026-05-25 01:16:38
FLOW-0000003656,POL-00000493,CLM-00000767,PREMIUM_PAYMENT,PIX,CANCELLED,2025-01-18,2025-01-23,12639.58,12639.58,BRL,529.307.816-02,Lopes - EI,da Paz,AP,2026-05-25 01:16:38
FLOW-0000003657,POL-00000011,CLM-00000765,CLAIM_PAYMENT,PIX,CANCELLED,2025-09-03,2025-09-08,7994.5,7994.5,BRL,149.527.608-20,Cavalcanti Moreira - ME,Mendes de Freitas,ES,2026-05-25 01:16:38
FLOW-0000003658,POL-00000006,CLM-00000255,REINSURANCE,BANK_TRANSFER,PENDING,2025-12-15,2025-12-15,14413.05,14413.05,BRL,654.290.173-61,da Mota,Farias do Galho,MS,2026-05-25 01:16:38
FLOW-0000003659,POL-00000069,CLM-00000662,REFUND,CREDIT_CARD,FAILED,2025-09-15,2025-09-16,21328.14,0.0,BRL,709.853.246-00,Pires,Siqueira da Prata,AM,2026-05-25 01:16:38
FLOW-0000003660,POL-00000022,CLM-00000588,CANCELLATION,PIX,CANCELLED,2025-07-28,2025-07-30,3075.5,3075.5,BRL,541.823.769-19,Gomes,Farias,AM,2026-05-25 01:16:38
FLOW-0000003661,POL-00000439,CLM-00000515,REINSURANCE,PIX,PENDING,2026-03-22,2026-03-27,13301.41,13301.41,BRL,638.491.250-33,Rios Barros S/A,Dias dos Dourados,MA,2026-05-25 01:16:38
FLOW-0000003662,POL-00000154,CLM-00000218,PREMIUM_PAYMENT,DEBIT,PROCESSED,2025-05-28,2025-05-28,7121.01,7121.01,BRL,815.076.239-68,Camargo - EI,Nunes da Prata,RS,2026-05-25 01:16:38
FLOW-0000003663,POL-00000106,CLM-00000389,COMMISSION,DEBIT,CANCELLED,2025-12-25,2025-12-26,10041.5,10041.5,BRL,368.120.954-51,Campos,Aparecida das Pedras,DF,2026-05-25 01:16:38
FLOW-0000003664,POL-00000354,CLM-00000358,PREMIUM_PAYMENT,BANK_TRANSFER,PROCESSED,2024-06-12,2024-06-13,22879.56,22879.56,BRL,971.468.520-67,Brito Ltda.,Vasconcelos de Goiás,CE,2026-05-25 01:16:38
FLOW-0000003665,POL-00000108,CLM-00000362,REINSURANCE,BANK_SLIP,PROCESSED,2024-08-14,2024-08-19,15009.62,15009.62,BRL,614.089.275-94,Mendonça Ltda.,Pires,SE,2026-05-25 01:16:38
FLOW-0000003666,POL-00000279,CLM-00000330,PREMIUM_PAYMENT,DEBIT,FAILED,2024-12-21,2024-12-25,1555.82,0.0,BRL,764.039.281-04,Moreira,Nascimento do Campo,RO,2026-05-25 01:16:38
FLOW-0000003667,POL-00000341,CLM-00000253,COMMISSION,PIX,CANCELLED,2025-07-01,2025-07-01,9199.62,9199.62,BRL,978.321.064-50,Barbosa Santos e Filhos,Lima do Amparo,MT,2026-05-25 01:16:38
FLOW-0000003668,POL-00000123,CLM-00000599,REFUND,DEBIT,CANCELLED,2025-11-22,2025-11-27,8391.09,8391.09,BRL,359.812.764-28,Andrade,Pimenta da Serra,SC,2026-05-25 01:16:38
FLOW-0000003669,POL-00000052,CLM-00000389,COMMISSION,CREDIT_CARD,PENDING,2024-09-30,2024-10-04,4689.14,4689.14,BRL,139.204.785-41,Gonçalves,Cassiano,RS,2026-05-25 01:16:38
FLOW-0000003670,POL-00000338,CLM-00000138,CANCELLATION,BANK_TRANSFER,PENDING,2025-12-01,2025-12-02,9852.54,9852.54,BRL,592.864.710-76,Alves,Castro,AC,2026-05-25 01:16:38
FLOW-0000003671,POL-00000015,CLM-00000876,CLAIM_PAYMENT,BANK_SLIP,CANCELLED,2026-01-26,2026-01-27,11814.84,11814.84,BRL,396.514.872-91,da Paz,Teixeira Verde,RJ,2026-05-25 01:16:38
FLOW-0000003672,POL-00000210,CLM-00000005,CANCELLATION,CREDIT_CARD,CANCELLED,2025-10-15,2025-10-19,14882.81,14882.81,BRL,197.285.463-19,da Rosa Vargas S.A.,Cassiano da Praia,ES,2026-05-25 01:16:38
FLOW-0000003673,POL-00000194,CLM-00000827,REINSURANCE,CREDIT_CARD,PENDING,2026-01-05,2026-01-06,7409.88,7409.88,BRL,023.865.749-38,Cirino,Aparecida,SC,2026-05-25 01:16:38
FLOW-0000003674,POL-00000040,CLM-00000036,CANCELLATION,PIX,CANCELLED,2024-07-25,2024-07-27,1763.77,1763.77,BRL,076.189.324-50,Pastor Correia S/A,Azevedo de Pastor,RR,2026-05-25 01:16:38
FLOW-0000003675,POL-00000325,CLM-00000914,REFUND,BANK_SLIP,FAILED,2025-01-02,2025-01-06,24979.44,0.0,BRL,837.429.051-04,Cirino e Filhos,Carvalho do Oeste,GO,2026-05-25 01:16:38
FLOW-0000003676,POL-00000210,CLM-00000849,CANCELLATION,CREDIT_CARD,FAILED,2026-03-01,2026-03-03,13408.56,0.0,BRL,370.254.169-16,Pinto,Barros do Sul,ES,2026-05-25 01:16:38
FLOW-0000003677,POL-00000097,CLM-00000686,PREMIUM_PAYMENT,BANK_TRANSFER,PENDING,2025-07-30,2025-07-30,24384.06,24384.06,BRL,682.451.039-42,Casa Grande,Sales,RR,2026-05-25 01:16:38
FLOW-0000003678,POL-00000005,CLM-00000271,REFUND,BANK_SLIP,PROCESSED,2024-06-09,2024-06-13,80.5,80.5,BRL,749.658.120-85,Moraes,Camargo do Sul,AL,2026-05-25 01:16:38
FLOW-0000003679,POL-00000479,CLM-00000878,REFUND,BANK_TRANSFER,PROCESSED,2025-10-04,2025-10-07,10521.48,10521.48,BRL,298.145.706-30,Machado Azevedo Ltda.,Cunha,MT,2026-05-25 01:16:38
FLOW-0000003680,POL-00000233,CLM-00000119,COMMISSION,BANK_TRANSFER,FAILED,2024-11-15,2024-11-15,6619.26,0.0,BRL,390.174.586-66,Moraes e Filhos,da Costa Paulista,DF,2026-05-25 01:16:38
FLOW-0000003681,POL-00000475,CLM-00000023,COMMISSION,BANK_TRANSFER,PROCESSED,2026-01-11,2026-01-15,5786.42,5786.42,BRL,159.380.724-41,Leão,Carvalho,MA,2026-05-25 01:16:38
FLOW-0000003682,POL-00000254,CLM-00000412,PREMIUM_PAYMENT,CREDIT_CARD,CANCELLED,2024-12-31,2025-01-03,14399.56,14399.56,BRL,920.463.871-04,Araújo,Sousa da Praia,BA,2026-05-25 01:16:38
FLOW-0000003683,POL-00000292,CLM-00000178,CANCELLATION,BANK_SLIP,PENDING,2025-04-21,2025-04-26,18916.48,18916.48,BRL,582.397.061-77,Rocha - EI,Gonçalves do Sul,SC,2026-05-25 01:16:38
FLOW-0000003684,POL-00000392,CLM-00000277,COMMISSION,CREDIT_CARD,CANCELLED,2024-06-01,2024-06-05,13437.7,13437.7,BRL,528.637.041-17,da Luz Teixeira S/A,Araújo das Flores,PI,2026-05-25 01:16:38
FLOW-0000003685,POL-00000426,CLM-00000852,CANCELLATION,CREDIT_CARD,PROCESSED,2024-07-05,2024-07-07,2841.55,2841.55,BRL,843.175.026-07,Aparecida Cirino - ME,Leão,AM,2026-05-25 01:16:38
FLOW-0000003686,POL-00000434,CLM-00000503,REFUND,PIX,PROCESSED,2025-09-26,2025-09-30,18727.98,18727.98,BRL,168.209.357-30,Sousa,Andrade,PI,2026-05-25 01:16:38
FLOW-0000003687,POL-00000329,CLM-00000992,CLAIM_PAYMENT,DEBIT,PENDING,2024-06-19,2024-06-22,6683.76,6683.76,BRL,672.580.314-80,Novais,Novais,MT,2026-05-25 01:16:38
FLOW-0000003688,POL-00000388,CLM-00000393,PREMIUM_PAYMENT,CREDIT_CARD,PENDING,2026-02-01,2026-02-05,23998.4,23998.4,BRL,439.501.267-16,Pacheco,Pereira do Sul,PR,2026-05-25 01:16:38
FLOW-0000003689,POL-00000157,CLM-00000970,PREMIUM_PAYMENT,BANK_SLIP,PROCESSED,2025-06-28,2025-07-03,19153.38,19153.38,BRL,298.046.531-33,Leão Barros S.A.,Pires Alegre,PA,2026-05-25 01:16:38
FLOW-0000003690,POL-00000260,CLM-00000506,REINSURANCE,BANK_SLIP,PENDING,2025-04-09,2025-04-13,12621.73,12621.73,BRL,538.016.724-17,da Costa,Jesus do Amparo,AP,2026-05-25 01:16:38
FLOW-0000003691,POL-00000493,CLM-00000525,CANCELLATION,BANK_SLIP,FAILED,2026-03-19,2026-03-23,11773.84,0.0,BRL,715.468.923-46,Silva - EI,Martins dos Dourados,RO,2026-05-25 01:16:38
FLOW-0000003692,POL-00000390,CLM-00000487,REFUND,DEBIT,FAILED,2026-01-25,2026-01-30,5889.21,0.0,BRL,834.710.562-62,Câmara Moura Ltda.,da Cunha,SE,2026-05-25 01:16:38
FLOW-0000003693,POL-00000368,CLM-00000009,PREMIUM_PAYMENT,BANK_TRANSFER,PROCESSED,2025-11-24,2025-11-24,20743.53,20743.53,BRL,149.705.823-60,da Rosa,Moraes de Alves,PE,2026-05-25 01:16:38
FLOW-0000003694,POL-00000099,CLM-00000525,PREMIUM_PAYMENT,DEBIT,FAILED,2025-09-12,2025-09-12,15586.08,0.0,BRL,947.520.631-07,da Mata Ltda.,Costa do Oeste,AL,2026-05-25 01:16:38
FLOW-0000003695,POL-00000069,CLM-00000358,CLAIM_PAYMENT,CREDIT_CARD,CANCELLED,2025-09-21,2025-09-21,4697.93,4697.93,BRL,238.751.460-26,Moraes,Jesus do Campo,CE,2026-05-25 01:16:38
FLOW-0000003696,POL-00000336,CLM-00000868,COMMISSION,BANK_SLIP,PENDING,2025-10-10,2025-10-11,24248.72,24248.72,BRL,150.732.948-23,Pinto,Novaes de Minas,TO,2026-05-25 01:16:38
FLOW-0000003697,POL-00000371,CLM-00000669,REINSURANCE,CREDIT_CARD,PENDING,2025-06-02,2025-06-03,22366.24,22366.24,BRL,083.265.719-03,Pastor,Siqueira de Rezende,RR,2026-05-25 01:16:38
FLOW-0000003698,POL-00000389,CLM-00000287,PREMIUM_PAYMENT,PIX,FAILED,2024-10-18,2024-10-21,11572.54,0.0,BRL,561.794.830-00,Fernandes e Filhos,da Rosa de Cirino,PI,2026-05-25 01:16:38
FLOW-0000003699,POL-00000354,CLM-00000606,CANCELLATION,CREDIT_CARD,CANCELLED,2025-10-07,2025-10-07,1462.1,1462.1,BRL,047.126.358-35,Castro,Teixeira de Machado,PB,2026-05-25 01:16:38
FLOW-0000003700,POL-00000191,CLM-00000800,CLAIM_PAYMENT,BANK_SLIP,FAILED,2025-07-06,2025-07-06,14147.4,0.0,BRL,782.650.193-86,Vasconcelos Ltda.,Jesus Verde,MG,2026-05-25 01:16:38
FLOW-0000003701,POL-00000366,CLM-00000631,PREMIUM_PAYMENT,CREDIT_CARD,CANCELLED,2024-05-26,2024-05-30,16099.0,16099.0,BRL,041.537.896-66,Azevedo Azevedo Ltda.,Castro,MS,2026-05-25 01:16:38
FLOW-0000003702,POL-00000385,CLM-00000284,CLAIM_PAYMENT,BANK_TRANSFER,PROCESSED,2024-11-17,2024-11-17,23871.05,23871.05,BRL,328.519.074-41,Gonçalves e Filhos,Sousa de Farias,DF,2026-05-25 01:16:38
FLOW-0000003703,POL-00000078,CLM-00000763,CANCELLATION,DEBIT,CANCELLED,2026-03-06,2026-03-09,752.62,752.62,BRL,726.480.395-38,Sampaio Montenegro S/A,Melo,PE,2026-05-25 01:16:38
FLOW-0000003704,POL-00000105,CLM-00000188,REINSURANCE,BANK_SLIP,CANCELLED,2025-02-16,2025-02-18,21645.48,21645.48,BRL,936.278.051-86,Pires - EI,Marques,DF,2026-05-25 01:16:38
FLOW-0000003705,POL-00000407,CLM-00000148,REFUND,BANK_SLIP,FAILED,2026-04-07,2026-04-09,1999.31,0.0,BRL,910.736.842-96,Gomes Câmara Ltda.,Freitas,AP,2026-05-25 01:16:38
FLOW-0000003706,POL-00000089,CLM-00000430,CANCELLATION,PIX,PROCESSED,2026-05-17,2026-05-19,399.02,399.02,BRL,204.386.597-83,Silva Nascimento S.A.,Andrade,RS,2026-05-25 01:16:38
FLOW-0000003707,POL-00000019,CLM-00000198,REINSURANCE,CREDIT_CARD,PENDING,2025-05-18,2025-05-18,13362.56,13362.56,BRL,271.346.890-69,Martins,Rios da Serra,CE,2026-05-25 01:16:38
FLOW-0000003708,POL-00000111,CLM-00000052,PREMIUM_PAYMENT,DEBIT,CANCELLED,2026-01-27,2026-01-30,13169.72,13169.72,BRL,167.239.580-12,da Rocha Ltda.,Melo,PI,2026-05-25 01:16:38
FLOW-0000003709,POL-00000356,CLM-00000669,REFUND,BANK_SLIP,CANCELLED,2024-12-04,2024-12-04,3775.27,3775.27,BRL,987.023.164-04,Jesus Caldeira - ME,Fernandes do Sul,RN,2026-05-25 01:16:38
FLOW-0000003710,POL-00000017,CLM-00000609,CLAIM_PAYMENT,CREDIT_CARD,PENDING,2026-01-27,2026-01-27,23359.54,23359.54,BRL,093.176.254-52,Fonseca,Lima,BA,2026-05-25 01:16:38
FLOW-0000003711,POL-00000036,CLM-00000585,REFUND,CREDIT_CARD,PROCESSED,2025-07-03,2025-07-04,9803.55,9803.55,BRL,674.153.802-07,Cirino e Filhos,Farias de Vieira,SC,2026-05-25 01:16:38
FLOW-0000003712,POL-00000006,CLM-00000348,REINSURANCE,DEBIT,PENDING,2025-01-14,2025-01-15,10261.29,10261.29,BRL,948.315.760-93,Azevedo,Farias do Campo,BA,2026-05-25 01:16:38
FLOW-0000003713,POL-00000050,CLM-00000507,PREMIUM_PAYMENT,BANK_SLIP,PENDING,2024-07-12,2024-07-15,15142.63,15142.63,BRL,018.924.576-01,Sá,Fonseca dos Dourados,MT,2026-05-25 01:16:38
FLOW-0000003714,POL-00000014,CLM-00000818,REINSURANCE,DEBIT,PENDING,2026-05-04,2026-05-05,8371.78,8371.78,BRL,130.578.694-75,da Mata Oliveira S/A,Albuquerque,PI,2026-05-25 01:16:38
FLOW-0000003715,POL-00000386,CLM-00000798,PREMIUM_PAYMENT,PIX,PROCESSED,2025-12-06,2025-12-07,15402.63,15402.63,BRL,632.958.714-00,Cirino,Novais da Prata,AM,2026-05-25 01:16:38
FLOW-0000003716,POL-00000056,CLM-00000210,CLAIM_PAYMENT,BANK_TRANSFER,PENDING,2025-10-20,2025-10-25,11314.2,11314.2,BRL,246.183.709-04,Rios Abreu e Filhos,Brito,ES,2026-05-25 01:16:38
FLOW-0000003717,POL-00000453,CLM-00000078,CANCELLATION,DEBIT,CANCELLED,2025-11-04,2025-11-07,14180.97,14180.97,BRL,580.362.749-65,Moura,Vargas,AL,2026-05-25 01:16:38
FLOW-0000003718,POL-00000412,CLM-00000844,PREMIUM_PAYMENT,CREDIT_CARD,PENDING,2025-05-08,2025-05-11,3606.25,3606.25,BRL,401.386.259-05,Andrade Costela Ltda.,Santos,MT,2026-05-25 01:16:38
FLOW-0000003719,POL-00000381,CLM-00000418,CANCELLATION,PIX,FAILED,2024-12-20,2024-12-22,21759.96,0.0,BRL,562.389.407-00,Farias da Mata S/A,Monteiro,PR,2026-05-25 01:16:38
FLOW-0000003720,POL-00000243,CLM-00000855,CLAIM_PAYMENT,PIX,PENDING,2025-11-23,2025-11-26,2818.44,2818.44,BRL,698.231.754-46,Camargo Ltda.,Albuquerque de Santos,MT,2026-05-25 01:16:38
FLOW-0000003721,POL-00000028,CLM-00000149,CLAIM_PAYMENT,BANK_SLIP,CANCELLED,2024-08-12,2024-08-15,6458.04,6458.04,BRL,213.479.680-40,Albuquerque S.A.,Pacheco de Vargas,SC,2026-05-25 01:16:38
FLOW-0000003722,POL-00000185,CLM-00000148,CLAIM_PAYMENT,PIX,PROCESSED,2025-01-06,2025-01-08,7363.74,7363.74,BRL,589.163.470-84,Melo,da Rocha de Goiás,PI,2026-05-25 01:16:38
FLOW-0000003723,POL-00000093,CLM-00000220,CLAIM_PAYMENT,BANK_TRANSFER,FAILED,2025-11-02,2025-11-07,9962.92,0.0,BRL,584.697.203-92,Viana,Campos Paulista,MG,2026-05-25 01:16:38
FLOW-0000003724,POL-00000299,CLM-00000279,CLAIM_PAYMENT,CREDIT_CARD,PENDING,2024-10-12,2024-10-14,18895.45,18895.45,BRL,037.246.198-04,Sousa e Filhos,Pires,BA,2026-05-25 01:16:38
FLOW-0000003725,POL-00000193,CLM-00000632,REFUND,PIX,PROCESSED,2026-04-29,2026-05-04,20591.16,20591.16,BRL,705.283.419-79,Barbosa Vasconcelos Ltda.,Fonseca da Mata,AM,2026-05-25 01:16:38
FLOW-0000003726,POL-00000162,CLM-00000097,REFUND,BANK_SLIP,FAILED,2024-08-23,2024-08-24,16876.35,0.0,BRL,628.713.905-68,Costa,Silveira,RO,2026-05-25 01:16:38
FLOW-0000003727,POL-00000309,CLM-00000838,PREMIUM_PAYMENT,CREDIT_CARD,CANCELLED,2024-12-05,2024-12-06,11784.6,11784.6,BRL,083.124.769-03,Almeida S.A.,Freitas de Costela,PI,2026-05-25 01:16:38
FLOW-0000003728,POL-00000139,CLM-00000971,CANCELLATION,CREDIT_CARD,PROCESSED,2026-03-24,2026-03-29,13951.92,13951.92,BRL,318.976.520-03,Macedo,Ramos,PR,2026-05-25 01:16:38
FLOW-0000003729,POL-00000058,CLM-00000392,REINSURANCE,PIX,FAILED,2024-08-12,2024-08-17,9009.3,0.0,BRL,194.760.825-85,Cavalcanti,Andrade de Albuquerque,SP,2026-05-25 01:16:38
FLOW-0000003730,POL-00000164,CLM-00000979,REINSURANCE,BANK_TRANSFER,PENDING,2024-09-28,2024-09-29,2688.93,2688.93,BRL,537.608.149-48,Novaes,Mendonça,RJ,2026-05-25 01:16:38
FLOW-0000003731,POL-00000413,CLM-00000441,PREMIUM_PAYMENT,BANK_TRANSFER,PROCESSED,2024-10-18,2024-10-22,23058.57,23058.57,BRL,630.154.829-98,Nogueira S.A.,Sampaio,DF,2026-05-25 01:16:38
FLOW-0000003732,POL-00000376,CLM-00000622,CANCELLATION,BANK_TRANSFER,FAILED,2024-06-07,2024-06-10,24834.52,0.0,BRL,608.231.947-87,Ribeiro,Fernandes de Silveira,BA,2026-05-25 01:16:38
FLOW-0000003733,POL-00000406,CLM-00000900,REINSURANCE,BANK_TRANSFER,CANCELLED,2024-12-14,2024-12-17,6419.72,6419.72,BRL,543.812.079-04,Garcia,Guerra,PR,2026-05-25 01:16:38
FLOW-0000003734,POL-00000195,CLM-00000061,CLAIM_PAYMENT,PIX,CANCELLED,2025-06-26,2025-07-01,10561.46,10561.46,BRL,894.132.057-79,da Mota,Albuquerque de Monteiro,MS,2026-05-25 01:16:38
FLOW-0000003735,POL-00000133,CLM-00000025,COMMISSION,BANK_TRANSFER,CANCELLED,2024-12-26,2024-12-30,13161.7,13161.7,BRL,796.203.541-25,Moreira Peixoto S.A.,Vieira,RS,2026-05-25 01:16:38
FLOW-0000003736,POL-00000290,CLM-00000113,CANCELLATION,BANK_TRANSFER,PENDING,2025-01-19,2025-01-24,5806.5,5806.5,BRL,761.942.538-19,Câmara,Fonseca de Goiás,RJ,2026-05-25 01:16:38
FLOW-0000003737,POL-00000044,CLM-00000448,REINSURANCE,CREDIT_CARD,PROCESSED,2024-08-11,2024-08-11,12292.86,12292.86,BRL,697.415.308-20,Fonseca,da Cruz de Souza,AP,2026-05-25 01:16:38
FLOW-0000003738,POL-00000202,CLM-00000623,REINSURANCE,BANK_SLIP,PROCESSED,2025-05-24,2025-05-24,1306.28,1306.28,BRL,279.346.508-92,Rocha Pimenta S.A.,da Rosa da Serra,AL,2026-05-25 01:16:38
FLOW-0000003739,POL-00000277,CLM-00000276,CLAIM_PAYMENT,BANK_TRANSFER,FAILED,2024-09-17,2024-09-18,19646.31,0.0,BRL,847.695.231-73,Silva S/A,Câmara,CE,2026-05-25 01:16:38
FLOW-0000003740,POL-00000061,CLM-00000230,PREMIUM_PAYMENT,BANK_TRANSFER,PROCESSED,2025-05-02,2025-05-05,6796.95,6796.95,BRL,897.063.124-04,Macedo,da Conceição do Sul,AC,2026-05-25 01:16:38
FLOW-0000003741,POL-00000096,CLM-00000152,COMMISSION,PIX,CANCELLED,2024-11-07,2024-11-11,10284.95,10284.95,BRL,071.526.839-21,Cavalcante,Pereira dos Dourados,PR,2026-05-25 01:16:38
FLOW-0000003742,POL-00000381,CLM-00000745,CLAIM_PAYMENT,DEBIT,PROCESSED,2024-06-01,2024-06-02,1694.66,1694.66,BRL,527.183.946-09,Abreu,Pastor,SC,2026-05-25 01:16:38
FLOW-0000003743,POL-00000184,CLM-00000925,CLAIM_PAYMENT,CREDIT_CARD,PENDING,2026-05-23,2026-05-28,23473.07,23473.07,BRL,642.138.709-87,Machado,Macedo,PE,2026-05-25 01:16:38
FLOW-0000003744,POL-00000032,CLM-00000022,CLAIM_PAYMENT,PIX,PENDING,2025-09-13,2025-09-13,21972.3,21972.3,BRL,478.631.205-35,Pinto,Viana,SE,2026-05-25 01:16:38
FLOW-0000003745,POL-00000381,CLM-00000732,CLAIM_PAYMENT,DEBIT,FAILED,2026-02-11,2026-02-15,12998.98,0.0,BRL,758.924.310-88,Mendes,Costa,MG,2026-05-25 01:16:38
FLOW-0000003746,POL-00000002,CLM-00000529,PREMIUM_PAYMENT,BANK_TRANSFER,PENDING,2024-08-20,2024-08-23,6019.85,6019.85,BRL,894.210.365-06,Nogueira da Mota Ltda.,Brito do Amparo,AC,2026-05-25 01:16:38
FLOW-0000003747,POL-00000063,CLM-00000259,REINSURANCE,PIX,PENDING,2025-11-16,2025-11-20,19214.54,19214.54,BRL,208.461.953-05,Andrade Silveira S/A,Almeida,ES,2026-05-25 01:16:38
FLOW-0000003748,POL-00000197,CLM-00000582,PREMIUM_PAYMENT,BANK_SLIP,PENDING,2025-05-27,2025-05-30,19968.11,19968.11,BRL,201.945.863-24,das Neves,da Costa da Serra,AM,2026-05-25 01:16:38
FLOW-0000003749,POL-00000479,CLM-00000468,REFUND,BANK_TRANSFER,PROCESSED,2025-01-26,2025-01-27,3514.65,3514.65,BRL,918.324.765-37,Melo Castro S.A.,Vieira,SC,2026-05-25 01:16:38
FLOW-0000003750,POL-00000379,CLM-00000734,REINSURANCE,BANK_TRANSFER,CANCELLED,2024-06-29,2024-07-04,13321.72,13321.72,BRL,389.612.057-30,Cavalcante,Moraes do Sul,RR,2026-05-25 01:16:38
FLOW-0000003751,POL-00000154,CLM-00000557,REINSURANCE,PIX,FAILED,2025-06-16,2025-06-16,9735.7,0.0,BRL,306.817.594-10,Abreu Casa Grande Ltda.,Leão das Flores,DF,2026-05-25 01:16:38
FLOW-0000003752,POL-00000126,CLM-00000042,COMMISSION,PIX,CANCELLED,2025-09-10,2025-09-14,10660.17,10660.17,BRL,965.213.470-80,Caldeira e Filhos,Silva do Amparo,RS,2026-05-25 01:16:38
FLOW-0000003753,POL-00000351,CLM-00000225,REINSURANCE,BANK_SLIP,FAILED,2025-09-18,2025-09-18,23037.92,0.0,BRL,250.913.476-07,Sá S/A,Siqueira da Mata,MT,2026-05-25 01:16:38
FLOW-0000003754,POL-00000488,CLM-00000457,PREMIUM_PAYMENT,PIX,PROCESSED,2025-07-12,2025-07-15,3012.58,3012.58,BRL,029.734.186-31,Rodrigues,Nascimento da Praia,MG,2026-05-25 01:16:38
FLOW-0000003755,POL-00000048,CLM-00000679,PREMIUM_PAYMENT,BANK_TRANSFER,FAILED,2025-05-05,2025-05-05,13108.61,0.0,BRL,074.129.863-50,Pereira - ME,Sales de Nunes,SP,2026-05-25 01:16:38
FLOW-0000003756,POL-00000169,CLM-00000514,CANCELLATION,BANK_SLIP,FAILED,2025-08-13,2025-08-17,16161.76,0.0,BRL,620.198.743-69,Rocha - EI,Garcia,MG,2026-05-25 01:16:38
FLOW-0000003757,POL-00000499,CLM-00000019,COMMISSION,BANK_SLIP,PROCESSED,2024-11-01,2024-11-05,24073.18,24073.18,BRL,047.269.538-00,Rodrigues,Jesus do Galho,SP,2026-05-25 01:16:38
FLOW-0000003758,POL-00000036,CLM-00000372,CANCELLATION,BANK_SLIP,PENDING,2025-06-16,2025-06-21,6531.37,6531.37,BRL,713.826.490-96,Cavalcanti Rios S/A,Pires,PA,2026-05-25 01:16:38
FLOW-0000003759,POL-00000211,CLM-00000031,COMMISSION,DEBIT,CANCELLED,2025-10-21,2025-10-23,19077.85,19077.85,BRL,920.368.471-96,Albuquerque Mendes S/A,Rodrigues,SC,2026-05-25 01:16:38
FLOW-0000003760,POL-00000146,CLM-00000596,REINSURANCE,CREDIT_CARD,FAILED,2024-12-26,2024-12-28,9407.79,0.0,BRL,182.590.647-58,Sousa Ltda.,Pinto das Flores,PR,2026-05-25 01:16:38
FLOW-0000003761,POL-00000049,CLM-00000060,CLAIM_PAYMENT,BANK_TRANSFER,PENDING,2025-07-06,2025-07-09,10826.96,10826.96,BRL,905.273.641-34,Cavalcanti - EI,Gomes do Oeste,AM,2026-05-25 01:16:38
FLOW-0000003762,POL-00000415,CLM-00000143,CANCELLATION,BANK_TRANSFER,PENDING,2024-07-18,2024-07-19,6711.56,6711.56,BRL,823.965.047-38,Abreu,da Cruz,MS,2026-05-25 01:16:38
FLOW-0000003763,POL-00000335,CLM-00000228,CLAIM_PAYMENT,BANK_TRANSFER,PROCESSED,2024-09-12,2024-09-12,17233.52,17233.52,BRL,162.583.097-12,Aparecida,da Conceição de Nascimento,RO,2026-05-25 01:16:38
FLOW-0000003764,POL-00000077,CLM-00000985,COMMISSION,DEBIT,PENDING,2025-03-07,2025-03-10,14931.76,14931.76,BRL,635.189.047-01,Melo e Filhos,Rodrigues,RO,2026-05-25 01:16:38
FLOW-0000003765,POL-00000255,CLM-00000269,COMMISSION,CREDIT_CARD,PENDING,2026-01-09,2026-01-10,890.33,890.33,BRL,025.896.371-95,Porto Guerra e Filhos,Costa do Campo,SC,2026-05-25 01:16:38
FLOW-0000003766,POL-00000211,CLM-00000320,COMMISSION,BANK_SLIP,PROCESSED,2025-02-13,2025-02-14,11715.85,11715.85,BRL,782.019.436-78,Cardoso Casa Grande S.A.,Brito do Sul,MT,2026-05-25 01:16:38
FLOW-0000003767,POL-00000005,CLM-00000302,REFUND,PIX,PENDING,2025-04-01,2025-04-02,8643.8,8643.8,BRL,831.627.540-62,da Rocha,Brito,SE,2026-05-25 01:16:38
FLOW-0000003768,POL-00000283,CLM-00000719,REINSURANCE,CREDIT_CARD,PROCESSED,2025-02-08,2025-02-09,15512.89,15512.89,BRL,124.358.697-46,Pastor,Teixeira de Aparecida,CE,2026-05-25 01:16:38
FLOW-0000003769,POL-00000481,CLM-00000072,CANCELLATION,BANK_SLIP,CANCELLED,2025-04-23,2025-04-23,13746.35,13746.35,BRL,297.014.586-30,Nogueira Novaes - ME,Nascimento,MT,2026-05-25 01:16:38
FLOW-0000003770,POL-00000147,CLM-00000682,COMMISSION,DEBIT,PENDING,2025-05-03,2025-05-08,24365.09,24365.09,BRL,926.084.351-06,Borges,Andrade do Galho,ES,2026-05-25 01:16:38
FLOW-0000003771,POL-00000309,CLM-00000178,PREMIUM_PAYMENT,BANK_SLIP,CANCELLED,2024-11-24,2024-11-24,22090.07,22090.07,BRL,823.456.710-17,Macedo Ltda.,Farias,SP,2026-05-25 01:16:38
FLOW-0000003772,POL-00000028,CLM-00000088,REFUND,BANK_SLIP,PENDING,2024-07-12,2024-07-12,6649.33,6649.33,BRL,723.185.694-28,Melo,Aparecida,TO,2026-05-25 01:16:38
FLOW-0000003773,POL-00000045,CLM-00000031,CLAIM_PAYMENT,PIX,CANCELLED,2025-12-07,2025-12-11,6095.46,6095.46,BRL,723.461.085-53,Mendonça e Filhos,Porto,PE,2026-05-25 01:16:38
FLOW-0000003774,POL-00000463,CLM-00000131,CLAIM_PAYMENT,BANK_TRANSFER,PROCESSED,2026-05-12,2026-05-17,21980.52,21980.52,BRL,102.639.457-07,Sá,Melo,RN,2026-05-25 01:16:38
FLOW-0000003775,POL-00000036,CLM-00000360,CANCELLATION,PIX,CANCELLED,2026-03-15,2026-03-20,24755.62,24755.62,BRL,079.246.581-49,Marques,Lopes Paulista,RS,2026-05-25 01:16:38
FLOW-0000003776,POL-00000006,CLM-00000510,COMMISSION,DEBIT,FAILED,2024-11-16,2024-11-17,782.66,0.0,BRL,981.453.762-46,Dias Cavalcanti Ltda.,Gonçalves do Galho,DF,2026-05-25 01:16:38
FLOW-0000003777,POL-00000160,CLM-00000391,CLAIM_PAYMENT,PIX,FAILED,2024-08-12,2024-08-15,18798.18,0.0,BRL,803.426.719-87,da Paz,Cirino,BA,2026-05-25 01:16:38
FLOW-0000003778,POL-00000215,CLM-00000225,CLAIM_PAYMENT,CREDIT_CARD,CANCELLED,2025-12-04,2025-12-06,16394.53,16394.53,BRL,206.738.954-83,Moreira,Souza da Prata,GO,2026-05-25 01:16:38
FLOW-0000003779,POL-00000319,CLM-00000091,PREMIUM_PAYMENT,CREDIT_CARD,PENDING,2026-01-13,2026-01-16,20639.17,20639.17,BRL,637.021.845-62,Sousa da Mata S.A.,Campos Grande,CE,2026-05-25 01:16:38
FLOW-0000003780,POL-00000494,CLM-00000750,REFUND,CREDIT_CARD,PROCESSED,2024-09-23,2024-09-24,220.75,220.75,BRL,238.610.594-60,Ramos,Silva,MT,2026-05-25 01:16:38
FLOW-0000003781,POL-00000180,CLM-00000572,COMMISSION,DEBIT,PROCESSED,2024-08-23,2024-08-26,21141.34,21141.34,BRL,841.625.097-94,Mendes,Porto,PE,2026-05-25 01:16:38
FLOW-0000003782,POL-00000084,CLM-00000963,REFUND,CREDIT_CARD,PROCESSED,2025-06-01,2025-06-01,12304.67,12304.67,BRL,813.524.076-71,Machado e Filhos,Souza de Goiás,ES,2026-05-25 01:16:38
FLOW-0000003783,POL-00000343,CLM-00000976,CLAIM_PAYMENT,BANK_SLIP,CANCELLED,2025-06-29,2025-06-29,18748.86,18748.86,BRL,869.412.350-98,da Luz das Neves - ME,Novaes,ES,2026-05-25 01:16:38
FLOW-0000003784,POL-00000434,CLM-00000429,PREMIUM_PAYMENT,DEBIT,CANCELLED,2025-11-19,2025-11-22,11353.93,11353.93,BRL,218.403.569-60,Cassiano S.A.,da Costa Verde,AM,2026-05-25 01:16:38
FLOW-0000003785,POL-00000439,CLM-00000134,REFUND,CREDIT_CARD,PROCESSED,2026-01-12,2026-01-14,23300.46,23300.46,BRL,038.715.269-59,Dias,Costela,RO,2026-05-25 01:16:38
FLOW-0000003786,POL-00000453,CLM-00000419,REINSURANCE,BANK_TRANSFER,CANCELLED,2026-03-10,2026-03-10,23912.0,23912.0,BRL,389.506.471-84,da Conceição e Filhos,Machado,AL,2026-05-25 01:16:38
FLOW-0000003787,POL-00000243,CLM-00000479,COMMISSION,PIX,FAILED,2024-11-05,2024-11-08,12790.39,0.0,BRL,568.971.024-58,Cirino,Martins,SP,2026-05-25 01:16:38
FLOW-0000003788,POL-00000186,CLM-00000016,PREMIUM_PAYMENT,PIX,PROCESSED,2026-05-01,2026-05-06,4033.11,4033.11,BRL,325.708.619-95,Vasconcelos,Cavalcante,PA,2026-05-25 01:16:38
FLOW-0000003789,POL-00000257,CLM-00000580,PREMIUM_PAYMENT,DEBIT,FAILED,2026-01-05,2026-01-08,24375.43,0.0,BRL,128.670.945-85,Correia,Gonçalves,ES,2026-05-25 01:16:38
FLOW-0000003790,POL-00000161,CLM-00000885,CLAIM_PAYMENT,CREDIT_CARD,PROCESSED,2024-11-05,2024-11-07,24340.18,24340.18,BRL,704.983.621-40,Ramos,da Rosa,RR,2026-05-25 01:16:38
FLOW-0000003791,POL-00000450,CLM-00000757,COMMISSION,DEBIT,CANCELLED,2024-06-30,2024-07-01,7724.61,7724.61,BRL,132.687.590-68,Silveira,Melo do Norte,BA,2026-05-25 01:16:38
FLOW-0000003792,POL-00000045,CLM-00000345,PREMIUM_PAYMENT,DEBIT,PROCESSED,2026-04-16,2026-04-20,3851.39,3851.39,BRL,039.857.421-97,Pacheco,da Costa de Pastor,MA,2026-05-25 01:16:38
FLOW-0000003793,POL-00000183,CLM-00000263,COMMISSION,BANK_TRANSFER,PROCESSED,2024-08-07,2024-08-09,15134.8,15134.8,BRL,902.784.531-04,da Luz - ME,das Neves,TO,2026-05-25 01:16:38
FLOW-0000003794,POL-00000411,CLM-00000290,REFUND,PIX,FAILED,2024-09-19,2024-09-20,478.94,0.0,BRL,183.245.607-26,Nascimento,Azevedo das Pedras,PA,2026-05-25 01:16:38
FLOW-0000003795,POL-00000397,CLM-00000201,CANCELLATION,BANK_TRANSFER,CANCELLED,2025-04-04,2025-04-04,2571.83,2571.83,BRL,052.436.719-16,Fogaça Pinto e Filhos,Correia,PR,2026-05-25 01:16:38
FLOW-0000003796,POL-00000128,CLM-00000003,CLAIM_PAYMENT,DEBIT,CANCELLED,2025-11-01,2025-11-05,2053.68,2053.68,BRL,206.145.937-43,Ramos,Carvalho Verde,DF,2026-05-25 01:16:38
FLOW-0000003797,POL-00000257,CLM-00000896,COMMISSION,BANK_TRANSFER,FAILED,2024-11-20,2024-11-21,7702.74,0.0,BRL,841.203.569-06,Câmara,Casa Grande,RO,2026-05-25 01:16:38
FLOW-0000003798,POL-00000301,CLM-00000821,REINSURANCE,DEBIT,FAILED,2026-05-17,2026-05-18,18114.19,0.0,BRL,895.273.410-60,Viana Martins Ltda.,Costa do Amparo,PA,2026-05-25 01:16:38
FLOW-0000003799,POL-00000133,CLM-00000887,REFUND,PIX,CANCELLED,2026-05-19,2026-05-23,628.82,628.82,BRL,738.906.521-40,das Neves,Araújo Alegre,RN,2026-05-25 01:16:38
FLOW-0000003800,POL-00000094,CLM-00000094,PREMIUM_PAYMENT,BANK_SLIP,PENDING,2024-11-01,2024-11-03,21176.22,21176.22,BRL,937.248.165-37,Alves,Almeida,AL,2026-05-25 01:16:38
FLOW-0000003801,POL-00000043,CLM-00000822,CANCELLATION,BANK_SLIP,FAILED,2025-05-26,2025-05-28,7809.5,0.0,BRL,396.075.814-66,Monteiro,Garcia da Mata,MA,2026-05-25 01:16:38
FLOW-0000003802,POL-00000027,CLM-00000319,PREMIUM_PAYMENT,BANK_TRANSFER,CANCELLED,2026-03-19,2026-03-20,21586.59,21586.59,BRL,852.697.043-74,Azevedo Jesus e Filhos,da Paz,RS,2026-05-25 01:16:38
FLOW-0000003803,POL-00000422,CLM-00000969,REFUND,BANK_SLIP,PENDING,2025-10-05,2025-10-10,23778.99,23778.99,BRL,517.462.098-01,Abreu,Rodrigues das Pedras,PR,2026-05-25 01:16:38
FLOW-0000003804,POL-00000028,CLM-00000060,CANCELLATION,BANK_SLIP,CANCELLED,2025-09-19,2025-09-22,3599.83,3599.83,BRL,137.289.405-50,Nunes - ME,Moraes Alegre,BA,2026-05-25 01:16:38
FLOW-0000003805,POL-00000054,CLM-00000609,CANCELLATION,DEBIT,PROCESSED,2025-08-02,2025-08-03,1608.93,1608.93,BRL,659.817.430-93,Sampaio,Pires do Amparo,AP,2026-05-25 01:16:38
FLOW-0000003806,POL-00000042,CLM-00000092,REINSURANCE,CREDIT_CARD,PENDING,2025-06-29,2025-07-03,20710.4,20710.4,BRL,714.290.683-96,Vieira Sampaio S.A.,Borges,PE,2026-05-25 01:16:38
FLOW-0000003807,POL-00000471,CLM-00000960,CLAIM_PAYMENT,DEBIT,FAILED,2025-10-12,2025-10-12,23462.04,0.0,BRL,372.548.016-80,Cavalcanti,Macedo,MS,2026-05-25 01:16:38
FLOW-0000003808,POL-00000383,CLM-00000102,CANCELLATION,BANK_TRANSFER,CANCELLED,2025-09-25,2025-09-25,6055.51,6055.51,BRL,192.367.854-09,Ferreira,da Cunha de Campos,AC,2026-05-25 01:16:38
FLOW-0000003809,POL-00000024,CLM-00000800,REINSURANCE,PIX,CANCELLED,2026-04-16,2026-04-19,19060.09,19060.09,BRL,179.542.038-32,Andrade,Andrade do Amparo,TO,2026-05-25 01:16:38
FLOW-0000003810,POL-00000351,CLM-00000733,CLAIM_PAYMENT,BANK_TRANSFER,FAILED,2024-12-01,2024-12-06,18953.88,0.0,BRL,602.941.357-07,Sousa,Rios,PB,2026-05-25 01:16:38
FLOW-0000003811,POL-00000298,CLM-00000664,COMMISSION,CREDIT_CARD,PENDING,2026-04-23,2026-04-23,18057.88,18057.88,BRL,276.831.054-90,Fogaça,Sá de da Rocha,PI,2026-05-25 01:16:38
FLOW-0000003812,POL-00000445,CLM-00000374,REINSURANCE,PIX,FAILED,2025-08-07,2025-08-12,11693.15,0.0,BRL,208.465.931-06,Viana,da Cruz,MS,2026-05-25 01:16:38
FLOW-0000003813,POL-00000175,CLM-00000229,CLAIM_PAYMENT,CREDIT_CARD,CANCELLED,2025-09-01,2025-09-06,3055.98,3055.98,BRL,308.179.465-00,da Mota S/A,Barbosa das Pedras,MG,2026-05-25 01:16:38
FLOW-0000003814,POL-00000242,CLM-00000945,PREMIUM_PAYMENT,BANK_SLIP,PENDING,2024-07-31,2024-08-04,4182.93,4182.93,BRL,287.591.036-12,Pinto,Silveira,MA,2026-05-25 01:16:38
FLOW-0000003815,POL-00000242,CLM-00000141,REFUND,DEBIT,PENDING,2025-08-08,2025-08-12,13235.69,13235.69,BRL,763.180.452-44,Ribeiro da Conceição - ME,Moreira de Albuquerque,DF,2026-05-25 01:16:38
FLOW-0000003816,POL-00000240,CLM-00000115,CANCELLATION,DEBIT,PROCESSED,2025-05-21,2025-05-25,19023.3,19023.3,BRL,284.670.531-35,Aragão Cavalcante Ltda.,Rocha Alegre,RO,2026-05-25 01:16:38
FLOW-0000003817,POL-00000399,CLM-00000631,REINSURANCE,DEBIT,PENDING,2025-08-22,2025-08-22,10697.46,10697.46,BRL,157.083.926-30,Rodrigues S.A.,da Luz,PR,2026-05-25 01:16:38
FLOW-0000003818,POL-00000129,CLM-00000493,CLAIM_PAYMENT,DEBIT,CANCELLED,2025-07-01,2025-07-02,3287.97,3287.97,BRL,540.189.362-06,Souza,Pinto,PI,2026-05-25 01:16:38
FLOW-0000003819,POL-00000429,CLM-00000233,REFUND,PIX,FAILED,2025-10-25,2025-10-25,13410.07,0.0,BRL,129.846.053-06,Mendes,Garcia,MS,2026-05-25 01:16:38
FLOW-0000003820,POL-00000461,CLM-00000925,REINSURANCE,PIX,PENDING,2026-05-11,2026-05-14,21963.75,21963.75,BRL,127.085.946-30,Santos S/A,Rios,PR,2026-05-25 01:16:38
FLOW-0000003821,POL-00000345,CLM-00000741,REINSURANCE,BANK_TRANSFER,PENDING,2024-09-25,2024-09-26,19966.81,19966.81,BRL,478.529.130-32,Carvalho,Cirino,SE,2026-05-25 01:16:38
FLOW-0000003822,POL-00000008,CLM-00000174,REFUND,CREDIT_CARD,PENDING,2025-09-08,2025-09-10,19620.23,19620.23,BRL,970.415.623-52,Araújo Alves Ltda.,Moraes,AM,2026-05-25 01:16:38
FLOW-0000003823,POL-00000110,CLM-00000898,CLAIM_PAYMENT,DEBIT,PROCESSED,2025-11-08,2025-11-13,21709.76,21709.76,BRL,723.089.654-10,Costa,da Rocha de Peixoto,TO,2026-05-25 01:16:38
FLOW-0000003824,POL-00000300,CLM-00000039,PREMIUM_PAYMENT,DEBIT,CANCELLED,2025-07-03,2025-07-04,4098.62,4098.62,BRL,324.107.658-07,Pastor,Freitas de Sá,PA,2026-05-25 01:16:38
FLOW-0000003825,POL-00000434,CLM-00000467,REFUND,CREDIT_CARD,FAILED,2024-12-01,2024-12-05,16738.8,0.0,BRL,670.312.895-21,Vargas,da Rosa,AL,2026-05-25 01:16:38
FLOW-0000003826,POL-00000411,CLM-00000454,PREMIUM_PAYMENT,CREDIT_CARD,CANCELLED,2024-09-10,2024-09-13,16676.23,16676.23,BRL,890.763.452-10,Cavalcanti S.A.,da Mata Verde,SE,2026-05-25 01:16:38
FLOW-0000003827,POL-00000126,CLM-00000592,CANCELLATION,CREDIT_CARD,PENDING,2024-06-19,2024-06-19,10951.42,10951.42,BRL,615.027.483-71,Almeida,Fernandes,AP,2026-05-25 01:16:38
FLOW-0000003828,POL-00000165,CLM-00000057,CLAIM_PAYMENT,PIX,PENDING,2024-12-02,2024-12-07,18726.77,18726.77,BRL,384.706.925-00,Barbosa S/A,Cavalcanti,MG,2026-05-25 01:16:38
FLOW-0000003829,POL-00000038,CLM-00000005,CLAIM_PAYMENT,DEBIT,CANCELLED,2025-06-19,2025-06-22,22371.5,22371.5,BRL,175.029.384-60,Souza,Ribeiro,AP,2026-05-25 01:16:38
FLOW-0000003830,POL-00000482,CLM-00000978,COMMISSION,BANK_TRANSFER,PENDING,2026-03-15,2026-03-15,5478.76,5478.76,BRL,685.210.479-67,Pastor S/A,Vieira,RO,2026-05-25 01:16:38
FLOW-0000003831,POL-00000435,CLM-00000217,CLAIM_PAYMENT,PIX,FAILED,2026-05-20,2026-05-22,22325.06,0.0,BRL,021.956.783-21,Teixeira,Rios,RN,2026-05-25 01:16:38
FLOW-0000003832,POL-00000148,CLM-00000555,CLAIM_PAYMENT,CREDIT_CARD,PROCESSED,2025-01-15,2025-01-19,13477.93,13477.93,BRL,793.085.642-92,da Rocha,Aragão de Moreira,BA,2026-05-25 01:16:38
FLOW-0000003833,POL-00000155,CLM-00000935,PREMIUM_PAYMENT,PIX,PENDING,2025-10-08,2025-10-12,1695.66,1695.66,BRL,695.172.038-02,Vasconcelos Dias - ME,Marques de Minas,CE,2026-05-25 01:16:38
FLOW-0000003834,POL-00000162,CLM-00000879,PREMIUM_PAYMENT,BANK_SLIP,PENDING,2024-08-15,2024-08-20,10655.91,10655.91,BRL,542.963.078-00,Azevedo,Cavalcanti,PA,2026-05-25 01:16:38
FLOW-0000003835,POL-00000194,CLM-00000488,COMMISSION,CREDIT_CARD,PENDING,2024-10-20,2024-10-20,3726.63,3726.63,BRL,916.032.478-31,Novais,Ferreira do Oeste,RS,2026-05-25 01:16:38
FLOW-0000003836,POL-00000207,CLM-00000731,REFUND,BANK_SLIP,FAILED,2026-02-28,2026-03-05,13773.74,0.0,BRL,476.039.125-80,Rodrigues da Luz S/A,Albuquerque de Fonseca,AL,2026-05-25 01:16:38
FLOW-0000003837,POL-00000120,CLM-00000318,REINSURANCE,BANK_TRANSFER,FAILED,2025-06-24,2025-06-25,16710.28,0.0,BRL,873.049.521-05,Costela S.A.,Fernandes dos Dourados,RR,2026-05-25 01:16:38
FLOW-0000003838,POL-00000420,CLM-00000122,COMMISSION,CREDIT_CARD,PENDING,2024-12-19,2024-12-19,2382.14,2382.14,BRL,356.270.981-12,Pinto,Ribeiro dos Dourados,RO,2026-05-25 01:16:38
FLOW-0000003839,POL-00000259,CLM-00000840,CLAIM_PAYMENT,BANK_TRANSFER,CANCELLED,2025-07-13,2025-07-16,10544.25,10544.25,BRL,380.912.754-04,da Cruz,Martins,AL,2026-05-25 01:16:38
FLOW-0000003840,POL-00000242,CLM-00000253,PREMIUM_PAYMENT,BANK_TRANSFER,FAILED,2024-07-01,2024-07-04,21395.29,0.0,BRL,478.213.569-64,Rezende,Duarte da Prata,PI,2026-05-25 01:16:38
FLOW-0000003841,POL-00000280,CLM-00000789,PREMIUM_PAYMENT,PIX,PROCESSED,2024-09-21,2024-09-23,8057.74,8057.74,BRL,651.947.280-85,Câmara,da Rosa,PA,2026-05-25 01:16:38
FLOW-0000003842,POL-00000069,CLM-00000240,COMMISSION,BANK_TRANSFER,PENDING,2024-07-30,2024-08-02,22694.8,22694.8,BRL,045.718.239-32,Barros,Pereira de Pereira,MT,2026-05-25 01:16:38
FLOW-0000003843,POL-00000175,CLM-00000371,REFUND,CREDIT_CARD,PENDING,2025-05-12,2025-05-14,19138.67,19138.67,BRL,136.842.709-03,Oliveira,Fernandes de da Cruz,MG,2026-05-25 01:16:38
FLOW-0000003844,POL-00000391,CLM-00000688,CANCELLATION,BANK_TRANSFER,PENDING,2025-03-08,2025-03-09,9440.69,9440.69,BRL,817.369.542-37,Santos Barros Ltda.,Novais,MS,2026-05-25 01:16:38
FLOW-0000003845,POL-00000010,CLM-00000158,CANCELLATION,CREDIT_CARD,CANCELLED,2024-10-25,2024-10-28,4061.37,4061.37,BRL,089.137.246-69,Andrade,Alves,CE,2026-05-25 01:16:38
FLOW-0000003846,POL-00000396,CLM-00000287,CANCELLATION,DEBIT,FAILED,2025-02-12,2025-02-14,10906.54,0.0,BRL,528.096.437-92,Barros,Cirino do Amparo,ES,2026-05-25 01:16:38
FLOW-0000003847,POL-00000034,CLM-00000453,PREMIUM_PAYMENT,PIX,FAILED,2026-04-03,2026-04-06,11740.67,0.0,BRL,948.326.017-50,Montenegro,Fogaça,AM,2026-05-25 01:16:38
FLOW-0000003848,POL-00000063,CLM-00000371,PREMIUM_PAYMENT,DEBIT,CANCELLED,2025-07-15,2025-07-15,11544.28,11544.28,BRL,381.946.205-89,Cavalcante,Gomes do Sul,MA,2026-05-25 01:16:38
FLOW-0000003849,POL-00000247,CLM-00000681,REFUND,PIX,PROCESSED,2026-01-29,2026-01-31,18879.73,18879.73,BRL,753.024.691-70,Moura - ME,Cardoso do Oeste,SP,2026-05-25 01:16:38
FLOW-0000003850,POL-00000117,CLM-00000543,COMMISSION,PIX,FAILED,2025-02-27,2025-02-28,2487.68,0.0,BRL,785.291.643-00,Santos Vargas - ME,Campos,GO,2026-05-25 01:16:38
FLOW-0000003851,POL-00000431,CLM-00000309,COMMISSION,BANK_TRANSFER,PENDING,2025-05-17,2025-05-18,22222.25,22222.25,BRL,965.241.307-07,da Cruz Ltda.,Rodrigues,AC,2026-05-25 01:16:38
FLOW-0000003852,POL-00000197,CLM-00000052,CANCELLATION,BANK_SLIP,PROCESSED,2025-09-05,2025-09-07,17656.66,17656.66,BRL,014.769.832-40,Rios,Porto,BA,2026-05-25 01:16:38
FLOW-0000003853,POL-00000351,CLM-00000541,COMMISSION,DEBIT,CANCELLED,2024-12-09,2024-12-13,4360.32,4360.32,BRL,940.563.817-39,Costela,Farias de Monteiro,SC,2026-05-25 01:16:38
FLOW-0000003854,POL-00000024,CLM-00000460,CLAIM_PAYMENT,DEBIT,FAILED,2026-03-16,2026-03-17,22342.9,0.0,BRL,790.523.481-97,Montenegro Ltda.,Fernandes da Mata,MA,2026-05-25 01:16:38
FLOW-0000003855,POL-00000335,CLM-00000914,PREMIUM_PAYMENT,DEBIT,CANCELLED,2026-03-22,2026-03-25,6304.26,6304.26,BRL,537.820.641-35,Azevedo - ME,Câmara,SC,2026-05-25 01:16:38
FLOW-0000003856,POL-00000441,CLM-00000855,REFUND,BANK_SLIP,PENDING,2024-08-26,2024-08-31,5211.52,5211.52,BRL,785.096.341-57,da Rosa e Filhos,Cavalcante,RO,2026-05-25 01:16:38
FLOW-0000003857,POL-00000244,CLM-00000428,REINSURANCE,BANK_SLIP,CANCELLED,2025-05-09,2025-05-11,5245.73,5245.73,BRL,826.759.143-55,Peixoto,da Conceição do Norte,PR,2026-05-25 01:16:38
FLOW-0000003858,POL-00000370,CLM-00000517,CLAIM_PAYMENT,DEBIT,CANCELLED,2026-05-03,2026-05-05,15113.36,15113.36,BRL,630.981.274-22,Mendes,Cunha,AC,2026-05-25 01:16:38
FLOW-0000003859,POL-00000409,CLM-00000270,CANCELLATION,BANK_TRANSFER,PENDING,2025-01-01,2025-01-05,1350.35,1350.35,BRL,465.980.731-20,Pires Mendonça Ltda.,da Costa de Cardoso,CE,2026-05-25 01:16:38
FLOW-0000003860,POL-00000091,CLM-00000059,REINSURANCE,CREDIT_CARD,PROCESSED,2024-08-20,2024-08-24,24841.52,24841.52,BRL,957.208.134-97,da Rocha Cunha - ME,Aragão do Oeste,AP,2026-05-25 01:16:38
FLOW-0000003861,POL-00000178,CLM-00000808,COMMISSION,PIX,PENDING,2025-08-24,2025-08-26,19446.65,19446.65,BRL,187.325.096-77,Cardoso - ME,Caldeira,PB,2026-05-25 01:16:38
FLOW-0000003862,POL-00000243,CLM-00000205,REINSURANCE,BANK_TRANSFER,PROCESSED,2024-10-04,2024-10-09,13144.42,13144.42,BRL,490.523.718-14,Nogueira da Luz Ltda.,Brito do Sul,AP,2026-05-25 01:16:38
FLOW-0000003863,POL-00000220,CLM-00000975,COMMISSION,CREDIT_CARD,CANCELLED,2025-04-18,2025-04-21,18567.98,18567.98,BRL,409.671.582-49,Cardoso,Monteiro,AL,2026-05-25 01:16:38
FLOW-0000003864,POL-00000211,CLM-00000462,CANCELLATION,PIX,FAILED,2025-08-08,2025-08-08,7891.05,0.0,BRL,153.689.270-02,Caldeira - ME,Cunha de Câmara,AP,2026-05-25 01:16:38
FLOW-0000003865,POL-00000256,CLM-00000728,REINSURANCE,CREDIT_CARD,CANCELLED,2026-02-17,2026-02-22,11868.56,11868.56,BRL,450.391.728-50,Moraes Ramos - ME,Sá,SP,2026-05-25 01:16:38
FLOW-0000003866,POL-00000301,CLM-00000722,REFUND,PIX,PENDING,2025-04-09,2025-04-11,6404.54,6404.54,BRL,139.406.587-66,Cassiano Pinto S.A.,Brito,RO,2026-05-25 01:16:38
FLOW-0000003867,POL-00000076,CLM-00000866,REINSURANCE,BANK_SLIP,FAILED,2026-02-06,2026-02-07,20787.78,0.0,BRL,230.147.958-79,Freitas Ltda.,Moraes das Pedras,GO,2026-05-25 01:16:38
FLOW-0000003868,POL-00000234,CLM-00000747,REFUND,BANK_SLIP,PROCESSED,2026-01-07,2026-01-10,5290.94,5290.94,BRL,095.326.184-06,Campos,Machado do Campo,PR,2026-05-25 01:16:38
FLOW-0000003869,POL-00000484,CLM-00000659,CLAIM_PAYMENT,BANK_SLIP,PROCESSED,2024-10-16,2024-10-17,1537.93,1537.93,BRL,879.630.145-75,da Mata,da Cunha,PR,2026-05-25 01:16:38
FLOW-0000003870,POL-00000426,CLM-00000380,PREMIUM_PAYMENT,DEBIT,CANCELLED,2024-08-26,2024-08-29,2627.02,2627.02,BRL,719.820.543-79,da Cruz Freitas - ME,Borges,AM,2026-05-25 01:16:38
FLOW-0000003871,POL-00000217,CLM-00000169,REFUND,PIX,PENDING,2024-09-07,2024-09-10,15188.34,15188.34,BRL,623.480.159-51,Alves,Campos,RO,2026-05-25 01:16:38
FLOW-0000003872,POL-00000059,CLM-00000296,REINSURANCE,CREDIT_CARD,FAILED,2026-01-24,2026-01-26,3982.48,0.0,BRL,618.593.204-06,Pires,Fogaça de Mendes,RN,2026-05-25 01:16:38
FLOW-0000003873,POL-00000017,CLM-00000384,REINSURANCE,BANK_SLIP,PROCESSED,2024-09-19,2024-09-23,10133.5,10133.5,BRL,726.103.958-68,Farias,da Rocha Verde,PR,2026-05-25 01:16:38
FLOW-0000003874,POL-00000107,CLM-00000599,REINSURANCE,BANK_SLIP,PENDING,2025-10-07,2025-10-07,20896.87,20896.87,BRL,128.695.743-55,Moura Pires - ME,Pinto de Goiás,PA,2026-05-25 01:16:38
FLOW-0000003875,POL-00000493,CLM-00000583,CLAIM_PAYMENT,BANK_TRANSFER,CANCELLED,2026-05-18,2026-05-19,788.22,788.22,BRL,618.759.230-12,da Rocha,da Paz das Flores,SE,2026-05-25 01:16:38
FLOW-0000003876,POL-00000348,CLM-00000408,COMMISSION,CREDIT_CARD,PROCESSED,2025-01-16,2025-01-16,2436.6,2436.6,BRL,479.502.836-29,Barros - ME,Teixeira,PE,2026-05-25 01:16:38
FLOW-0000003877,POL-00000280,CLM-00000026,PREMIUM_PAYMENT,PIX,CANCELLED,2025-08-29,2025-09-01,20729.19,20729.19,BRL,638.547.291-46,Ramos,Gonçalves,MA,2026-05-25 01:16:38
FLOW-0000003878,POL-00000413,CLM-00000083,PREMIUM_PAYMENT,DEBIT,PROCESSED,2025-02-13,2025-02-16,11640.6,11640.6,BRL,641.850.927-76,Vieira e Filhos,Moreira,SP,2026-05-25 01:16:38
FLOW-0000003879,POL-00000351,CLM-00000012,PREMIUM_PAYMENT,PIX,FAILED,2025-06-12,2025-06-13,11168.92,0.0,BRL,516.472.803-62,Caldeira,Pimenta do Galho,PI,2026-05-25 01:16:38
FLOW-0000003880,POL-00000212,CLM-00000856,CLAIM_PAYMENT,DEBIT,PROCESSED,2024-08-03,2024-08-05,14603.4,14603.4,BRL,379.864.210-96,Moraes,Ribeiro,DF,2026-05-25 01:16:38
FLOW-0000003881,POL-00000296,CLM-00000230,COMMISSION,PIX,CANCELLED,2026-04-29,2026-04-30,6382.44,6382.44,BRL,016.843.279-03,Garcia S/A,da Costa,RS,2026-05-25 01:16:38
FLOW-0000003882,POL-00000222,CLM-00000248,COMMISSION,BANK_TRANSFER,CANCELLED,2026-01-26,2026-01-29,4039.75,4039.75,BRL,180.639.724-22,da Costa - EI,Cirino,MG,2026-05-25 01:16:38
FLOW-0000003883,POL-00000380,CLM-00000408,REINSURANCE,CREDIT_CARD,PENDING,2026-02-01,2026-02-01,13521.28,13521.28,BRL,650.384.172-80,Cavalcante,Vasconcelos,SC,2026-05-25 01:16:38
FLOW-0000003884,POL-00000056,CLM-00000716,COMMISSION,BANK_TRANSFER,FAILED,2024-10-02,2024-10-04,1568.6,0.0,BRL,384.219.570-23,Mendonça,Pimenta de Minas,RJ,2026-05-25 01:16:38
FLOW-0000003885,POL-00000237,CLM-00000718,CLAIM_PAYMENT,BANK_SLIP,PROCESSED,2025-03-09,2025-03-10,18467.09,18467.09,BRL,675.938.014-20,Campos,Barbosa do Campo,MS,2026-05-25 01:16:38
FLOW-0000003886,POL-00000459,CLM-00000587,PREMIUM_PAYMENT,PIX,PROCESSED,2024-08-01,2024-08-04,4545.55,4545.55,BRL,601.359.784-75,Andrade Jesus Ltda.,Costa de Costela,PI,2026-05-25 01:16:38
FLOW-0000003887,POL-00000153,CLM-00000999,CANCELLATION,BANK_TRANSFER,PENDING,2026-03-31,2026-04-03,5594.11,5594.11,BRL,324.581.690-15,Vieira Mendonça e Filhos,Gonçalves do Sul,AP,2026-05-25 01:16:38
FLOW-0000003888,POL-00000232,CLM-00000405,REFUND,CREDIT_CARD,CANCELLED,2026-03-09,2026-03-12,1534.52,1534.52,BRL,815.046.793-93,Correia Moura S/A,Lima,PI,2026-05-25 01:16:38
FLOW-0000003889,POL-00000183,CLM-00000211,CLAIM_PAYMENT,BANK_TRANSFER,FAILED,2025-11-27,2025-11-28,11367.75,0.0,BRL,140.659.237-43,Ramos S/A,Farias,TO,2026-05-25 01:16:38
FLOW-0000003890,POL-00000012,CLM-00000464,CANCELLATION,PIX,FAILED,2025-02-26,2025-03-01,6656.14,0.0,BRL,023.456.198-05,Nogueira S/A,Pimenta,SE,2026-05-25 01:16:38
FLOW-0000003891,POL-00000418,CLM-00000003,REFUND,DEBIT,FAILED,2026-05-24,2026-05-28,21486.1,0.0,BRL,340.985.612-98,Cardoso,Fogaça,AP,2026-05-25 01:16:38
FLOW-0000003892,POL-00000434,CLM-00000892,COMMISSION,PIX,CANCELLED,2026-04-13,2026-04-18,12404.28,12404.28,BRL,382.690.714-04,Azevedo,Freitas Alegre,PE,2026-05-25 01:16:38
FLOW-0000003893,POL-00000290,CLM-00000983,PREMIUM_PAYMENT,BANK_SLIP,PENDING,2025-04-10,2025-04-11,1162.64,1162.64,BRL,962.453.780-10,Costa Montenegro S.A.,Duarte dos Dourados,AP,2026-05-25 01:16:38
FLOW-0000003894,POL-00000463,CLM-00000381,CLAIM_PAYMENT,CREDIT_CARD,PENDING,2024-08-30,2024-09-03,1209.11,1209.11,BRL,417.398.206-22,Cardoso,Moreira,PA,2026-05-25 01:16:38
FLOW-0000003895,POL-00000278,CLM-00000587,COMMISSION,PIX,FAILED,2026-01-13,2026-01-14,15511.43,0.0,BRL,350.672.941-16,Carvalho,Ramos,TO,2026-05-25 01:16:38
FLOW-0000003896,POL-00000491,CLM-00000198,CLAIM_PAYMENT,BANK_SLIP,FAILED,2024-08-29,2024-09-02,5668.01,0.0,BRL,034.865.719-66,Sales,Fogaça,AP,2026-05-25 01:16:38
FLOW-0000003897,POL-00000184,CLM-00000069,CLAIM_PAYMENT,PIX,PROCESSED,2024-09-09,2024-09-10,4374.16,4374.16,BRL,483.052.196-15,Rocha S.A.,Caldeira,BA,2026-05-25 01:16:38
FLOW-0000003898,POL-00000177,CLM-00000874,CANCELLATION,PIX,FAILED,2025-05-04,2025-05-05,20249.21,0.0,BRL,812.354.709-97,Martins,Moura de Pinto,PA,2026-05-25 01:16:38
FLOW-0000003899,POL-00000173,CLM-00000291,CANCELLATION,CREDIT_CARD,PROCESSED,2025-04-25,2025-04-25,15473.88,15473.88,BRL,091.675.234-80,Gomes,Dias,ES,2026-05-25 01:16:38
FLOW-0000003900,POL-00000438,CLM-00000415,PREMIUM_PAYMENT,BANK_TRANSFER,PROCESSED,2024-09-05,2024-09-10,17089.61,17089.61,BRL,473.516.082-53,Siqueira,Brito,MS,2026-05-25 01:16:38
FLOW-0000003901,POL-00000356,CLM-00000803,REINSURANCE,BANK_SLIP,FAILED,2026-03-06,2026-03-10,20338.33,0.0,BRL,312.604.987-78,Gonçalves Pires S.A.,Sousa,SE,2026-05-25 01:16:38
FLOW-0000003902,POL-00000449,CLM-00000167,CLAIM_PAYMENT,CREDIT_CARD,PROCESSED,2024-10-06,2024-10-10,4881.34,4881.34,BRL,743.068.921-31,Machado,Rocha da Praia,DF,2026-05-25 01:16:38
FLOW-0000003903,POL-00000068,CLM-00000008,CLAIM_PAYMENT,BANK_TRANSFER,CANCELLED,2025-05-01,2025-05-02,9883.15,9883.15,BRL,846.501.379-93,Pereira,Cirino,RS,2026-05-25 01:16:38
FLOW-0000003904,POL-00000063,CLM-00000130,CANCELLATION,CREDIT_CARD,PROCESSED,2025-08-01,2025-08-01,8703.15,8703.15,BRL,382.415.790-04,Borges,Cassiano,PE,2026-05-25 01:16:38
FLOW-0000003905,POL-00000228,CLM-00000799,REINSURANCE,CREDIT_CARD,PENDING,2026-01-04,2026-01-06,2307.12,2307.12,BRL,875.963.421-91,Moreira Ltda.,Sampaio,AL,2026-05-25 01:16:38
FLOW-0000003906,POL-00000488,CLM-00000058,REINSURANCE,PIX,PROCESSED,2024-08-23,2024-08-27,9850.9,9850.9,BRL,758.293.640-00,Gomes,Pires das Flores,RN,2026-05-25 01:16:38
FLOW-0000003907,POL-00000102,CLM-00000078,REFUND,DEBIT,CANCELLED,2025-07-27,2025-07-28,6106.04,6106.04,BRL,497.018.623-50,Machado Novais e Filhos,Cavalcante,DF,2026-05-25 01:16:38
FLOW-0000003908,POL-00000082,CLM-00000068,COMMISSION,PIX,FAILED,2024-12-09,2024-12-12,7759.3,0.0,BRL,928.701.364-04,Alves,Gonçalves,RO,2026-05-25 01:16:38
FLOW-0000003909,POL-00000290,CLM-00000209,COMMISSION,DEBIT,PENDING,2025-11-20,2025-11-23,4597.2,4597.2,BRL,375.946.810-10,Pinto,Araújo de Nascimento,RS,2026-05-25 01:16:38
FLOW-0000003910,POL-00000093,CLM-00000406,PREMIUM_PAYMENT,DEBIT,PROCESSED,2024-07-07,2024-07-09,15572.25,15572.25,BRL,096.532.147-99,Novais,da Cunha de Lima,RN,2026-05-25 01:16:38
FLOW-0000003911,POL-00000191,CLM-00000238,PREMIUM_PAYMENT,DEBIT,CANCELLED,2025-06-04,2025-06-04,17589.62,17589.62,BRL,370.261.894-50,Azevedo Câmara e Filhos,Costa,RS,2026-05-25 01:16:38
FLOW-0000003912,POL-00000164,CLM-00000155,COMMISSION,BANK_TRANSFER,CANCELLED,2025-02-04,2025-02-05,23606.65,23606.65,BRL,796.032.584-74,Vargas,Melo da Serra,AC,2026-05-25 01:16:38
FLOW-0000003913,POL-00000053,CLM-00000919,COMMISSION,BANK_SLIP,CANCELLED,2024-11-30,2024-12-05,22949.35,22949.35,BRL,532.184.079-23,Mendonça,Castro,TO,2026-05-25 01:16:38
FLOW-0000003914,POL-00000062,CLM-00000460,REINSURANCE,BANK_SLIP,CANCELLED,2025-03-13,2025-03-18,683.85,683.85,BRL,184.652.093-24,Teixeira,Caldeira,PI,2026-05-25 01:16:38
FLOW-0000003915,POL-00000338,CLM-00000760,REINSURANCE,BANK_TRANSFER,PROCESSED,2024-07-10,2024-07-10,162.51,162.51,BRL,140.829.367-69,Câmara,Cirino de Goiás,SE,2026-05-25 01:16:38
FLOW-0000003916,POL-00000032,CLM-00000196,CLAIM_PAYMENT,BANK_SLIP,FAILED,2026-03-07,2026-03-09,7919.36,0.0,BRL,712.093.546-16,Pires S/A,Câmara,PB,2026-05-25 01:16:38
FLOW-0000003917,POL-00000441,CLM-00000340,COMMISSION,CREDIT_CARD,PROCESSED,2025-10-20,2025-10-25,2692.07,2692.07,BRL,386.549.107-39,Sousa S.A.,Duarte,RR,2026-05-25 01:16:38
FLOW-0000003918,POL-00000369,CLM-00000791,COMMISSION,BANK_SLIP,PROCESSED,2024-10-08,2024-10-08,7978.99,7978.99,BRL,768.290.314-78,Campos - ME,Rocha,DF,2026-05-25 01:16:38
FLOW-0000003919,POL-00000122,CLM-00000683,PREMIUM_PAYMENT,PIX,FAILED,2025-10-20,2025-10-20,14568.07,0.0,BRL,639.815.704-48,Monteiro Andrade e Filhos,Vargas das Flores,MS,2026-05-25 01:16:38
FLOW-0000003920,POL-00000327,CLM-00000144,REFUND,CREDIT_CARD,CANCELLED,2025-10-04,2025-10-08,21291.24,21291.24,BRL,902.761.835-68,Martins - ME,Montenegro de Rios,PI,2026-05-25 01:16:38
FLOW-0000003921,POL-00000355,CLM-00000760,CLAIM_PAYMENT,CREDIT_CARD,FAILED,2025-01-17,2025-01-20,15156.34,0.0,BRL,156.324.897-28,Silveira S/A,Sousa Verde,TO,2026-05-25 01:16:38
FLOW-0000003922,POL-00000363,CLM-00000839,PREMIUM_PAYMENT,CREDIT_CARD,PROCESSED,2024-12-08,2024-12-09,3875.47,3875.47,BRL,597.234.186-73,Martins,Pacheco,SE,2026-05-25 01:16:38
FLOW-0000003923,POL-00000303,CLM-00000185,COMMISSION,PIX,PENDING,2025-01-22,2025-01-27,19957.48,19957.48,BRL,146.859.073-10,Oliveira,Freitas de Costela,SC,2026-05-25 01:16:38
FLOW-0000003924,POL-00000022,CLM-00000442,REFUND,DEBIT,CANCELLED,2024-11-26,2024-11-28,19302.94,19302.94,BRL,802.179.346-50,da Cunha,Fogaça,RS,2026-05-25 01:16:38
FLOW-0000003925,POL-00000493,CLM-00000214,REINSURANCE,BANK_SLIP,PROCESSED,2024-07-16,2024-07-21,9585.99,9585.99,BRL,184.567.290-94,Santos Porto Ltda.,Cavalcanti de Goiás,AC,2026-05-25 01:16:38
FLOW-0000003926,POL-00000182,CLM-00000098,REINSURANCE,CREDIT_CARD,CANCELLED,2024-07-21,2024-07-22,14743.35,14743.35,BRL,618.452.379-19,Souza,Vieira,PR,2026-05-25 01:16:38
FLOW-0000003927,POL-00000240,CLM-00000734,CLAIM_PAYMENT,BANK_TRANSFER,FAILED,2025-06-02,2025-06-06,23571.76,0.0,BRL,453.927.081-88,Rezende S/A,Câmara,PE,2026-05-25 01:16:38
FLOW-0000003928,POL-00000030,CLM-00000905,REFUND,BANK_TRANSFER,FAILED,2026-02-08,2026-02-13,7281.41,0.0,BRL,147.306.952-16,Silveira,Azevedo,AC,2026-05-25 01:16:38
FLOW-0000003929,POL-00000425,CLM-00000757,COMMISSION,BANK_TRANSFER,PROCESSED,2025-06-14,2025-06-16,15931.67,15931.67,BRL,781.362.490-40,Siqueira Câmara S/A,Aparecida de Novais,AP,2026-05-25 01:16:38
FLOW-0000003930,POL-00000364,CLM-00000813,COMMISSION,DEBIT,CANCELLED,2026-03-12,2026-03-13,24317.88,24317.88,BRL,163.052.849-89,Farias Moraes - ME,Fernandes,SC,2026-05-25 01:16:38
FLOW-0000003931,POL-00000379,CLM-00000521,CLAIM_PAYMENT,CREDIT_CARD,PENDING,2025-07-08,2025-07-09,10143.04,10143.04,BRL,342.916.850-33,Porto,Cavalcante,PE,2026-05-25 01:16:38
FLOW-0000003932,POL-00000186,CLM-00000313,CANCELLATION,BANK_SLIP,PROCESSED,2025-04-27,2025-04-30,12082.26,12082.26,BRL,963.057.842-56,Mendonça S/A,Cunha do Sul,AM,2026-05-25 01:16:38
FLOW-0000003933,POL-00000042,CLM-00000805,CANCELLATION,BANK_TRANSFER,FAILED,2026-01-28,2026-02-02,21878.65,0.0,BRL,879.325.014-23,Lopes,Pereira Paulista,SC,2026-05-25 01:16:38
FLOW-0000003934,POL-00000094,CLM-00000891,CLAIM_PAYMENT,CREDIT_CARD,PROCESSED,2026-01-18,2026-01-21,4260.89,4260.89,BRL,516.420.973-06,Moura,Silva Grande,RO,2026-05-25 01:16:38
FLOW-0000003935,POL-00000181,CLM-00000747,REINSURANCE,DEBIT,PROCESSED,2026-04-11,2026-04-11,18886.8,18886.8,BRL,530.641.289-06,Moraes,Siqueira,SC,2026-05-25 01:16:38
FLOW-0000003936,POL-00000089,CLM-00000566,COMMISSION,DEBIT,CANCELLED,2024-11-27,2024-11-28,18935.48,18935.48,BRL,710.439.652-70,Pastor Ltda.,Sales do Sul,MS,2026-05-25 01:16:38
FLOW-0000003937,POL-00000331,CLM-00000014,COMMISSION,PIX,PROCESSED,2025-01-27,2025-01-28,14745.11,14745.11,BRL,631.892.475-28,Melo Caldeira S.A.,da Cruz do Amparo,SC,2026-05-25 01:16:38
FLOW-0000003938,POL-00000045,CLM-00000295,CLAIM_PAYMENT,BANK_TRANSFER,FAILED,2024-07-08,2024-07-09,19833.33,0.0,BRL,183.472.506-26,Carvalho,Rocha,ES,2026-05-25 01:16:38
FLOW-0000003939,POL-00000311,CLM-00000720,PREMIUM_PAYMENT,DEBIT,PENDING,2025-09-24,2025-09-28,4416.33,4416.33,BRL,927.183.405-41,da Mata,Araújo,RN,2026-05-25 01:16:38
FLOW-0000003940,POL-00000021,CLM-00000138,CANCELLATION,DEBIT,CANCELLED,2025-03-15,2025-03-18,4297.51,4297.51,BRL,018.392.764-87,da Costa,das Neves,BA,2026-05-25 01:16:38
FLOW-0000003941,POL-00000493,CLM-00000595,COMMISSION,CREDIT_CARD,PENDING,2026-03-19,2026-03-22,56.16,56.16,BRL,241.865.390-06,Cavalcanti,Costela,BA,2026-05-25 01:16:38
FLOW-0000003942,POL-00000429,CLM-00000292,PREMIUM_PAYMENT,PIX,CANCELLED,2024-12-18,2024-12-21,4895.42,4895.42,BRL,860.753.412-26,Fonseca,Ferreira de Alves,RJ,2026-05-25 01:16:38
FLOW-0000003943,POL-00000026,CLM-00000756,REINSURANCE,PIX,PENDING,2026-02-17,2026-02-17,17943.55,17943.55,BRL,547.093.862-00,Ribeiro,Freitas,SC,2026-05-25 01:16:38
FLOW-0000003944,POL-00000276,CLM-00000635,COMMISSION,BANK_SLIP,PROCESSED,2025-02-01,2025-02-05,5529.17,5529.17,BRL,249.576.810-58,Brito Pimenta S/A,Pires,PB,2026-05-25 01:16:38
FLOW-0000003945,POL-00000045,CLM-00000973,REFUND,BANK_TRANSFER,PENDING,2025-10-03,2025-10-04,4050.04,4050.04,BRL,307.219.456-43,Pimenta,Vasconcelos,AM,2026-05-25 01:16:38
FLOW-0000003946,POL-00000215,CLM-00000989,PREMIUM_PAYMENT,PIX,PENDING,2025-06-11,2025-06-12,9588.92,9588.92,BRL,269.475.103-25,Albuquerque,Lopes de Ferreira,MG,2026-05-25 01:16:38
FLOW-0000003947,POL-00000165,CLM-00000410,REFUND,CREDIT_CARD,PENDING,2026-05-17,2026-05-21,3631.98,3631.98,BRL,254.810.739-60,da Mata,Mendes do Campo,GO,2026-05-25 01:16:38
FLOW-0000003948,POL-00000426,CLM-00000861,CANCELLATION,PIX,CANCELLED,2025-05-21,2025-05-24,2816.89,2816.89,BRL,208.453.167-53,Rezende e Filhos,Carvalho,CE,2026-05-25 01:16:38
FLOW-0000003949,POL-00000145,CLM-00000224,CLAIM_PAYMENT,BANK_TRANSFER,CANCELLED,2025-09-14,2025-09-17,24391.63,24391.63,BRL,674.953.081-84,Fogaça Ltda.,da Mata,RR,2026-05-25 01:16:38
FLOW-0000003950,POL-00000294,CLM-00000334,PREMIUM_PAYMENT,BANK_SLIP,PENDING,2025-06-22,2025-06-27,23487.85,23487.85,BRL,247.396.805-56,Souza,Casa Grande,AM,2026-05-25 01:16:38
FLOW-0000003951,POL-00000047,CLM-00000456,COMMISSION,DEBIT,CANCELLED,2025-03-10,2025-03-13,4377.93,4377.93,BRL,826.314.097-87,Martins Oliveira S/A,Cirino Alegre,DF,2026-05-25 01:16:38
FLOW-0000003952,POL-00000106,CLM-00000889,CLAIM_PAYMENT,BANK_SLIP,PENDING,2025-05-29,2025-06-03,3708.0,3708.0,BRL,924.673.508-00,Barbosa,Rios da Mata,RO,2026-05-25 01:16:38
FLOW-0000003953,POL-00000145,CLM-00000730,CANCELLATION,PIX,FAILED,2025-10-26,2025-10-29,2910.92,0.0,BRL,019.286.537-40,Correia,Montenegro,RS,2026-05-25 01:16:38
FLOW-0000003954,POL-00000200,CLM-00000358,CLAIM_PAYMENT,CREDIT_CARD,PENDING,2024-12-27,2024-12-30,7526.77,7526.77,BRL,540.826.139-51,Cardoso - EI,Montenegro de Lima,PR,2026-05-25 01:16:38
FLOW-0000003955,POL-00000236,CLM-00000183,CANCELLATION,DEBIT,PROCESSED,2024-10-18,2024-10-20,2951.79,2951.79,BRL,657.980.123-95,Sales,Fernandes,BA,2026-05-25 01:16:38
FLOW-0000003956,POL-00000245,CLM-00000974,REFUND,DEBIT,FAILED,2025-09-17,2025-09-20,16479.38,0.0,BRL,731.296.850-30,Pacheco Novais e Filhos,Novaes,PB,2026-05-25 01:16:38
FLOW-0000003957,POL-00000405,CLM-00000258,CANCELLATION,BANK_TRANSFER,PROCESSED,2024-08-30,2024-08-30,10578.65,10578.65,BRL,935.084.167-39,Novaes,Pires,PI,2026-05-25 01:16:38
FLOW-0000003958,POL-00000451,CLM-00000439,PREMIUM_PAYMENT,PIX,FAILED,2026-05-01,2026-05-03,4542.52,0.0,BRL,639.547.182-19,Peixoto Ltda.,Sales Verde,AP,2026-05-25 01:16:38
FLOW-0000003959,POL-00000262,CLM-00000564,COMMISSION,DEBIT,PENDING,2025-11-05,2025-11-08,8228.46,8228.46,BRL,932.517.806-03,Aragão,Silva,CE,2026-05-25 01:16:38
FLOW-0000003960,POL-00000089,CLM-00000307,REFUND,BANK_SLIP,PROCESSED,2025-11-27,2025-11-27,24950.23,24950.23,BRL,903.167.248-31,Mendonça Aparecida - ME,Pimenta,PA,2026-05-25 01:16:38
FLOW-0000003961,POL-00000228,CLM-00000316,COMMISSION,CREDIT_CARD,PROCESSED,2026-04-15,2026-04-15,22061.01,22061.01,BRL,936.421.078-69,Pimenta,Novaes,RS,2026-05-25 01:16:38
FLOW-0000003962,POL-00000113,CLM-00000276,REFUND,CREDIT_CARD,PROCESSED,2024-11-16,2024-11-18,1990.35,1990.35,BRL,876.195.302-40,da Mata,Viana,PE,2026-05-25 01:16:38
FLOW-0000003963,POL-00000294,CLM-00000262,CLAIM_PAYMENT,DEBIT,CANCELLED,2024-08-03,2024-08-06,19533.57,19533.57,BRL,217.048.935-50,Macedo,Costela,RO,2026-05-25 01:16:38
FLOW-0000003964,POL-00000184,CLM-00000896,PREMIUM_PAYMENT,CREDIT_CARD,PROCESSED,2026-05-06,2026-05-10,19033.34,19033.34,BRL,193.842.605-33,Martins,Cirino,PB,2026-05-25 01:16:38
FLOW-0000003965,POL-00000432,CLM-00000780,CLAIM_PAYMENT,BANK_SLIP,CANCELLED,2024-10-22,2024-10-26,9274.59,9274.59,BRL,385.617.409-57,Lima,da Rosa,GO,2026-05-25 01:16:38
FLOW-0000003966,POL-00000353,CLM-00000479,PREMIUM_PAYMENT,BANK_SLIP,FAILED,2025-03-19,2025-03-22,14007.33,0.0,BRL,374.802.165-80,Rocha - ME,da Cunha,PE,2026-05-25 01:16:38
FLOW-0000003967,POL-00000033,CLM-00000669,CANCELLATION,PIX,FAILED,2024-12-25,2024-12-26,12917.16,0.0,BRL,974.281.035-41,Nogueira,Dias,DF,2026-05-25 01:16:38
FLOW-0000003968,POL-00000321,CLM-00000907,CLAIM_PAYMENT,CREDIT_CARD,FAILED,2024-09-29,2024-09-29,14910.72,0.0,BRL,396.014.528-42,Souza Farias Ltda.,Cavalcante,PE,2026-05-25 01:16:38
FLOW-0000003969,POL-00000047,CLM-00000401,COMMISSION,CREDIT_CARD,PROCESSED,2024-11-05,2024-11-08,18560.87,18560.87,BRL,045.213.867-17,Sá,Rodrigues,SC,2026-05-25 01:16:38
FLOW-0000003970,POL-00000428,CLM-00000818,REINSURANCE,PIX,PENDING,2025-04-19,2025-04-20,8066.11,8066.11,BRL,067.319.524-43,Martins da Costa - EI,Cavalcanti,ES,2026-05-25 01:16:38
FLOW-0000003971,POL-00000135,CLM-00000689,REFUND,DEBIT,PENDING,2026-02-03,2026-02-07,19536.26,19536.26,BRL,315.907.862-03,Aparecida e Filhos,da Mata Verde,AP,2026-05-25 01:16:38
FLOW-0000003972,POL-00000378,CLM-00000097,CANCELLATION,CREDIT_CARD,CANCELLED,2026-02-22,2026-02-22,7652.88,7652.88,BRL,108.459.263-06,Costela,das Neves,RO,2026-05-25 01:16:38
FLOW-0000003973,POL-00000142,CLM-00000218,REINSURANCE,DEBIT,FAILED,2025-08-07,2025-08-08,11417.49,0.0,BRL,708.915.632-02,da Rocha S.A.,Vasconcelos,AM,2026-05-25 01:16:38
FLOW-0000003974,POL-00000278,CLM-00000771,REFUND,DEBIT,PENDING,2025-09-11,2025-09-11,9934.67,9934.67,BRL,231.579.084-05,Fernandes Costela Ltda.,Sampaio,ES,2026-05-25 01:16:38
FLOW-0000003975,POL-00000132,CLM-00000918,COMMISSION,DEBIT,CANCELLED,2025-07-13,2025-07-18,24077.32,24077.32,BRL,849.175.602-76,Pinto,Viana,PA,2026-05-25 01:16:38
FLOW-0000003976,POL-00000207,CLM-00000567,REFUND,PIX,PROCESSED,2026-04-14,2026-04-17,3327.77,3327.77,BRL,260.314.895-89,Duarte e Filhos,Vasconcelos dos Dourados,PR,2026-05-25 01:16:38
FLOW-0000003977,POL-00000266,CLM-00000382,CANCELLATION,BANK_TRANSFER,PENDING,2024-07-29,2024-07-31,16495.08,16495.08,BRL,210.549.768-30,Castro,Gonçalves,GO,2026-05-25 01:16:38
FLOW-0000003978,POL-00000077,CLM-00000464,PREMIUM_PAYMENT,DEBIT,PENDING,2025-10-11,2025-10-16,15242.77,15242.77,BRL,927.134.608-40,Costa - EI,Aragão de Gomes,TO,2026-05-25 01:16:38
FLOW-0000003979,POL-00000398,CLM-00000530,PREMIUM_PAYMENT,CREDIT_CARD,PENDING,2025-06-21,2025-06-26,4215.08,4215.08,BRL,593.820.146-24,Cunha Nunes e Filhos,Caldeira,SE,2026-05-25 01:16:38
FLOW-0000003980,POL-00000011,CLM-00000298,REFUND,BANK_SLIP,CANCELLED,2025-03-03,2025-03-05,1073.19,1073.19,BRL,251.089.467-67,Nogueira,Melo do Oeste,RJ,2026-05-25 01:16:38
FLOW-0000003981,POL-00000173,CLM-00000922,REFUND,PIX,PENDING,2024-06-17,2024-06-19,10326.84,10326.84,BRL,723.689.541-55,Pacheco,Cavalcanti,RR,2026-05-25 01:16:38
FLOW-0000003982,POL-00000469,CLM-00000436,REFUND,BANK_TRANSFER,FAILED,2025-09-21,2025-09-22,17661.9,0.0,BRL,703.981.256-86,da Costa Ltda.,Ferreira de Vargas,MG,2026-05-25 01:16:38
FLOW-0000003983,POL-00000248,CLM-00000661,PREMIUM_PAYMENT,DEBIT,CANCELLED,2026-01-27,2026-01-31,6178.9,6178.9,BRL,932.176.405-43,Melo Sales S/A,Fonseca Paulista,RN,2026-05-25 01:16:38
FLOW-0000003984,POL-00000359,CLM-00000811,REFUND,PIX,CANCELLED,2024-06-24,2024-06-29,5314.21,5314.21,BRL,582.061.379-12,Caldeira Cavalcante - EI,Viana do Oeste,RO,2026-05-25 01:16:38
FLOW-0000003985,POL-00000216,CLM-00000421,CLAIM_PAYMENT,DEBIT,PROCESSED,2026-02-02,2026-02-06,23328.75,23328.75,BRL,160.738.295-40,Brito - ME,Lopes de Minas,GO,2026-05-25 01:16:38
FLOW-0000003986,POL-00000395,CLM-00000525,PREMIUM_PAYMENT,DEBIT,PENDING,2025-09-06,2025-09-10,16077.21,16077.21,BRL,954.823.167-00,Sales Ltda.,Camargo de Andrade,RJ,2026-05-25 01:16:38
FLOW-0000003987,POL-00000112,CLM-00000515,REFUND,CREDIT_CARD,FAILED,2025-07-15,2025-07-19,16193.72,0.0,BRL,834.705.691-93,Sousa S/A,Almeida,AM,2026-05-25 01:16:38
FLOW-0000003988,POL-00000242,CLM-00000770,PREMIUM_PAYMENT,BANK_SLIP,CANCELLED,2025-11-29,2025-12-04,14964.98,14964.98,BRL,167.392.504-99,da Mata Borges e Filhos,Alves,MG,2026-05-25 01:16:38
FLOW-0000003989,POL-00000357,CLM-00000528,COMMISSION,BANK_TRANSFER,PROCESSED,2025-12-03,2025-12-07,10397.02,10397.02,BRL,279.150.864-30,Rezende Barbosa Ltda.,Borges da Mata,PE,2026-05-25 01:16:38
FLOW-0000003990,POL-00000380,CLM-00000865,REFUND,CREDIT_CARD,PENDING,2025-04-22,2025-04-26,18910.68,18910.68,BRL,237.051.496-52,Silveira Almeida S/A,Mendonça da Prata,TO,2026-05-25 01:16:38
FLOW-0000003991,POL-00000293,CLM-00000142,PREMIUM_PAYMENT,BANK_SLIP,FAILED,2025-10-07,2025-10-12,8100.19,0.0,BRL,798.362.401-87,Correia Câmara - ME,Duarte de Minas,RJ,2026-05-25 01:16:38
FLOW-0000003992,POL-00000332,CLM-00000878,PREMIUM_PAYMENT,BANK_TRANSFER,FAILED,2024-10-18,2024-10-18,17377.01,0.0,BRL,370.529.814-32,Cassiano,Rios Verde,PE,2026-05-25 01:16:38
FLOW-0000003993,POL-00000350,CLM-00000741,PREMIUM_PAYMENT,DEBIT,CANCELLED,2025-08-14,2025-08-17,19136.61,19136.61,BRL,049.376.518-20,Duarte Oliveira S.A.,Pastor,RR,2026-05-25 01:16:38
FLOW-0000003994,POL-00000430,CLM-00000063,CLAIM_PAYMENT,PIX,PROCESSED,2024-10-20,2024-10-20,10208.02,10208.02,BRL,482.031.675-35,Sá Aparecida S.A.,Casa Grande de Goiás,RS,2026-05-25 01:16:38
FLOW-0000003995,POL-00000243,CLM-00000197,REINSURANCE,BANK_TRANSFER,PENDING,2025-03-03,2025-03-06,19087.0,19087.0,BRL,187.504.693-39,Barros - EI,Sousa Verde,AL,2026-05-25 01:16:38
FLOW-0000003996,POL-00000345,CLM-00000581,REINSURANCE,BANK_TRANSFER,PENDING,2024-09-01,2024-09-05,4473.92,4473.92,BRL,763.182.590-40,Correia,Fonseca da Serra,ES,2026-05-25 01:16:38
FLOW-0000003997,POL-00000215,CLM-00000720,REINSURANCE,CREDIT_CARD,PROCESSED,2026-05-11,2026-05-12,12288.92,12288.92,BRL,982.507.631-30,Fernandes da Rocha S/A,da Costa Paulista,AP,2026-05-25 01:16:38
FLOW-0000003998,POL-00000047,CLM-00000469,CLAIM_PAYMENT,PIX,CANCELLED,2025-08-17,2025-08-18,19326.74,19326.74,BRL,120.965.783-02,da Cunha S/A,da Luz de Goiás,RR,2026-05-25 01:16:38
FLOW-0000003999,POL-00000088,CLM-00000415,COMMISSION,BANK_TRANSFER,FAILED,2025-09-15,2025-09-19,10601.07,0.0,BRL,256.497.381-73,Sousa Castro - EI,Castro do Oeste,SE,2026-05-25 01:16:38
FLOW-0000004000,POL-00000498,CLM-00000906,CLAIM_PAYMENT,PIX,PROCESSED,2025-03-30,2025-04-01,3985.49,3985.49,BRL,352.816.409-33,Moura Ltda.,Viana,RN,2026-05-25 01:16:38
FLOW-0000004001,POL-00000352,CLM-00000656,COMMISSION,BANK_TRANSFER,FAILED,2026-03-28,2026-04-02,19288.51,0.0,BRL,648.953.271-91,Marques Costa - EI,Azevedo,PA,2026-05-25 01:16:38
FLOW-0000004002,POL-00000397,CLM-00000580,COMMISSION,BANK_TRANSFER,FAILED,2024-12-28,2025-01-02,530.98,0.0,BRL,870.491.632-87,Silva da Cruz - ME,Rodrigues da Prata,AC,2026-05-25 01:16:38
FLOW-0000004003,POL-00000033,CLM-00000632,REFUND,CREDIT_CARD,PROCESSED,2024-06-25,2024-06-28,11268.55,11268.55,BRL,684.935.701-84,Fogaça Azevedo - EI,Porto,MS,2026-05-25 01:16:38
FLOW-0000004004,POL-00000133,CLM-00000622,PREMIUM_PAYMENT,BANK_TRANSFER,FAILED,2026-05-06,2026-05-10,11007.77,0.0,BRL,948.236.571-28,Machado - EI,da Costa do Amparo,AM,2026-05-25 01:16:38
FLOW-0000004005,POL-00000288,CLM-00000935,COMMISSION,BANK_TRANSFER,PROCESSED,2024-07-29,2024-07-30,23966.82,23966.82,BRL,132.584.967-73,Castro,Melo Alegre,AL,2026-05-25 01:16:38
FLOW-0000004006,POL-00000416,CLM-00000056,CANCELLATION,BANK_SLIP,PROCESSED,2025-05-26,2025-05-31,19405.56,19405.56,BRL,738.026.951-86,Barros,Mendes do Norte,AP,2026-05-25 01:16:38
FLOW-0000004007,POL-00000239,CLM-00000743,CANCELLATION,BANK_TRANSFER,PENDING,2024-06-28,2024-07-03,16973.45,16973.45,BRL,158.603.729-30,Azevedo Gomes S/A,Carvalho,RJ,2026-05-25 01:16:38
FLOW-0000004008,POL-00000198,CLM-00000650,REINSURANCE,DEBIT,PENDING,2024-11-19,2024-11-19,10386.42,10386.42,BRL,206.798.415-20,da Cruz S/A,Souza de Minas,CE,2026-05-25 01:16:38
FLOW-0000004009,POL-00000176,CLM-00000905,CLAIM_PAYMENT,BANK_TRANSFER,PENDING,2026-05-09,2026-05-14,6813.43,6813.43,BRL,503.472.698-00,Aragão,Melo da Praia,PI,2026-05-25 01:16:38
FLOW-0000004010,POL-00000195,CLM-00000667,PREMIUM_PAYMENT,CREDIT_CARD,PENDING,2025-10-20,2025-10-24,21599.25,21599.25,BRL,681.439.207-04,Vieira Cirino S.A.,Porto de Aparecida,SC,2026-05-25 01:16:38
FLOW-0000004011,POL-00000462,CLM-00000871,CANCELLATION,BANK_TRANSFER,PROCESSED,2024-11-10,2024-11-14,23029.15,23029.15,BRL,915.084.367-20,Farias Moraes Ltda.,Vasconcelos,AL,2026-05-25 01:16:38
FLOW-0000004012,POL-00000397,CLM-00000048,CLAIM_PAYMENT,PIX,CANCELLED,2025-02-16,2025-02-16,8247.76,8247.76,BRL,368.109.475-66,Macedo,da Mota,MS,2026-05-25 01:16:38
FLOW-0000004013,POL-00000212,CLM-00000646,REINSURANCE,CREDIT_CARD,PROCESSED,2026-03-14,2026-03-17,1407.26,1407.26,BRL,139.045.726-52,Pinto,Guerra do Sul,SP,2026-05-25 01:16:38
FLOW-0000004014,POL-00000016,CLM-00000526,PREMIUM_PAYMENT,BANK_TRANSFER,PROCESSED,2026-05-24,2026-05-24,11184.35,11184.35,BRL,185.036.297-12,Moura Ltda.,Nascimento do Galho,PR,2026-05-25 01:16:38
FLOW-0000004015,POL-00000082,CLM-00000412,PREMIUM_PAYMENT,BANK_SLIP,CANCELLED,2024-06-09,2024-06-09,12963.66,12963.66,BRL,578.432.619-82,Silva,Costela do Norte,BA,2026-05-25 01:16:38
FLOW-0000004016,POL-00000334,CLM-00000892,REFUND,CREDIT_CARD,PROCESSED,2026-04-21,2026-04-25,4181.83,4181.83,BRL,219.053.678-21,Mendes,Moreira de da Paz,PE,2026-05-25 01:16:38
FLOW-0000004017,POL-00000339,CLM-00000872,COMMISSION,PIX,PENDING,2025-07-12,2025-07-14,21069.06,21069.06,BRL,826.503.947-65,Porto - EI,Melo,BA,2026-05-25 01:16:38
FLOW-0000004018,POL-00000488,CLM-00000579,REINSURANCE,BANK_SLIP,FAILED,2024-06-04,2024-06-07,3725.26,0.0,BRL,786.149.302-40,Guerra,Sousa Grande,PB,2026-05-25 01:16:38
FLOW-0000004019,POL-00000046,CLM-00000078,CANCELLATION,DEBIT,FAILED,2025-03-14,2025-03-19,16188.8,0.0,BRL,627.134.089-03,Carvalho Alves - ME,da Rocha Grande,AP,2026-05-25 01:16:38
FLOW-0000004020,POL-00000369,CLM-00000615,REINSURANCE,DEBIT,PENDING,2025-03-19,2025-03-23,104.45,104.45,BRL,650.978.241-30,Azevedo das Neves - EI,Costela,SC,2026-05-25 01:16:38
FLOW-0000004021,POL-00000201,CLM-00000136,REFUND,PIX,CANCELLED,2024-11-17,2024-11-17,4328.69,4328.69,BRL,930.257.146-70,Caldeira,Farias,RN,2026-05-25 01:16:38
FLOW-0000004022,POL-00000123,CLM-00000640,CLAIM_PAYMENT,PIX,PENDING,2024-11-20,2024-11-24,875.69,875.69,BRL,807.591.632-86,Cirino,Martins,RN,2026-05-25 01:16:38
FLOW-0000004023,POL-00000100,CLM-00000689,CLAIM_PAYMENT,CREDIT_CARD,CANCELLED,2025-09-21,2025-09-24,1467.62,1467.62,BRL,089.523.714-88,Moura Sales - ME,Sousa,PE,2026-05-25 01:16:38
FLOW-0000004024,POL-00000323,CLM-00000667,COMMISSION,BANK_SLIP,CANCELLED,2025-08-10,2025-08-12,6769.62,6769.62,BRL,785.163.920-40,Freitas,da Mata da Praia,TO,2026-05-25 01:16:38
FLOW-0000004025,POL-00000461,CLM-00000007,REINSURANCE,PIX,CANCELLED,2026-02-17,2026-02-22,6364.39,6364.39,BRL,531.064.892-51,Ribeiro,da Costa do Norte,DF,2026-05-25 01:16:38
FLOW-0000004026,POL-00000415,CLM-00000678,CANCELLATION,BANK_SLIP,FAILED,2024-07-02,2024-07-03,323.25,0.0,BRL,715.936.204-70,Vasconcelos,da Rosa da Mata,MA,2026-05-25 01:16:38
FLOW-0000004027,POL-00000209,CLM-00000611,COMMISSION,PIX,PROCESSED,2026-03-20,2026-03-22,4099.54,4099.54,BRL,072.635.914-99,Cunha,Aparecida,AP,2026-05-25 01:16:38
FLOW-0000004028,POL-00000235,CLM-00000373,CLAIM_PAYMENT,BANK_SLIP,PROCESSED,2025-09-08,2025-09-12,2296.12,2296.12,BRL,105.672.849-30,Carvalho S/A,Farias,TO,2026-05-25 01:16:38
FLOW-0000004029,POL-00000208,CLM-00000843,COMMISSION,PIX,CANCELLED,2025-09-16,2025-09-16,4606.86,4606.86,BRL,132.690.458-24,Nascimento - ME,Almeida de Cavalcanti,PA,2026-05-25 01:16:38
FLOW-0000004030,POL-00000001,CLM-00000136,CANCELLATION,CREDIT_CARD,CANCELLED,2024-07-10,2024-07-11,15270.62,15270.62,BRL,268.075.431-07,Souza Ltda.,Camargo de Goiás,AM,2026-05-25 01:16:38
FLOW-0000004031,POL-00000022,CLM-00000361,CLAIM_PAYMENT,CREDIT_CARD,FAILED,2024-10-12,2024-10-13,9417.04,0.0,BRL,054.837.296-92,Machado,Brito Verde,SP,2026-05-25 01:16:38
FLOW-0000004032,POL-00000257,CLM-00000772,REFUND,PIX,FAILED,2024-11-06,2024-11-07,17475.11,0.0,BRL,169.048.723-22,Andrade,Castro,PA,2026-05-25 01:16:38
FLOW-0000004033,POL-00000399,CLM-00000965,REFUND,CREDIT_CARD,FAILED,2024-07-01,2024-07-06,13343.07,0.0,BRL,961.748.503-66,Fernandes Machado e Filhos,Pimenta do Oeste,RJ,2026-05-25 01:16:38
FLOW-0000004034,POL-00000424,CLM-00000719,CLAIM_PAYMENT,CREDIT_CARD,CANCELLED,2025-10-09,2025-10-14,455.89,455.89,BRL,853.679.420-83,Pereira,Abreu da Mata,RJ,2026-05-25 01:16:38
FLOW-0000004035,POL-00000448,CLM-00000735,PREMIUM_PAYMENT,BANK_TRANSFER,FAILED,2024-08-08,2024-08-12,13692.27,0.0,BRL,785.312.904-14,Teixeira S/A,Mendonça do Galho,RS,2026-05-25 01:16:38
FLOW-0000004036,POL-00000142,CLM-00000962,CLAIM_PAYMENT,DEBIT,FAILED,2025-04-24,2025-04-27,24952.04,0.0,BRL,672.398.410-22,Araújo,Cassiano,CE,2026-05-25 01:16:38
FLOW-0000004037,POL-00000119,CLM-00000439,CLAIM_PAYMENT,PIX,PROCESSED,2025-01-24,2025-01-27,3849.14,3849.14,BRL,859.471.236-73,Nogueira Abreu e Filhos,Aragão da Mata,AL,2026-05-25 01:16:38
FLOW-0000004038,POL-00000146,CLM-00000600,REFUND,PIX,CANCELLED,2024-10-05,2024-10-08,10110.64,10110.64,BRL,519.637.820-03,Cunha,Fernandes do Galho,PR,2026-05-25 01:16:38
FLOW-0000004039,POL-00000496,CLM-00000934,COMMISSION,BANK_SLIP,CANCELLED,2025-03-31,2025-04-01,9352.19,9352.19,BRL,356.247.901-80,Gomes e Filhos,Costela,BA,2026-05-25 01:16:38
FLOW-0000004040,POL-00000310,CLM-00000538,COMMISSION,DEBIT,PROCESSED,2025-01-11,2025-01-12,18724.94,18724.94,BRL,130.892.657-02,Porto,Santos,MA,2026-05-25 01:16:38
FLOW-0000004041,POL-00000006,CLM-00000394,REFUND,DEBIT,PROCESSED,2024-11-19,2024-11-20,4186.35,4186.35,BRL,564.128.907-85,Pinto,Ribeiro de Minas,MA,2026-05-25 01:16:38
FLOW-0000004042,POL-00000091,CLM-00000194,REFUND,CREDIT_CARD,CANCELLED,2024-11-14,2024-11-17,1863.15,1863.15,BRL,614.203.879-87,Peixoto S/A,Caldeira,CE,2026-05-25 01:16:38
FLOW-0000004043,POL-00000302,CLM-00000937,REINSURANCE,BANK_TRANSFER,PROCESSED,2025-03-17,2025-03-20,15276.31,15276.31,BRL,568.713.029-21,Peixoto Teixeira S/A,Barbosa da Serra,AP,2026-05-25 01:16:38
FLOW-0000004044,POL-00000385,CLM-00000567,CLAIM_PAYMENT,DEBIT,FAILED,2025-09-01,2025-09-06,13726.63,0.0,BRL,549.780.132-32,Moraes,Nunes,RN,2026-05-25 01:16:38
FLOW-0000004045,POL-00000231,CLM-00000626,REFUND,BANK_SLIP,CANCELLED,2026-05-16,2026-05-19,13921.65,13921.65,BRL,103.479.568-66,Aparecida,Sá do Amparo,PR,2026-05-25 01:16:38
FLOW-0000004046,POL-00000155,CLM-00000125,REFUND,BANK_SLIP,PENDING,2026-04-08,2026-04-10,22913.3,22913.3,BRL,581.732.946-82,Camargo Mendonça S/A,Nogueira,RR,2026-05-25 01:16:38
FLOW-0000004047,POL-00000459,CLM-00000623,PREMIUM_PAYMENT,BANK_SLIP,FAILED,2025-06-23,2025-06-25,13153.54,0.0,BRL,389.402.165-98,Melo,Gomes,MA,2026-05-25 01:16:38
FLOW-0000004048,POL-00000500,CLM-00000783,REINSURANCE,BANK_TRANSFER,PROCESSED,2024-06-28,2024-06-28,8217.9,8217.9,BRL,302.719.648-04,Macedo,Lopes,AM,2026-05-25 01:16:38
FLOW-0000004049,POL-00000006,CLM-00000031,CLAIM_PAYMENT,PIX,CANCELLED,2024-07-14,2024-07-14,3911.21,3911.21,BRL,078.291.543-41,da Mata,Vasconcelos,CE,2026-05-25 01:16:38
FLOW-0000004050,POL-00000477,CLM-00000409,PREMIUM_PAYMENT,BANK_SLIP,CANCELLED,2025-02-07,2025-02-07,7275.34,7275.34,BRL,906.231.485-60,Mendonça - EI,Cavalcanti do Oeste,MT,2026-05-25 01:16:38
FLOW-0000004051,POL-00000380,CLM-00000668,PREMIUM_PAYMENT,BANK_SLIP,FAILED,2026-02-21,2026-02-25,18123.2,0.0,BRL,317.259.604-43,Silveira Freitas Ltda.,Nogueira,MG,2026-05-25 01:16:38
FLOW-0000004052,POL-00000112,CLM-00000308,CANCELLATION,PIX,PENDING,2024-11-26,2024-11-26,21774.34,21774.34,BRL,435.816.297-55,da Mota,Pastor do Norte,PR,2026-05-25 01:16:38
FLOW-0000004053,POL-00000165,CLM-00000156,REINSURANCE,BANK_TRANSFER,CANCELLED,2024-07-06,2024-07-06,5142.92,5142.92,BRL,286.341.579-46,Jesus,Andrade,MG,2026-05-25 01:16:38
FLOW-0000004054,POL-00000330,CLM-00000336,REINSURANCE,DEBIT,CANCELLED,2025-11-04,2025-11-07,3353.26,3353.26,BRL,934.267.015-61,Araújo,Fonseca,BA,2026-05-25 01:16:38
FLOW-0000004055,POL-00000152,CLM-00000931,CANCELLATION,PIX,PROCESSED,2025-03-26,2025-03-28,4036.23,4036.23,BRL,287.536.094-92,Macedo,Rios,RR,2026-05-25 01:16:38
FLOW-0000004056,POL-00000029,CLM-00000532,CANCELLATION,BANK_SLIP,PROCESSED,2026-04-18,2026-04-20,15546.06,15546.06,BRL,694.217.053-43,Siqueira,Fernandes,MG,2026-05-25 01:16:38
FLOW-0000004057,POL-00000292,CLM-00000955,CLAIM_PAYMENT,DEBIT,PENDING,2024-08-25,2024-08-26,8454.0,8454.0,BRL,042.175.369-25,Cirino,Pires,GO,2026-05-25 01:16:38
FLOW-0000004058,POL-00000287,CLM-00000928,PREMIUM_PAYMENT,BANK_TRANSFER,FAILED,2025-09-12,2025-09-15,10731.27,0.0,BRL,948.732.061-03,Cardoso,Albuquerque do Galho,PB,2026-05-25 01:16:38
FLOW-0000004059,POL-00000333,CLM-00000878,REINSURANCE,CREDIT_CARD,PENDING,2025-10-11,2025-10-14,3171.3,3171.3,BRL,426.571.380-71,Barros Barbosa S.A.,Peixoto do Galho,PR,2026-05-25 01:16:38
FLOW-0000004060,POL-00000243,CLM-00000675,PREMIUM_PAYMENT,CREDIT_CARD,PENDING,2024-08-19,2024-08-22,13372.01,13372.01,BRL,970.526.143-16,Caldeira Nogueira - EI,Vasconcelos,RR,2026-05-25 01:16:38
FLOW-0000004061,POL-00000316,CLM-00000419,PREMIUM_PAYMENT,DEBIT,CANCELLED,2025-04-16,2025-04-17,15717.29,15717.29,BRL,543.196.278-73,Cardoso - EI,Vargas,DF,2026-05-25 01:16:38
FLOW-0000004062,POL-00000246,CLM-00000157,REFUND,CREDIT_CARD,FAILED,2025-03-05,2025-03-05,23414.36,0.0,BRL,824.510.639-98,Fonseca Araújo S/A,Viana do Sul,PA,2026-05-25 01:16:38
FLOW-0000004063,POL-00000132,CLM-00000124,COMMISSION,BANK_SLIP,CANCELLED,2024-11-14,2024-11-14,7775.02,7775.02,BRL,182.746.930-78,Cavalcanti S/A,Ferreira,ES,2026-05-25 01:16:38
FLOW-0000004064,POL-00000247,CLM-00000677,PREMIUM_PAYMENT,BANK_TRANSFER,PROCESSED,2024-08-19,2024-08-21,5677.18,5677.18,BRL,023.458.179-41,Fernandes da Mata - EI,Nunes,PB,2026-05-25 01:16:38
FLOW-0000004065,POL-00000027,CLM-00000509,PREMIUM_PAYMENT,DEBIT,PENDING,2025-09-24,2025-09-26,21267.98,21267.98,BRL,176.428.953-64,Mendes S/A,Montenegro,CE,2026-05-25 01:16:38
FLOW-0000004066,POL-00000255,CLM-00000994,CLAIM_PAYMENT,CREDIT_CARD,PENDING,2025-09-26,2025-09-29,4951.41,4951.41,BRL,532.714.908-05,da Conceição,Cavalcanti,SE,2026-05-25 01:16:38
FLOW-0000004067,POL-00000495,CLM-00000047,PREMIUM_PAYMENT,BANK_SLIP,PROCESSED,2024-09-19,2024-09-19,5682.61,5682.61,BRL,526.498.310-06,Vargas,Fonseca,RO,2026-05-25 01:16:38
FLOW-0000004068,POL-00000303,CLM-00000204,REINSURANCE,BANK_TRANSFER,PENDING,2024-08-17,2024-08-22,8371.47,8371.47,BRL,137.890.245-97,Andrade Teixeira S/A,Fogaça Grande,AP,2026-05-25 01:16:38
FLOW-0000004069,POL-00000098,CLM-00000306,REFUND,BANK_SLIP,PENDING,2025-01-02,2025-01-05,4874.74,4874.74,BRL,356.940.728-47,Freitas,Campos,PA,2026-05-25 01:16:38
FLOW-0000004070,POL-00000434,CLM-00000460,COMMISSION,CREDIT_CARD,FAILED,2024-07-03,2024-07-05,21302.01,0.0,BRL,356.890.124-24,Campos da Conceição S/A,Sampaio do Campo,AP,2026-05-25 01:16:38
FLOW-0000004071,POL-00000221,CLM-00000027,COMMISSION,DEBIT,CANCELLED,2025-06-03,2025-06-07,15242.9,15242.9,BRL,760.593.428-92,Garcia Peixoto - EI,Sá,SP,2026-05-25 01:16:38
FLOW-0000004072,POL-00000397,CLM-00000231,REFUND,CREDIT_CARD,PROCESSED,2026-05-21,2026-05-26,23971.29,23971.29,BRL,138.425.609-15,Barros,da Luz,AC,2026-05-25 01:16:38
FLOW-0000004073,POL-00000212,CLM-00000330,PREMIUM_PAYMENT,PIX,CANCELLED,2024-06-12,2024-06-12,23078.97,23078.97,BRL,432.586.710-44,Nascimento,Rocha,MG,2026-05-25 01:16:38
FLOW-0000004074,POL-00000471,CLM-00000705,REFUND,BANK_TRANSFER,PENDING,2025-06-28,2025-07-02,1828.75,1828.75,BRL,928.675.034-00,Andrade Guerra S/A,Ribeiro,MG,2026-05-25 01:16:38
FLOW-0000004075,POL-00000493,CLM-00000674,CANCELLATION,BANK_SLIP,PROCESSED,2024-06-01,2024-06-03,2291.22,2291.22,BRL,714.309.865-57,Peixoto - ME,Rodrigues,PR,2026-05-25 01:16:38
FLOW-0000004076,POL-00000181,CLM-00000393,PREMIUM_PAYMENT,BANK_SLIP,FAILED,2025-06-22,2025-06-26,14847.58,0.0,BRL,987.031.254-32,Rocha Azevedo - ME,Monteiro,RN,2026-05-25 01:16:38
FLOW-0000004077,POL-00000261,CLM-00000002,PREMIUM_PAYMENT,CREDIT_CARD,FAILED,2025-12-24,2025-12-26,974.13,0.0,BRL,835.126.409-15,Cassiano Rios - ME,da Paz da Prata,RN,2026-05-25 01:16:38
FLOW-0000004078,POL-00000165,CLM-00000917,PREMIUM_PAYMENT,DEBIT,PENDING,2025-06-17,2025-06-19,13638.0,13638.0,BRL,345.287.910-05,Cirino,Cunha de Jesus,RS,2026-05-25 01:16:38
FLOW-0000004079,POL-00000343,CLM-00000375,REINSURANCE,BANK_SLIP,CANCELLED,2025-12-29,2025-12-31,6817.65,6817.65,BRL,615.873.402-08,Nunes,Caldeira,RJ,2026-05-25 01:16:38
FLOW-0000004080,POL-00000332,CLM-00000504,REFUND,DEBIT,PENDING,2026-03-27,2026-03-31,16676.82,16676.82,BRL,952.870.364-00,Cirino Brito e Filhos,Melo de Minas,RO,2026-05-25 01:16:38
FLOW-0000004081,POL-00000457,CLM-00000849,PREMIUM_PAYMENT,PIX,PROCESSED,2025-08-04,2025-08-04,1311.93,1311.93,BRL,548.213.960-33,Ribeiro,Silveira da Praia,AP,2026-05-25 01:16:38
FLOW-0000004082,POL-00000277,CLM-00000283,COMMISSION,PIX,PENDING,2025-05-27,2025-06-01,7821.49,7821.49,BRL,201.893.745-60,Azevedo Rezende - EI,Costela do Campo,PA,2026-05-25 01:16:38
FLOW-0000004083,POL-00000092,CLM-00000084,CANCELLATION,BANK_TRANSFER,PROCESSED,2025-04-11,2025-04-12,15124.96,15124.96,BRL,386.015.427-35,Machado Ltda.,Marques,SC,2026-05-25 01:16:38
FLOW-0000004084,POL-00000202,CLM-00000788,REINSURANCE,BANK_SLIP,CANCELLED,2024-08-17,2024-08-17,17040.27,17040.27,BRL,245.130.867-26,Fogaça Barbosa Ltda.,Marques,MT,2026-05-25 01:16:38
FLOW-0000004085,POL-00000469,CLM-00000841,CLAIM_PAYMENT,BANK_TRANSFER,FAILED,2024-10-11,2024-10-16,18298.05,0.0,BRL,926.735.408-65,Novaes,Gonçalves,SE,2026-05-25 01:16:38
FLOW-0000004086,POL-00000338,CLM-00000456,COMMISSION,BANK_TRANSFER,PENDING,2024-09-18,2024-09-22,10013.54,10013.54,BRL,410.739.826-96,Montenegro Ltda.,Alves,RN,2026-05-25 01:16:38
FLOW-0000004087,POL-00000081,CLM-00000623,REFUND,CREDIT_CARD,FAILED,2024-11-30,2024-12-04,360.57,0.0,BRL,483.210.567-17,Albuquerque,Sousa,RN,2026-05-25 01:16:38
FLOW-0000004088,POL-00000355,CLM-00000448,REFUND,BANK_TRANSFER,FAILED,2025-11-18,2025-11-18,24272.11,0.0,BRL,802.534.196-89,Marques,Macedo Paulista,BA,2026-05-25 01:16:38
FLOW-0000004089,POL-00000176,CLM-00000739,CANCELLATION,DEBIT,PROCESSED,2025-10-05,2025-10-06,21680.44,21680.44,BRL,675.084.321-26,Santos,Cardoso de Cirino,AL,2026-05-25 01:16:38
FLOW-0000004090,POL-00000154,CLM-00000270,CLAIM_PAYMENT,PIX,CANCELLED,2026-02-26,2026-02-27,5042.18,5042.18,BRL,780.623.194-31,Nunes Ltda.,Santos,SE,2026-05-25 01:16:38
FLOW-0000004091,POL-00000250,CLM-00000044,PREMIUM_PAYMENT,BANK_TRANSFER,CANCELLED,2026-03-24,2026-03-28,22701.68,22701.68,BRL,042.518.739-04,Andrade Mendonça e Filhos,Viana de Martins,AL,2026-05-25 01:16:38
FLOW-0000004092,POL-00000497,CLM-00000044,REINSURANCE,BANK_TRANSFER,CANCELLED,2026-03-18,2026-03-23,24125.62,24125.62,BRL,269.170.543-99,Teixeira Lima Ltda.,Marques,PA,2026-05-25 01:16:38
FLOW-0000004093,POL-00000307,CLM-00000717,CANCELLATION,BANK_TRANSFER,PENDING,2024-12-10,2024-12-11,1073.61,1073.61,BRL,874.956.231-28,Mendonça - EI,Costela de Lima,RN,2026-05-25 01:16:38
FLOW-0000004094,POL-00000444,CLM-00000228,CANCELLATION,PIX,FAILED,2024-07-09,2024-07-09,13544.24,0.0,BRL,732.160.589-21,Nogueira - ME,Castro do Amparo,GO,2026-05-25 01:16:38
FLOW-0000004095,POL-00000194,CLM-00000103,CLAIM_PAYMENT,PIX,CANCELLED,2026-04-29,2026-04-29,5032.32,5032.32,BRL,982.103.745-32,Santos,Cassiano do Galho,PR,2026-05-25 01:16:38
FLOW-0000004096,POL-00000288,CLM-00000049,REINSURANCE,CREDIT_CARD,FAILED,2024-09-05,2024-09-07,13450.99,0.0,BRL,823.760.914-03,Cavalcante Ltda.,Barros de Guerra,RS,2026-05-25 01:16:38
FLOW-0000004097,POL-00000337,CLM-00000123,CLAIM_PAYMENT,PIX,PROCESSED,2025-03-30,2025-03-31,20018.55,20018.55,BRL,042.653.978-83,Pastor,Novaes,TO,2026-05-25 01:16:38
FLOW-0000004098,POL-00000233,CLM-00000818,PREMIUM_PAYMENT,BANK_SLIP,FAILED,2025-03-15,2025-03-19,16422.13,0.0,BRL,197.348.052-23,Silveira,da Costa,SC,2026-05-25 01:16:38
FLOW-0000004099,POL-00000348,CLM-00000008,CLAIM_PAYMENT,DEBIT,CANCELLED,2024-11-26,2024-11-27,501.33,501.33,BRL,485.716.309-84,Dias,Araújo de Pinto,BA,2026-05-25 01:16:38
FLOW-0000004100,POL-00000152,CLM-00000492,COMMISSION,PIX,FAILED,2025-04-14,2025-04-17,23801.73,0.0,BRL,187.240.536-35,Fonseca - ME,Farias,RS,2026-05-25 01:16:38
FLOW-0000004101,POL-00000471,CLM-00000656,CANCELLATION,BANK_SLIP,PROCESSED,2025-10-16,2025-10-20,16988.46,16988.46,BRL,147.965.803-01,Fernandes,Brito,AL,2026-05-25 01:16:38
FLOW-0000004102,POL-00000200,CLM-00000764,PREMIUM_PAYMENT,PIX,FAILED,2026-04-18,2026-04-18,11122.64,0.0,BRL,948.307.261-13,Oliveira,Camargo Alegre,RJ,2026-05-25 01:16:38
FLOW-0000004103,POL-00000296,CLM-00000279,CANCELLATION,DEBIT,PROCESSED,2024-06-11,2024-06-15,14328.76,14328.76,BRL,790.243.516-34,Macedo Souza S/A,Pacheco do Oeste,MS,2026-05-25 01:16:38
FLOW-0000004104,POL-00000447,CLM-00000418,REFUND,BANK_SLIP,PROCESSED,2025-09-29,2025-10-02,20107.47,20107.47,BRL,293.804.576-00,Melo,Cassiano de Goiás,PA,2026-05-25 01:16:38
FLOW-0000004105,POL-00000473,CLM-00000003,REINSURANCE,CREDIT_CARD,CANCELLED,2024-08-04,2024-08-05,8201.59,8201.59,BRL,450.687.193-66,Rocha Marques - ME,Barbosa,SE,2026-05-25 01:16:38
FLOW-0000004106,POL-00000038,CLM-00000758,CLAIM_PAYMENT,BANK_TRANSFER,CANCELLED,2026-05-04,2026-05-05,24406.76,24406.76,BRL,893.640.251-05,Vargas - EI,Sousa,MA,2026-05-25 01:16:38
FLOW-0000004107,POL-00000417,CLM-00000569,COMMISSION,DEBIT,CANCELLED,2025-02-14,2025-02-16,460.27,460.27,BRL,247.069.581-30,Garcia das Neves - EI,Castro,AM,2026-05-25 01:16:38
FLOW-0000004108,POL-00000025,CLM-00000339,REFUND,PIX,CANCELLED,2024-08-15,2024-08-15,5441.24,5441.24,BRL,051.438.279-14,Cassiano,Camargo,SE,2026-05-25 01:16:38
FLOW-0000004109,POL-00000123,CLM-00000445,REFUND,PIX,CANCELLED,2025-05-05,2025-05-08,5950.78,5950.78,BRL,053.486.729-47,Pimenta - EI,Carvalho dos Dourados,AM,2026-05-25 01:16:38
FLOW-0000004110,POL-00000332,CLM-00000649,CANCELLATION,DEBIT,PENDING,2026-02-08,2026-02-10,1148.22,1148.22,BRL,604.823.519-42,Costa,Castro,RN,2026-05-25 01:16:38
FLOW-0000004111,POL-00000006,CLM-00000881,REINSURANCE,BANK_SLIP,PENDING,2024-06-16,2024-06-18,20943.62,20943.62,BRL,915.462.387-19,Jesus,Teixeira,MS,2026-05-25 01:16:38
FLOW-0000004112,POL-00000031,CLM-00000825,PREMIUM_PAYMENT,BANK_SLIP,PROCESSED,2026-02-03,2026-02-07,1142.85,1142.85,BRL,350.186.927-40,da Mata Camargo - ME,da Rocha de Goiás,PR,2026-05-25 01:16:38
FLOW-0000004113,POL-00000012,CLM-00000623,COMMISSION,CREDIT_CARD,PROCESSED,2024-06-27,2024-07-02,768.87,768.87,BRL,129.356.480-05,Moraes e Filhos,Pacheco do Amparo,RR,2026-05-25 01:16:38
FLOW-0000004114,POL-00000388,CLM-00000380,CLAIM_PAYMENT,BANK_TRANSFER,CANCELLED,2025-05-28,2025-05-30,3994.09,3994.09,BRL,783.512.046-17,Pastor,Pereira de Mendonça,CE,2026-05-25 01:16:38
FLOW-0000004115,POL-00000440,CLM-00000115,COMMISSION,BANK_TRANSFER,PROCESSED,2024-06-14,2024-06-17,17418.04,17418.04,BRL,498.715.306-84,Vasconcelos,Costa do Norte,PB,2026-05-25 01:16:38
FLOW-0000004116,POL-00000026,CLM-00000639,REFUND,BANK_TRANSFER,PENDING,2024-10-22,2024-10-27,20618.28,20618.28,BRL,450.298.136-24,Albuquerque,da Mota Alegre,PR,2026-05-25 01:16:38
FLOW-0000004117,POL-00000470,CLM-00000835,REFUND,DEBIT,FAILED,2025-01-13,2025-01-16,1122.8,0.0,BRL,589.732.410-79,Lima Pereira Ltda.,Correia de Minas,PA,2026-05-25 01:16:38
FLOW-0000004118,POL-00000323,CLM-00000605,COMMISSION,BANK_SLIP,FAILED,2025-04-01,2025-04-03,16556.58,0.0,BRL,319.564.802-42,Vieira Novaes - ME,Viana das Pedras,RS,2026-05-25 01:16:38
FLOW-0000004119,POL-00000356,CLM-00000293,CANCELLATION,CREDIT_CARD,FAILED,2026-03-18,2026-03-18,8009.62,0.0,BRL,180.476.593-75,Fogaça,Moraes,MA,2026-05-25 01:16:38
FLOW-0000004120,POL-00000323,CLM-00000575,PREMIUM_PAYMENT,PIX,PENDING,2025-02-08,2025-02-09,12869.18,12869.18,BRL,263.715.084-07,da Mata Novaes - ME,Cassiano do Galho,AL,2026-05-25 01:16:38
FLOW-0000004121,POL-00000323,CLM-00000359,REFUND,BANK_TRANSFER,FAILED,2025-01-19,2025-01-24,13723.2,0.0,BRL,047.365.129-70,Vasconcelos,Moreira das Flores,AM,2026-05-25 01:16:38
FLOW-0000004122,POL-00000204,CLM-00000416,COMMISSION,BANK_SLIP,FAILED,2024-08-08,2024-08-09,7120.67,0.0,BRL,807.351.946-10,Mendonça,Fernandes,TO,2026-05-25 01:16:38
FLOW-0000004123,POL-00000077,CLM-00000127,CANCELLATION,DEBIT,FAILED,2024-10-09,2024-10-10,14948.09,0.0,BRL,354.698.170-75,Mendonça,Lopes,BA,2026-05-25 01:16:38
FLOW-0000004124,POL-00000195,CLM-00000013,COMMISSION,BANK_SLIP,CANCELLED,2024-11-26,2024-11-30,12401.29,12401.29,BRL,287.341.059-05,Vargas,da Costa,RR,2026-05-25 01:16:38
FLOW-0000004125,POL-00000159,CLM-00000555,REFUND,DEBIT,PROCESSED,2025-11-09,2025-11-12,2608.6,2608.6,BRL,918.034.562-05,Jesus Silveira Ltda.,Caldeira do Norte,TO,2026-05-25 01:16:38
FLOW-0000004126,POL-00000443,CLM-00000656,COMMISSION,BANK_SLIP,CANCELLED,2024-11-26,2024-11-26,11218.74,11218.74,BRL,698.240.731-40,Alves,da Cunha de Farias,PI,2026-05-25 01:16:38
FLOW-0000004127,POL-00000068,CLM-00000202,REFUND,CREDIT_CARD,PENDING,2025-07-13,2025-07-16,22549.85,22549.85,BRL,350.248.619-06,Rezende,Pimenta,MT,2026-05-25 01:16:38
FLOW-0000004128,POL-00000037,CLM-00000384,COMMISSION,BANK_SLIP,PENDING,2025-05-04,2025-05-04,9181.01,9181.01,BRL,761.950.348-00,Correia Azevedo - EI,da Conceição do Norte,RO,2026-05-25 01:16:38
FLOW-0000004129,POL-00000348,CLM-00000744,REFUND,PIX,PROCESSED,2026-03-23,2026-03-28,158.98,158.98,BRL,316.578.924-09,Fonseca Souza - ME,Monteiro,PI,2026-05-25 01:16:38
FLOW-0000004130,POL-00000217,CLM-00000056,PREMIUM_PAYMENT,CREDIT_CARD,FAILED,2025-02-25,2025-02-28,12451.41,0.0,BRL,092.873.514-14,Martins da Luz Ltda.,Ribeiro,DF,2026-05-25 01:16:38
FLOW-0000004131,POL-00000067,CLM-00000184,PREMIUM_PAYMENT,CREDIT_CARD,FAILED,2026-01-29,2026-02-02,11028.94,0.0,BRL,890.715.236-59,Fonseca,Oliveira,AC,2026-05-25 01:16:38
FLOW-0000004132,POL-00000158,CLM-00000453,CLAIM_PAYMENT,BANK_TRANSFER,FAILED,2026-03-20,2026-03-22,1922.58,0.0,BRL,173.026.958-30,Lima,Cavalcante de Carvalho,SP,2026-05-25 01:16:38
FLOW-0000004133,POL-00000375,CLM-00000764,REFUND,CREDIT_CARD,FAILED,2024-10-12,2024-10-14,1462.53,0.0,BRL,836.014.759-01,Azevedo,Borges,AC,2026-05-25 01:16:38
FLOW-0000004134,POL-00000299,CLM-00000056,COMMISSION,CREDIT_CARD,CANCELLED,2024-09-08,2024-09-09,2471.99,2471.99,BRL,410.386.527-07,Farias,Viana Alegre,PE,2026-05-25 01:16:38
FLOW-0000004135,POL-00000389,CLM-00000659,REINSURANCE,BANK_TRANSFER,PENDING,2024-12-21,2024-12-26,11532.86,11532.86,BRL,051.634.798-57,Nunes,Abreu,BA,2026-05-25 01:16:38
FLOW-0000004136,POL-00000494,CLM-00000762,REFUND,CREDIT_CARD,CANCELLED,2025-04-12,2025-04-17,14410.69,14410.69,BRL,021.589.743-97,Barros Cassiano Ltda.,Mendonça,SC,2026-05-25 01:16:38
FLOW-0000004137,POL-00000170,CLM-00000398,CLAIM_PAYMENT,PIX,CANCELLED,2026-01-22,2026-01-27,10145.16,10145.16,BRL,675.402.831-90,Ferreira Siqueira - ME,Melo,ES,2026-05-25 01:16:38
FLOW-0000004138,POL-00000136,CLM-00000643,COMMISSION,BANK_TRANSFER,CANCELLED,2025-03-19,2025-03-23,5914.53,5914.53,BRL,432.980.615-06,Caldeira e Filhos,Aparecida,MA,2026-05-25 01:16:38
FLOW-0000004139,POL-00000352,CLM-00000480,PREMIUM_PAYMENT,PIX,FAILED,2025-04-03,2025-04-06,9929.9,0.0,BRL,762.905.413-07,Ramos e Filhos,Vasconcelos,PA,2026-05-25 01:16:38
FLOW-0000004140,POL-00000434,CLM-00000486,CANCELLATION,PIX,CANCELLED,2025-11-16,2025-11-17,24265.7,24265.7,BRL,687.952.430-38,Casa Grande,Andrade,MT,2026-05-25 01:16:38
FLOW-0000004141,POL-00000289,CLM-00000191,PREMIUM_PAYMENT,BANK_SLIP,PENDING,2025-12-14,2025-12-18,6670.71,6670.71,BRL,340.695.782-00,Souza - EI,Viana Grande,GO,2026-05-25 01:16:38
FLOW-0000004142,POL-00000124,CLM-00000223,REFUND,BANK_SLIP,CANCELLED,2024-11-05,2024-11-05,15106.58,15106.58,BRL,451.069.238-24,Sales Silveira - ME,Alves das Pedras,ES,2026-05-25 01:16:38
FLOW-0000004143,POL-00000109,CLM-00000806,REINSURANCE,BANK_SLIP,CANCELLED,2024-12-10,2024-12-11,17270.57,17270.57,BRL,456.792.081-30,Andrade,Peixoto,PI,2026-05-25 01:16:38
FLOW-0000004144,POL-00000133,CLM-00000041,REFUND,BANK_SLIP,FAILED,2026-04-29,2026-04-30,14159.78,0.0,BRL,039.216.485-05,da Luz,Nogueira da Mata,MG,2026-05-25 01:16:38
FLOW-0000004145,POL-00000391,CLM-00000168,COMMISSION,DEBIT,PROCESSED,2025-10-01,2025-10-05,23042.91,23042.91,BRL,716.402.953-99,Moraes Pacheco S/A,Oliveira das Pedras,RJ,2026-05-25 01:16:38
FLOW-0000004146,POL-00000133,CLM-00000170,REINSURANCE,DEBIT,PROCESSED,2026-03-04,2026-03-07,9432.75,9432.75,BRL,501.946.827-49,Marques Nunes - EI,Oliveira de Minas,AC,2026-05-25 01:16:38
FLOW-0000004147,POL-00000115,CLM-00000739,REINSURANCE,BANK_TRANSFER,PROCESSED,2025-05-20,2025-05-23,22965.23,22965.23,BRL,346.295.870-47,da Cruz,Araújo,MG,2026-05-25 01:16:38
FLOW-0000004148,POL-00000123,CLM-00000703,PREMIUM_PAYMENT,BANK_SLIP,PROCESSED,2024-12-22,2024-12-24,16310.05,16310.05,BRL,293.074.518-50,Peixoto Santos Ltda.,Rios Verde,RS,2026-05-25 01:16:38
FLOW-0000004149,POL-00000034,CLM-00000434,COMMISSION,BANK_TRANSFER,PENDING,2025-07-28,2025-07-28,14402.03,14402.03,BRL,802.671.954-94,Silva,Vieira do Galho,BA,2026-05-25 01:16:38
FLOW-0000004150,POL-00000151,CLM-00000142,CLAIM_PAYMENT,BANK_SLIP,FAILED,2025-05-20,2025-05-21,5737.43,0.0,BRL,751.462.089-30,Porto,das Neves,PI,2026-05-25 01:16:38
FLOW-0000004151,POL-00000456,CLM-00000623,PREMIUM_PAYMENT,PIX,PROCESSED,2025-05-26,2025-05-28,12391.37,12391.37,BRL,640.837.152-35,Alves,Fogaça,RN,2026-05-25 01:16:38
FLOW-0000004152,POL-00000169,CLM-00000863,COMMISSION,CREDIT_CARD,PENDING,2026-03-15,2026-03-20,12107.62,12107.62,BRL,862.397.514-64,da Luz Sampaio Ltda.,Marques de Rodrigues,RN,2026-05-25 01:16:38
FLOW-0000004153,POL-00000469,CLM-00000949,REFUND,DEBIT,PENDING,2025-10-23,2025-10-28,8585.31,8585.31,BRL,769.130.528-12,Freitas Abreu - ME,Duarte de Ribeiro,RS,2026-05-25 01:16:38
FLOW-0000004154,POL-00000104,CLM-00000565,CANCELLATION,BANK_SLIP,PENDING,2024-07-11,2024-07-13,10938.62,10938.62,BRL,293.416.785-28,Barros,Cassiano de Rocha,MS,2026-05-25 01:16:38
FLOW-0000004155,POL-00000404,CLM-00000292,CANCELLATION,BANK_SLIP,CANCELLED,2024-08-23,2024-08-23,784.89,784.89,BRL,893.205.714-14,Guerra,Novais da Prata,PB,2026-05-25 01:16:38
FLOW-0000004156,POL-00000321,CLM-00000743,CLAIM_PAYMENT,BANK_SLIP,CANCELLED,2025-09-13,2025-09-14,16852.19,16852.19,BRL,469.821.530-70,Nogueira,Pires,RN,2026-05-25 01:16:38
FLOW-0000004157,POL-00000112,CLM-00000209,REFUND,PIX,CANCELLED,2024-12-01,2024-12-02,12344.44,12344.44,BRL,164.097.328-13,Brito,Dias,TO,2026-05-25 01:16:38
FLOW-0000004158,POL-00000489,CLM-00000408,REINSURANCE,DEBIT,PENDING,2025-05-30,2025-06-02,22173.23,22173.23,BRL,267.308.915-21,Barros,Peixoto,AL,2026-05-25 01:16:38
FLOW-0000004159,POL-00000002,CLM-00000213,PREMIUM_PAYMENT,BANK_TRANSFER,CANCELLED,2025-02-21,2025-02-23,18266.33,18266.33,BRL,049.283.165-33,Moura,Martins,BA,2026-05-25 01:16:38
FLOW-0000004160,POL-00000172,CLM-00000630,REFUND,CREDIT_CARD,PENDING,2024-05-30,2024-06-01,1356.38,1356.38,BRL,968.031.542-89,da Luz,Moreira de Minas,DF,2026-05-25 01:16:38
FLOW-0000004161,POL-00000323,CLM-00000295,COMMISSION,PIX,PROCESSED,2025-10-22,2025-10-23,15616.43,15616.43,BRL,147.805.236-80,Costela,Cardoso,AM,2026-05-25 01:16:38
FLOW-0000004162,POL-00000406,CLM-00000726,CANCELLATION,CREDIT_CARD,CANCELLED,2024-09-24,2024-09-29,20611.09,20611.09,BRL,426.830.197-69,Gomes,Cavalcanti da Mata,AP,2026-05-25 01:16:38
FLOW-0000004163,POL-00000010,CLM-00000692,REFUND,DEBIT,FAILED,2026-02-13,2026-02-18,1388.46,0.0,BRL,832.506.417-07,Pimenta Barbosa S/A,Carvalho,MS,2026-05-25 01:16:38
FLOW-0000004164,POL-00000220,CLM-00000465,COMMISSION,DEBIT,PROCESSED,2026-01-12,2026-01-15,19548.46,19548.46,BRL,940.573.162-99,Araújo,Pacheco Verde,RS,2026-05-25 01:16:38
FLOW-0000004165,POL-00000426,CLM-00000164,PREMIUM_PAYMENT,PIX,CANCELLED,2024-11-29,2024-11-30,9312.69,9312.69,BRL,734.209.816-78,Barbosa,Lima da Serra,AP,2026-05-25 01:16:38
FLOW-0000004166,POL-00000413,CLM-00000521,REFUND,CREDIT_CARD,PROCESSED,2026-01-01,2026-01-01,6165.5,6165.5,BRL,291.357.608-77,Casa Grande,Abreu da Prata,DF,2026-05-25 01:16:38
FLOW-0000004167,POL-00000485,CLM-00000422,REFUND,PIX,FAILED,2025-03-08,2025-03-13,21181.39,0.0,BRL,741.982.053-88,Campos Martins S/A,Cirino,PI,2026-05-25 01:16:38
FLOW-0000004168,POL-00000305,CLM-00000498,COMMISSION,BANK_TRANSFER,FAILED,2025-04-15,2025-04-17,14363.23,0.0,BRL,374.850.219-23,Aparecida,Sales da Serra,RS,2026-05-25 01:16:38
FLOW-0000004169,POL-00000384,CLM-00000589,CLAIM_PAYMENT,BANK_TRANSFER,CANCELLED,2025-05-29,2025-05-30,2656.96,2656.96,BRL,159.073.684-20,Cardoso,Cassiano,RR,2026-05-25 01:16:38
FLOW-0000004170,POL-00000132,CLM-00000614,REINSURANCE,BANK_TRANSFER,PENDING,2024-11-24,2024-11-29,6981.02,6981.02,BRL,049.713.865-48,Pereira,Nascimento de Goiás,SE,2026-05-25 01:16:38
FLOW-0000004171,POL-00000417,CLM-00000322,CANCELLATION,PIX,FAILED,2024-08-28,2024-08-31,907.82,0.0,BRL,986.243.501-15,Almeida,Montenegro,PA,2026-05-25 01:16:38
FLOW-0000004172,POL-00000074,CLM-00000844,CANCELLATION,DEBIT,PROCESSED,2025-05-14,2025-05-16,14950.52,14950.52,BRL,980.123.456-33,Rios S/A,Castro,MT,2026-05-25 01:16:38
FLOW-0000004173,POL-00000382,CLM-00000228,CLAIM_PAYMENT,BANK_TRANSFER,PROCESSED,2025-02-28,2025-03-03,7450.14,7450.14,BRL,217.540.896-58,Farias S/A,Castro,AP,2026-05-25 01:16:38
FLOW-0000004174,POL-00000052,CLM-00000161,PREMIUM_PAYMENT,BANK_TRANSFER,PROCESSED,2025-06-04,2025-06-06,22335.05,22335.05,BRL,593.408.172-14,Cavalcanti S/A,Cunha,ES,2026-05-25 01:16:38
FLOW-0000004175,POL-00000339,CLM-00000888,REINSURANCE,PIX,PENDING,2024-11-11,2024-11-15,17612.02,17612.02,BRL,751.628.943-46,Lopes,Nogueira,RN,2026-05-25 01:16:38
FLOW-0000004176,POL-00000117,CLM-00000258,REINSURANCE,PIX,FAILED,2025-01-27,2025-01-29,15417.15,0.0,BRL,018.374.659-75,Fogaça Souza Ltda.,da Mata Verde,CE,2026-05-25 01:16:38
FLOW-0000004177,POL-00000224,CLM-00000760,CLAIM_PAYMENT,BANK_SLIP,CANCELLED,2026-02-24,2026-02-24,17510.09,17510.09,BRL,370.289.564-74,Cassiano,Castro,RR,2026-05-25 01:16:38
FLOW-0000004178,POL-00000481,CLM-00000510,REINSURANCE,CREDIT_CARD,FAILED,2026-03-22,2026-03-23,22745.0,0.0,BRL,093.621.457-07,Fernandes,da Costa das Pedras,AP,2026-05-25 01:16:38
FLOW-0000004179,POL-00000175,CLM-00000408,CANCELLATION,DEBIT,PROCESSED,2025-10-25,2025-10-26,20676.44,20676.44,BRL,265.718.430-80,das Neves Ltda.,Marques,RJ,2026-05-25 01:16:38
FLOW-0000004180,POL-00000434,CLM-00000526,REFUND,BANK_TRANSFER,PENDING,2025-11-01,2025-11-06,12625.19,12625.19,BRL,801.326.945-06,da Conceição Barros S/A,Correia,AP,2026-05-25 01:16:38
FLOW-0000004181,POL-00000231,CLM-00000539,CLAIM_PAYMENT,BANK_TRANSFER,PROCESSED,2025-08-14,2025-08-18,3576.53,3576.53,BRL,862.037.941-04,Gomes Borges - EI,Sales,MS,2026-05-25 01:16:38
FLOW-0000004182,POL-00000035,CLM-00000398,COMMISSION,BANK_TRANSFER,FAILED,2025-09-30,2025-10-05,12102.82,0.0,BRL,716.538.029-95,Farias S/A,Silveira,RR,2026-05-25 01:16:38
FLOW-0000004183,POL-00000358,CLM-00000741,PREMIUM_PAYMENT,CREDIT_CARD,PROCESSED,2025-02-04,2025-02-04,9641.27,9641.27,BRL,028.946.375-00,Moreira Monteiro Ltda.,Casa Grande de Almeida,MG,2026-05-25 01:16:38
FLOW-0000004184,POL-00000240,CLM-00000766,REFUND,BANK_TRANSFER,FAILED,2026-02-21,2026-02-25,16078.72,0.0,BRL,280.549.371-05,Aparecida,Vieira do Galho,DF,2026-05-25 01:16:38
FLOW-0000004185,POL-00000013,CLM-00000772,COMMISSION,CREDIT_CARD,CANCELLED,2026-03-11,2026-03-15,13435.18,13435.18,BRL,965.418.732-91,Guerra,Pimenta de da Paz,AP,2026-05-25 01:16:38
FLOW-0000004186,POL-00000291,CLM-00000794,REFUND,DEBIT,FAILED,2025-09-29,2025-10-03,10738.11,0.0,BRL,981.425.307-32,Lima Câmara S.A.,Souza da Praia,RR,2026-05-25 01:16:38
FLOW-0000004187,POL-00000498,CLM-00000004,REINSURANCE,BANK_TRANSFER,PROCESSED,2025-05-07,2025-05-08,22095.67,22095.67,BRL,860.437.912-69,Farias,Cavalcanti da Serra,PR,2026-05-25 01:16:38
FLOW-0000004188,POL-00000026,CLM-00000860,REFUND,BANK_TRANSFER,PENDING,2024-10-18,2024-10-21,3896.42,3896.42,BRL,936.705.284-74,Sampaio e Filhos,Pimenta de Jesus,SP,2026-05-25 01:16:38
FLOW-0000004189,POL-00000043,CLM-00000394,CLAIM_PAYMENT,DEBIT,CANCELLED,2026-05-10,2026-05-10,14369.56,14369.56,BRL,584.723.619-00,Azevedo,Brito,AM,2026-05-25 01:16:38
FLOW-0000004190,POL-00000183,CLM-00000923,REFUND,CREDIT_CARD,FAILED,2024-07-17,2024-07-18,234.85,0.0,BRL,208.463.597-74,da Mata,Gonçalves das Flores,ES,2026-05-25 01:16:38
FLOW-0000004191,POL-00000487,CLM-00000285,REINSURANCE,CREDIT_CARD,CANCELLED,2025-05-28,2025-06-02,11267.98,11267.98,BRL,734.061.859-75,Jesus,Pinto da Serra,DF,2026-05-25 01:16:38
FLOW-0000004192,POL-00000166,CLM-00000336,REINSURANCE,CREDIT_CARD,CANCELLED,2024-07-09,2024-07-12,16654.47,16654.47,BRL,493.085.216-15,Ramos,da Conceição de Melo,MG,2026-05-25 01:16:38
FLOW-0000004193,POL-00000241,CLM-00000442,CLAIM_PAYMENT,CREDIT_CARD,FAILED,2025-12-01,2025-12-04,8834.02,0.0,BRL,067.138.459-75,da Mota Ltda.,Caldeira,AC,2026-05-25 01:16:38
FLOW-0000004194,POL-00000173,CLM-00000534,REFUND,DEBIT,CANCELLED,2024-07-02,2024-07-02,220.87,220.87,BRL,947.856.310-66,Vieira,Pereira de Minas,RJ,2026-05-25 01:16:38
FLOW-0000004195,POL-00000183,CLM-00000074,COMMISSION,DEBIT,PENDING,2025-08-26,2025-08-30,21403.11,21403.11,BRL,839.614.570-93,Costela Viana - EI,das Neves,AC,2026-05-25 01:16:38
FLOW-0000004196,POL-00000079,CLM-00000180,COMMISSION,CREDIT_CARD,PENDING,2025-11-21,2025-11-24,8854.86,8854.86,BRL,142.309.875-79,da Rocha Viana - ME,Marques,DF,2026-05-25 01:16:38
FLOW-0000004197,POL-00000478,CLM-00000304,REINSURANCE,PIX,CANCELLED,2025-06-30,2025-07-02,6537.3,6537.3,BRL,067.253.189-59,da Paz - ME,Leão,SP,2026-05-25 01:16:38
FLOW-0000004198,POL-00000271,CLM-00000417,CLAIM_PAYMENT,BANK_TRANSFER,PROCESSED,2025-06-18,2025-06-19,20051.8,20051.8,BRL,865.201.397-77,Novais,Moura do Campo,AC,2026-05-25 01:16:38
FLOW-0000004199,POL-00000421,CLM-00000482,CLAIM_PAYMENT,PIX,FAILED,2025-11-26,2025-11-29,473.86,0.0,BRL,430.625.789-47,da Cruz,Aragão,SC,2026-05-25 01:16:38
FLOW-0000004200,POL-00000210,CLM-00000199,PREMIUM_PAYMENT,PIX,PROCESSED,2024-09-09,2024-09-14,1634.9,1634.9,BRL,589.360.741-48,Albuquerque Sá e Filhos,Ramos do Galho,SP,2026-05-25 01:16:38
FLOW-0000004201,POL-00000470,CLM-00000218,COMMISSION,BANK_TRANSFER,PROCESSED,2026-05-13,2026-05-17,7492.56,7492.56,BRL,417.209.658-11,Ferreira,Mendonça da Praia,MS,2026-05-25 01:16:38
FLOW-0000004202,POL-00000409,CLM-00000711,CLAIM_PAYMENT,CREDIT_CARD,PENDING,2025-06-04,2025-06-09,10309.75,10309.75,BRL,032.865.714-07,Casa Grande,Cunha,AP,2026-05-25 01:16:38
FLOW-0000004203,POL-00000016,CLM-00000624,REINSURANCE,CREDIT_CARD,PROCESSED,2024-08-14,2024-08-19,1260.36,1260.36,BRL,612.507.943-07,Santos,Casa Grande do Oeste,PI,2026-05-25 01:16:38
FLOW-0000004204,POL-00000299,CLM-00000789,COMMISSION,DEBIT,PENDING,2025-04-16,2025-04-21,1775.62,1775.62,BRL,689.154.037-20,Peixoto,Silveira das Flores,TO,2026-05-25 01:16:38
FLOW-0000004205,POL-00000306,CLM-00000497,REINSURANCE,BANK_TRANSFER,CANCELLED,2024-09-28,2024-10-03,1702.03,1702.03,BRL,619.430.287-96,da Rocha,Costela,PI,2026-05-25 01:16:38
FLOW-0000004206,POL-00000079,CLM-00000569,COMMISSION,CREDIT_CARD,FAILED,2025-09-06,2025-09-09,3416.49,0.0,BRL,620.941.857-02,da Mota,Abreu,AL,2026-05-25 01:16:38
FLOW-0000004207,POL-00000270,CLM-00000014,REFUND,CREDIT_CARD,FAILED,2024-08-30,2024-08-30,5283.14,0.0,BRL,730.651.824-08,da Conceição,Vargas,AP,2026-05-25 01:16:38
FLOW-0000004208,POL-00000182,CLM-00000772,REFUND,DEBIT,PROCESSED,2025-10-12,2025-10-14,22863.61,22863.61,BRL,378.496.251-37,Nascimento S/A,Caldeira,RN,2026-05-25 01:16:38
FLOW-0000004209,POL-00000294,CLM-00000330,REINSURANCE,DEBIT,PENDING,2024-08-04,2024-08-09,12328.97,12328.97,BRL,567.201.983-86,Silveira e Filhos,Moura da Praia,SE,2026-05-25 01:16:38
FLOW-0000004210,POL-00000347,CLM-00000020,CLAIM_PAYMENT,CREDIT_CARD,FAILED,2026-01-31,2026-02-05,15997.0,0.0,BRL,280.654.931-06,Lima,Oliveira,SE,2026-05-25 01:16:38
FLOW-0000004211,POL-00000072,CLM-00000674,REINSURANCE,DEBIT,PENDING,2026-04-10,2026-04-14,20718.26,20718.26,BRL,394.701.285-32,Moreira,Ramos,MG,2026-05-25 01:16:38
FLOW-0000004212,POL-00000139,CLM-00000151,REINSURANCE,PIX,FAILED,2024-07-27,2024-07-27,4256.22,0.0,BRL,530.864.219-24,Lima Dias S/A,Sales de Pimenta,SC,2026-05-25 01:16:38
FLOW-0000004213,POL-00000171,CLM-00000534,COMMISSION,CREDIT_CARD,PROCESSED,2025-07-30,2025-07-31,24237.7,24237.7,BRL,239.750.468-56,Correia,Cavalcante do Galho,PR,2026-05-25 01:16:38
FLOW-0000004214,POL-00000098,CLM-00000865,PREMIUM_PAYMENT,CREDIT_CARD,CANCELLED,2025-07-05,2025-07-09,21046.22,21046.22,BRL,934.280.617-13,Teixeira da Mata - ME,Andrade das Flores,RO,2026-05-25 01:16:38
FLOW-0000004215,POL-00000341,CLM-00000471,PREMIUM_PAYMENT,DEBIT,CANCELLED,2024-08-19,2024-08-20,1069.68,1069.68,BRL,067.814.592-01,Sousa - ME,da Rosa,AL,2026-05-25 01:16:38
FLOW-0000004216,POL-00000313,CLM-00000375,REFUND,PIX,FAILED,2024-09-25,2024-09-27,13338.13,0.0,BRL,901.643.728-22,Câmara Moura e Filhos,Novaes da Praia,RR,2026-05-25 01:16:38
FLOW-0000004217,POL-00000378,CLM-00000274,REINSURANCE,BANK_TRANSFER,CANCELLED,2025-01-20,2025-01-25,7753.63,7753.63,BRL,463.928.175-73,Pires Ltda.,Pereira Grande,MG,2026-05-25 01:16:38
FLOW-0000004218,POL-00000430,CLM-00000621,PREMIUM_PAYMENT,CREDIT_CARD,PROCESSED,2024-12-04,2024-12-09,4016.22,4016.22,BRL,082.961.543-15,Lima Peixoto e Filhos,Gonçalves,RO,2026-05-25 01:16:38
FLOW-0000004219,POL-00000055,CLM-00000585,REFUND,DEBIT,FAILED,2026-04-02,2026-04-07,13023.99,0.0,BRL,548.962.370-56,Silveira Ramos Ltda.,Rezende de Minas,TO,2026-05-25 01:16:38
FLOW-0000004220,POL-00000498,CLM-00000913,CLAIM_PAYMENT,DEBIT,PROCESSED,2025-12-30,2025-12-31,6155.08,6155.08,BRL,305.182.964-15,Cassiano - EI,Garcia do Galho,RR,2026-05-25 01:16:38
FLOW-0000004221,POL-00000367,CLM-00000638,COMMISSION,CREDIT_CARD,CANCELLED,2025-10-21,2025-10-21,18433.88,18433.88,BRL,340.687.251-44,Sá - EI,da Conceição,PA,2026-05-25 01:16:38
FLOW-0000004222,POL-00000476,CLM-00000529,REFUND,BANK_SLIP,FAILED,2025-04-16,2025-04-17,11508.2,0.0,BRL,258.461.370-08,da Paz Moraes - EI,Silva de da Luz,AM,2026-05-25 01:16:38
FLOW-0000004223,POL-00000359,CLM-00000003,REFUND,DEBIT,PROCESSED,2025-05-02,2025-05-02,21240.2,21240.2,BRL,285.741.906-67,Moreira - ME,Jesus,RS,2026-05-25 01:16:38
FLOW-0000004224,POL-00000337,CLM-00000990,REINSURANCE,PIX,PROCESSED,2026-02-25,2026-02-28,4585.74,4585.74,BRL,425.608.391-05,Aragão Fonseca - ME,Almeida,GO,2026-05-25 01:16:38
FLOW-0000004225,POL-00000240,CLM-00000554,REINSURANCE,BANK_TRANSFER,PENDING,2024-11-13,2024-11-15,2352.2,2352.2,BRL,512.403.679-61,Nogueira,Novaes,MA,2026-05-25 01:16:38
FLOW-0000004226,POL-00000422,CLM-00000371,CLAIM_PAYMENT,CREDIT_CARD,CANCELLED,2024-12-11,2024-12-12,7407.78,7407.78,BRL,207.146.835-07,da Luz Costela - ME,Dias,CE,2026-05-25 01:16:38
FLOW-0000004227,POL-00000478,CLM-00000431,REINSURANCE,BANK_SLIP,PENDING,2025-07-01,2025-07-05,7844.61,7844.61,BRL,345.162.708-62,das Neves,Silveira do Sul,MA,2026-05-25 01:16:38
FLOW-0000004228,POL-00000113,CLM-00000670,CANCELLATION,DEBIT,PROCESSED,2024-06-26,2024-06-27,3381.26,3381.26,BRL,795.304.628-83,Cassiano,Porto do Amparo,TO,2026-05-25 01:16:38
FLOW-0000004229,POL-00000078,CLM-00000906,REINSURANCE,BANK_SLIP,PENDING,2025-01-21,2025-01-21,11285.23,11285.23,BRL,920.763.541-07,Pereira,Garcia de Minas,RJ,2026-05-25 01:16:38
FLOW-0000004230,POL-00000019,CLM-00000726,REINSURANCE,DEBIT,PENDING,2026-04-17,2026-04-18,11814.58,11814.58,BRL,165.308.794-39,Guerra,Martins de Minas,PR,2026-05-25 01:16:38
FLOW-0000004231,POL-00000029,CLM-00000688,CANCELLATION,BANK_TRANSFER,CANCELLED,2025-07-03,2025-07-05,20606.86,20606.86,BRL,267.045.319-80,Teixeira,Siqueira da Serra,AC,2026-05-25 01:16:38
FLOW-0000004232,POL-00000361,CLM-00000266,REFUND,PIX,FAILED,2025-01-24,2025-01-26,20257.5,0.0,BRL,831.765.409-57,Costela S/A,Santos,AM,2026-05-25 01:16:38
FLOW-0000004233,POL-00000161,CLM-00000322,REFUND,BANK_SLIP,CANCELLED,2025-11-15,2025-11-20,19786.99,19786.99,BRL,178.692.540-02,Fogaça,Rocha de Dias,PI,2026-05-25 01:16:38
FLOW-0000004234,POL-00000432,CLM-00000464,REINSURANCE,BANK_SLIP,PENDING,2026-04-09,2026-04-13,13144.54,13144.54,BRL,201.497.865-49,Barros,Brito do Oeste,PE,2026-05-25 01:16:38
FLOW-0000004235,POL-00000165,CLM-00000506,COMMISSION,BANK_TRANSFER,PENDING,2025-10-10,2025-10-13,12879.0,12879.0,BRL,054.913.672-06,Casa Grande,Moura Alegre,AP,2026-05-25 01:16:38
FLOW-0000004236,POL-00000262,CLM-00000624,COMMISSION,DEBIT,FAILED,2026-01-07,2026-01-07,13967.77,0.0,BRL,270.654.318-35,Cardoso,Jesus,AC,2026-05-25 01:16:38
FLOW-0000004237,POL-00000259,CLM-00000270,REINSURANCE,BANK_TRANSFER,PROCESSED,2024-09-02,2024-09-03,10154.43,10154.43,BRL,513.480.697-75,Vieira Souza - EI,Alves,DF,2026-05-25 01:16:38
FLOW-0000004238,POL-00000441,CLM-00000160,CLAIM_PAYMENT,PIX,PENDING,2026-05-06,2026-05-10,11110.18,11110.18,BRL,763.294.580-65,Casa Grande S/A,Pacheco,AL,2026-05-25 01:16:38
FLOW-0000004239,POL-00000122,CLM-00000608,PREMIUM_PAYMENT,DEBIT,PROCESSED,2026-04-11,2026-04-16,12000.72,12000.72,BRL,127.450.638-71,Nascimento Ltda.,Montenegro do Galho,RJ,2026-05-25 01:16:38
FLOW-0000004240,POL-00000324,CLM-00000871,PREMIUM_PAYMENT,CREDIT_CARD,PENDING,2025-03-10,2025-03-15,2763.92,2763.92,BRL,028.649.357-83,Gonçalves Ltda.,Cirino de Gomes,AL,2026-05-25 01:16:38
FLOW-0000004241,POL-00000080,CLM-00000951,REINSURANCE,BANK_TRANSFER,PENDING,2025-06-11,2025-06-16,2250.98,2250.98,BRL,620.375.981-30,Duarte,Fogaça,RR,2026-05-25 01:16:38
FLOW-0000004242,POL-00000434,CLM-00000672,REINSURANCE,PIX,CANCELLED,2025-04-18,2025-04-23,19738.34,19738.34,BRL,057.623.418-44,Caldeira,Rios,GO,2026-05-25 01:16:38
FLOW-0000004243,POL-00000004,CLM-00000938,PREMIUM_PAYMENT,DEBIT,CANCELLED,2024-07-17,2024-07-21,19187.05,19187.05,BRL,127.593.608-30,Martins,Rocha de Peixoto,AC,2026-05-25 01:16:38
FLOW-0000004244,POL-00000448,CLM-00000122,REINSURANCE,PIX,PENDING,2026-04-11,2026-04-14,17895.95,17895.95,BRL,620.135.749-16,Pinto Nogueira S/A,Rocha,DF,2026-05-25 01:16:38
FLOW-0000004245,POL-00000400,CLM-00000151,CLAIM_PAYMENT,BANK_TRANSFER,CANCELLED,2024-12-22,2024-12-25,14674.1,14674.1,BRL,652.483.910-24,Vasconcelos,Gonçalves,RS,2026-05-25 01:16:38
FLOW-0000004246,POL-00000115,CLM-00000282,REINSURANCE,BANK_TRANSFER,PROCESSED,2025-03-17,2025-03-21,3642.26,3642.26,BRL,560.127.394-43,Teixeira,Abreu de Silveira,PI,2026-05-25 01:16:38
FLOW-0000004247,POL-00000312,CLM-00000924,REFUND,DEBIT,FAILED,2025-11-29,2025-12-04,23245.94,0.0,BRL,128.649.053-70,da Mota,Almeida,RS,2026-05-25 01:16:38
FLOW-0000004248,POL-00000216,CLM-00000503,COMMISSION,CREDIT_CARD,PENDING,2025-04-16,2025-04-16,6103.13,6103.13,BRL,197.830.564-84,Silveira Rezende - ME,Andrade Alegre,RN,2026-05-25 01:16:38
FLOW-0000004249,POL-00000499,CLM-00000196,REFUND,CREDIT_CARD,PROCESSED,2024-10-31,2024-11-03,12800.26,12800.26,BRL,180.759.642-76,Nunes S.A.,Cirino Verde,RJ,2026-05-25 01:16:38
FLOW-0000004250,POL-00000227,CLM-00000242,PREMIUM_PAYMENT,PIX,CANCELLED,2025-12-04,2025-12-06,17278.4,17278.4,BRL,754.382.196-64,Souza Jesus S/A,Garcia,PA,2026-05-25 01:16:38
FLOW-0000004251,POL-00000052,CLM-00000331,CANCELLATION,CREDIT_CARD,PROCESSED,2024-12-31,2025-01-01,21004.62,21004.62,BRL,210.934.586-15,Machado S/A,Monteiro,SP,2026-05-25 01:16:38
FLOW-0000004252,POL-00000226,CLM-00000693,CANCELLATION,PIX,FAILED,2024-06-13,2024-06-15,15821.53,0.0,BRL,593.472.018-04,Costa - EI,Dias de Cirino,GO,2026-05-25 01:16:38
FLOW-0000004253,POL-00000317,CLM-00000618,PREMIUM_PAYMENT,BANK_SLIP,CANCELLED,2025-08-14,2025-08-16,3218.11,3218.11,BRL,394.216.507-43,Novaes Ribeiro Ltda.,das Neves,MS,2026-05-25 01:16:38
FLOW-0000004254,POL-00000023,CLM-00000319,COMMISSION,CREDIT_CARD,FAILED,2024-09-17,2024-09-21,6882.52,0.0,BRL,973.208.145-79,Costa - ME,Sales do Campo,CE,2026-05-25 01:16:38
FLOW-0000004255,POL-00000160,CLM-00000066,PREMIUM_PAYMENT,CREDIT_CARD,PENDING,2026-05-03,2026-05-07,13458.0,13458.0,BRL,813.602.459-60,Caldeira Camargo Ltda.,Gomes,SC,2026-05-25 01:16:38
FLOW-0000004256,POL-00000386,CLM-00000157,CANCELLATION,BANK_SLIP,PENDING,2025-08-18,2025-08-21,23776.8,23776.8,BRL,743.219.065-80,Pimenta - EI,da Cunha de Machado,AL,2026-05-25 01:16:38
FLOW-0000004257,POL-00000206,CLM-00000549,PREMIUM_PAYMENT,DEBIT,PROCESSED,2026-03-02,2026-03-07,19842.31,19842.31,BRL,502.193.746-43,da Conceição,da Rocha do Galho,MG,2026-05-25 01:16:38
FLOW-0000004258,POL-00000381,CLM-00000039,REFUND,BANK_TRANSFER,PENDING,2024-08-11,2024-08-11,8141.27,8141.27,BRL,643.052.917-70,da Rocha Macedo - ME,Santos,SP,2026-05-25 01:16:38
FLOW-0000004259,POL-00000276,CLM-00000055,REFUND,BANK_SLIP,CANCELLED,2024-09-24,2024-09-29,10975.87,10975.87,BRL,047.192.685-01,Carvalho Ltda.,Ramos,SC,2026-05-25 01:16:38
FLOW-0000004260,POL-00000183,CLM-00000437,COMMISSION,BANK_TRANSFER,FAILED,2025-01-14,2025-01-15,15988.3,0.0,BRL,186.034.527-17,Câmara Gonçalves Ltda.,Andrade de Pereira,MT,2026-05-25 01:16:38
FLOW-0000004261,POL-00000013,CLM-00000937,REFUND,BANK_SLIP,FAILED,2025-01-04,2025-01-06,6621.94,0.0,BRL,352.798.016-40,da Cunha,Sá do Oeste,BA,2026-05-25 01:16:38
FLOW-0000004262,POL-00000417,CLM-00000023,REFUND,PIX,FAILED,2025-04-14,2025-04-17,18154.45,0.0,BRL,650.429.138-15,Vasconcelos,Aparecida Verde,RN,2026-05-25 01:16:38
FLOW-0000004263,POL-00000246,CLM-00000224,CLAIM_PAYMENT,DEBIT,FAILED,2025-03-08,2025-03-11,5487.33,0.0,BRL,954.182.603-24,Vargas,Moura,GO,2026-05-25 01:16:38
FLOW-0000004264,POL-00000299,CLM-00000968,PREMIUM_PAYMENT,DEBIT,FAILED,2026-03-21,2026-03-25,16564.53,0.0,BRL,685.179.023-86,Barros,Monteiro,AP,2026-05-25 01:16:38
FLOW-0000004265,POL-00000340,CLM-00000450,CLAIM_PAYMENT,BANK_SLIP,PROCESSED,2024-10-06,2024-10-08,11352.5,11352.5,BRL,723.601.495-80,Marques,Rodrigues,SE,2026-05-25 01:16:38
FLOW-0000004266,POL-00000364,CLM-00000039,REINSURANCE,BANK_SLIP,PROCESSED,2025-03-09,2025-03-09,12750.65,12750.65,BRL,163.794.250-80,Pinto S.A.,da Luz de Goiás,SE,2026-05-25 01:16:38
FLOW-0000004267,POL-00000472,CLM-00000723,COMMISSION,CREDIT_CARD,FAILED,2024-12-16,2024-12-20,20755.17,0.0,BRL,467.058.319-01,da Paz,Costa,ES,2026-05-25 01:16:38
FLOW-0000004268,POL-00000090,CLM-00000308,CLAIM_PAYMENT,PIX,PROCESSED,2025-05-28,2025-06-02,4133.75,4133.75,BRL,905.147.682-58,Machado,Cirino,TO,2026-05-25 01:16:38
FLOW-0000004269,POL-00000036,CLM-00000564,CANCELLATION,CREDIT_CARD,FAILED,2026-03-30,2026-04-02,21370.68,0.0,BRL,340.819.625-70,Marques Mendes e Filhos,Novais do Norte,PA,2026-05-25 01:16:38
FLOW-0000004270,POL-00000299,CLM-00000444,REINSURANCE,DEBIT,PROCESSED,2024-08-22,2024-08-27,18484.71,18484.71,BRL,012.865.734-08,Farias Rodrigues S/A,Freitas de Sá,AC,2026-05-25 01:16:38
FLOW-0000004271,POL-00000150,CLM-00000814,CLAIM_PAYMENT,DEBIT,FAILED,2024-11-16,2024-11-16,23671.02,0.0,BRL,704.983.125-50,Guerra,Martins do Galho,RN,2026-05-25 01:16:38
FLOW-0000004272,POL-00000373,CLM-00000126,REFUND,CREDIT_CARD,PROCESSED,2024-06-22,2024-06-25,17740.02,17740.02,BRL,037.645.892-56,Caldeira - ME,Garcia de Machado,TO,2026-05-25 01:16:38
FLOW-0000004273,POL-00000333,CLM-00000085,COMMISSION,DEBIT,FAILED,2025-06-07,2025-06-12,15823.13,0.0,BRL,314.920.786-03,Ferreira,Silva,AP,2026-05-25 01:16:38
FLOW-0000004274,POL-00000218,CLM-00000066,REINSURANCE,DEBIT,PENDING,2024-09-11,2024-09-13,18531.06,18531.06,BRL,206.849.573-29,Gomes,Novais do Amparo,MS,2026-05-25 01:16:38
FLOW-0000004275,POL-00000040,CLM-00000526,CLAIM_PAYMENT,PIX,PROCESSED,2026-03-27,2026-03-27,8449.92,8449.92,BRL,710.623.954-25,Montenegro - EI,Costa das Pedras,TO,2026-05-25 01:16:38
FLOW-0000004276,POL-00000457,CLM-00000102,PREMIUM_PAYMENT,BANK_SLIP,FAILED,2024-10-06,2024-10-09,14135.37,0.0,BRL,569.317.482-46,da Costa S.A.,Pacheco,TO,2026-05-25 01:16:38
FLOW-0000004277,POL-00000198,CLM-00000716,CANCELLATION,PIX,CANCELLED,2025-02-09,2025-02-11,20952.54,20952.54,BRL,861.452.379-37,Freitas,Siqueira do Sul,PR,2026-05-25 01:16:38
FLOW-0000004278,POL-00000356,CLM-00000499,REINSURANCE,DEBIT,PROCESSED,2025-03-24,2025-03-29,14790.43,14790.43,BRL,741.562.089-58,da Conceição,Souza,GO,2026-05-25 01:16:38
FLOW-0000004279,POL-00000275,CLM-00000415,CLAIM_PAYMENT,CREDIT_CARD,PROCESSED,2025-05-03,2025-05-05,694.47,694.47,BRL,627.350.841-08,Garcia,Ribeiro do Norte,RR,2026-05-25 01:16:38
FLOW-0000004280,POL-00000395,CLM-00000957,CLAIM_PAYMENT,PIX,PROCESSED,2024-12-27,2025-01-01,15941.2,15941.2,BRL,965.137.428-46,Farias,Correia,PA,2026-05-25 01:16:38
FLOW-0000004281,POL-00000497,CLM-00000956,CANCELLATION,PIX,FAILED,2026-05-17,2026-05-18,10647.57,0.0,BRL,145.683.209-33,Cassiano e Filhos,Pastor,MT,2026-05-25 01:16:38
FLOW-0000004282,POL-00000363,CLM-00000839,REINSURANCE,BANK_SLIP,CANCELLED,2026-01-23,2026-01-27,18163.92,18163.92,BRL,307.254.861-71,Campos Novaes Ltda.,Santos de Correia,PE,2026-05-25 01:16:38
FLOW-0000004283,POL-00000194,CLM-00000464,CLAIM_PAYMENT,DEBIT,CANCELLED,2024-12-11,2024-12-11,13967.86,13967.86,BRL,548.906.321-15,da Cruz,Ferreira,CE,2026-05-25 01:16:38
FLOW-0000004284,POL-00000212,CLM-00000446,REFUND,PIX,CANCELLED,2025-08-18,2025-08-18,15014.59,15014.59,BRL,309.648.125-33,Sousa Novaes S/A,Moreira,RN,2026-05-25 01:16:38
FLOW-0000004285,POL-00000469,CLM-00000247,COMMISSION,CREDIT_CARD,CANCELLED,2025-09-13,2025-09-13,3531.77,3531.77,BRL,429.183.650-33,Azevedo Ltda.,Brito de Teixeira,AL,2026-05-25 01:16:38
FLOW-0000004286,POL-00000407,CLM-00000870,PREMIUM_PAYMENT,BANK_SLIP,PROCESSED,2025-11-07,2025-11-08,20292.13,20292.13,BRL,051.437.269-99,Pereira - EI,Silva,MT,2026-05-25 01:16:38
FLOW-0000004287,POL-00000315,CLM-00000603,CLAIM_PAYMENT,BANK_TRANSFER,FAILED,2024-12-20,2024-12-21,17017.23,0.0,BRL,792.834.056-92,Rios,Sampaio,MG,2026-05-25 01:16:38
FLOW-0000004288,POL-00000498,CLM-00000434,CLAIM_PAYMENT,BANK_TRANSFER,CANCELLED,2025-10-16,2025-10-16,1855.64,1855.64,BRL,396.504.278-56,Nogueira - ME,Pastor Alegre,AC,2026-05-25 01:16:38
FLOW-0000004289,POL-00000317,CLM-00000759,REFUND,PIX,FAILED,2026-04-09,2026-04-10,22283.03,0.0,BRL,209.487.516-49,Gonçalves Ltda.,Ramos,ES,2026-05-25 01:16:38
FLOW-0000004290,POL-00000168,CLM-00000154,REFUND,CREDIT_CARD,PENDING,2025-11-05,2025-11-05,11885.11,11885.11,BRL,409.157.682-67,da Mata,Borges de Câmara,CE,2026-05-25 01:16:38
FLOW-0000004291,POL-00000151,CLM-00000028,PREMIUM_PAYMENT,BANK_TRANSFER,FAILED,2024-06-12,2024-06-14,20365.6,0.0,BRL,350.428.976-74,da Paz Rezende S.A.,da Rocha Alegre,PA,2026-05-25 01:16:38
FLOW-0000004292,POL-00000235,CLM-00000312,COMMISSION,DEBIT,PENDING,2025-02-10,2025-02-11,5321.65,5321.65,BRL,046.735.218-62,Caldeira Melo - ME,Aparecida,RR,2026-05-25 01:16:38
FLOW-0000004293,POL-00000445,CLM-00000829,COMMISSION,DEBIT,PROCESSED,2025-08-08,2025-08-10,10885.31,10885.31,BRL,018.739.425-32,Cardoso,Lima,MT,2026-05-25 01:16:38
FLOW-0000004294,POL-00000251,CLM-00000770,REFUND,BANK_SLIP,PROCESSED,2026-01-13,2026-01-13,2795.59,2795.59,BRL,486.790.135-01,Monteiro,Novaes de Fonseca,AC,2026-05-25 01:16:38
FLOW-0000004295,POL-00000377,CLM-00000927,REINSURANCE,DEBIT,FAILED,2025-03-29,2025-04-01,5493.72,0.0,BRL,925.816.403-24,Moura,Borges,PB,2026-05-25 01:16:38
FLOW-0000004296,POL-00000328,CLM-00000188,COMMISSION,DEBIT,PROCESSED,2025-01-30,2025-02-03,15860.96,15860.96,BRL,905.728.164-30,das Neves,Pinto,CE,2026-05-25 01:16:38
FLOW-0000004297,POL-00000153,CLM-00000623,COMMISSION,PIX,PENDING,2026-03-10,2026-03-15,10994.86,10994.86,BRL,637.195.248-09,Cassiano,Souza,PR,2026-05-25 01:16:38
FLOW-0000004298,POL-00000002,CLM-00000997,REINSURANCE,BANK_SLIP,FAILED,2025-04-09,2025-04-09,5447.48,0.0,BRL,561.203.948-42,Araújo Fonseca e Filhos,Machado,RO,2026-05-25 01:16:38
FLOW-0000004299,POL-00000374,CLM-00000740,COMMISSION,BANK_SLIP,PENDING,2025-08-23,2025-08-28,20049.46,20049.46,BRL,247.890.513-23,Jesus,Farias,TO,2026-05-25 01:16:38
FLOW-0000004300,POL-00000449,CLM-00000563,CANCELLATION,DEBIT,FAILED,2024-09-27,2024-09-29,19498.21,0.0,BRL,240.358.961-60,Siqueira Almeida S/A,Barbosa do Amparo,RN,2026-05-25 01:16:38
FLOW-0000004301,POL-00000294,CLM-00000001,REINSURANCE,CREDIT_CARD,PROCESSED,2024-11-09,2024-11-12,3560.01,3560.01,BRL,350.897.261-59,Sampaio Alves S.A.,Azevedo,BA,2026-05-25 01:16:38
FLOW-0000004302,POL-00000130,CLM-00000948,CLAIM_PAYMENT,CREDIT_CARD,PENDING,2025-09-22,2025-09-25,18887.96,18887.96,BRL,576.402.398-00,Porto,Brito do Campo,PI,2026-05-25 01:16:38
FLOW-0000004303,POL-00000192,CLM-00000704,CANCELLATION,DEBIT,PENDING,2024-12-07,2024-12-09,9480.37,9480.37,BRL,965.471.308-00,Melo,Silveira do Norte,AC,2026-05-25 01:16:38
FLOW-0000004304,POL-00000184,CLM-00000096,CLAIM_PAYMENT,PIX,PROCESSED,2026-01-14,2026-01-16,14527.48,14527.48,BRL,897.463.152-00,Aragão,Melo,RN,2026-05-25 01:16:38
FLOW-0000004305,POL-00000270,CLM-00000530,REINSURANCE,DEBIT,CANCELLED,2025-09-21,2025-09-23,17432.22,17432.22,BRL,402.986.573-92,Cassiano S.A.,Fonseca de Araújo,PB,2026-05-25 01:16:38
FLOW-0000004306,POL-00000069,CLM-00000896,CLAIM_PAYMENT,PIX,PENDING,2025-11-07,2025-11-11,20606.29,20606.29,BRL,314.697.208-50,da Cruz Costela S.A.,da Paz de Nunes,RJ,2026-05-25 01:16:38
FLOW-0000004307,POL-00000125,CLM-00000452,COMMISSION,DEBIT,FAILED,2025-06-14,2025-06-16,398.4,0.0,BRL,104.569.378-20,Cassiano,Teixeira de Ferreira,AC,2026-05-25 01:16:38
FLOW-0000004308,POL-00000027,CLM-00000716,PREMIUM_PAYMENT,BANK_TRANSFER,PROCESSED,2024-08-07,2024-08-12,10914.4,10914.4,BRL,419.658.270-20,Novaes Jesus S/A,Borges,PR,2026-05-25 01:16:38
FLOW-0000004309,POL-00000371,CLM-00000714,PREMIUM_PAYMENT,BANK_TRANSFER,PENDING,2024-11-12,2024-11-14,12576.11,12576.11,BRL,791.526.804-01,Cirino,da Conceição,PB,2026-05-25 01:16:38
FLOW-0000004310,POL-00000106,CLM-00000597,PREMIUM_PAYMENT,PIX,FAILED,2024-06-20,2024-06-23,24127.48,0.0,BRL,635.980.741-66,Marques,Dias da Prata,DF,2026-05-25 01:16:38
FLOW-0000004311,POL-00000118,CLM-00000444,PREMIUM_PAYMENT,DEBIT,FAILED,2025-12-05,2025-12-07,2347.88,0.0,BRL,840.325.769-47,Ramos Pastor - EI,da Luz,SP,2026-05-25 01:16:38
FLOW-0000004312,POL-00000484,CLM-00000820,CANCELLATION,PIX,PENDING,2025-02-19,2025-02-23,10343.19,10343.19,BRL,280.365.741-44,Novais,Borges de Gonçalves,RR,2026-05-25 01:16:38
FLOW-0000004313,POL-00000050,CLM-00000047,PREMIUM_PAYMENT,BANK_TRANSFER,CANCELLED,2026-04-01,2026-04-04,19970.87,19970.87,BRL,897.105.346-10,Albuquerque Lopes S/A,Aparecida,RO,2026-05-25 01:16:38
FLOW-0000004314,POL-00000217,CLM-00000309,REINSURANCE,BANK_SLIP,FAILED,2024-08-28,2024-09-02,10164.46,0.0,BRL,538.076.914-48,Andrade Teixeira - EI,Ribeiro de Minas,DF,2026-05-25 01:16:38
FLOW-0000004315,POL-00000329,CLM-00000562,PREMIUM_PAYMENT,PIX,CANCELLED,2024-10-15,2024-10-17,19036.6,19036.6,BRL,054.132.798-41,da Conceição Sales e Filhos,Câmara,MA,2026-05-25 01:16:38
FLOW-0000004316,POL-00000126,CLM-00000947,REINSURANCE,PIX,PROCESSED,2026-05-23,2026-05-24,21599.93,21599.93,BRL,056.842.713-08,Porto,da Mata de Goiás,PI,2026-05-25 01:16:38
FLOW-0000004317,POL-00000007,CLM-00000414,CLAIM_PAYMENT,PIX,PROCESSED,2026-01-20,2026-01-22,23554.54,23554.54,BRL,146.092.758-30,Mendonça e Filhos,da Paz,PI,2026-05-25 01:16:38
FLOW-0000004318,POL-00000491,CLM-00000515,PREMIUM_PAYMENT,DEBIT,PROCESSED,2024-07-04,2024-07-04,4657.92,4657.92,BRL,062.945.187-76,Aragão,Gonçalves,TO,2026-05-25 01:16:38
FLOW-0000004319,POL-00000466,CLM-00000713,CANCELLATION,PIX,FAILED,2025-03-15,2025-03-17,24421.33,0.0,BRL,469.728.013-03,da Rocha Freitas Ltda.,da Rocha,CE,2026-05-25 01:16:38
FLOW-0000004320,POL-00000148,CLM-00000759,CLAIM_PAYMENT,PIX,PROCESSED,2025-10-02,2025-10-07,8194.7,8194.7,BRL,603.285.974-65,Sousa,Pires,PB,2026-05-25 01:16:38
FLOW-0000004321,POL-00000207,CLM-00000419,CLAIM_PAYMENT,DEBIT,PENDING,2026-02-04,2026-02-04,7267.44,7267.44,BRL,691.702.483-03,Pastor Sá Ltda.,da Rosa da Prata,CE,2026-05-25 01:16:38
FLOW-0000004322,POL-00000164,CLM-00000757,PREMIUM_PAYMENT,BANK_TRANSFER,FAILED,2025-10-15,2025-10-15,2622.26,0.0,BRL,321.456.098-06,Campos e Filhos,Camargo,PB,2026-05-25 01:16:38
FLOW-0000004323,POL-00000218,CLM-00000915,PREMIUM_PAYMENT,BANK_SLIP,CANCELLED,2024-12-15,2024-12-19,3584.6,3584.6,BRL,284.510.639-42,Caldeira Ltda.,Pinto de Pereira,SE,2026-05-25 01:16:38
FLOW-0000004324,POL-00000066,CLM-00000139,REINSURANCE,BANK_SLIP,PROCESSED,2024-08-09,2024-08-10,21227.67,21227.67,BRL,547.691.023-99,Peixoto Novais Ltda.,Jesus,AP,2026-05-25 01:16:38
FLOW-0000004325,POL-00000445,CLM-00000602,COMMISSION,BANK_SLIP,PROCESSED,2025-01-29,2025-01-31,982.09,982.09,BRL,725.168.049-11,Câmara Vargas Ltda.,Câmara Grande,SP,2026-05-25 01:16:38
FLOW-0000004326,POL-00000194,CLM-00000144,PREMIUM_PAYMENT,PIX,FAILED,2025-12-03,2025-12-04,16637.74,0.0,BRL,086.943.712-78,Sales - EI,Pastor,RJ,2026-05-25 01:16:38
FLOW-0000004327,POL-00000436,CLM-00000078,CANCELLATION,PIX,PENDING,2025-09-17,2025-09-17,24023.96,24023.96,BRL,861.430.572-90,Vieira,Guerra de Cavalcanti,PI,2026-05-25 01:16:38
FLOW-0000004328,POL-00000115,CLM-00000590,COMMISSION,PIX,PROCESSED,2024-10-31,2024-11-01,6437.85,6437.85,BRL,306.729.418-13,da Costa S/A,Pereira,MA,2026-05-25 01:16:38
FLOW-0000004329,POL-00000093,CLM-00000530,CLAIM_PAYMENT,DEBIT,FAILED,2025-05-14,2025-05-15,5734.23,0.0,BRL,318.096.457-00,Macedo e Filhos,Costa,PA,2026-05-25 01:16:38
FLOW-0000004330,POL-00000376,CLM-00000613,CLAIM_PAYMENT,CREDIT_CARD,PROCESSED,2026-02-23,2026-02-23,19925.35,19925.35,BRL,901.687.352-02,Fogaça,Machado das Pedras,AM,2026-05-25 01:16:38
FLOW-0000004331,POL-00000171,CLM-00000130,REFUND,BANK_SLIP,FAILED,2025-11-10,2025-11-12,20818.48,0.0,BRL,487.921.036-69,das Neves,da Mota das Pedras,SP,2026-05-25 01:16:38
FLOW-0000004332,POL-00000396,CLM-00000824,REFUND,CREDIT_CARD,FAILED,2024-11-17,2024-11-19,4682.48,0.0,BRL,176.859.204-76,Novaes,Mendonça da Praia,AM,2026-05-25 01:16:38
FLOW-0000004333,POL-00000136,CLM-00000598,PREMIUM_PAYMENT,BANK_TRANSFER,PROCESSED,2025-09-09,2025-09-13,11095.82,11095.82,BRL,460.527.893-10,Montenegro Brito e Filhos,Ramos do Sul,CE,2026-05-25 01:16:38
FLOW-0000004334,POL-00000382,CLM-00000056,COMMISSION,BANK_TRANSFER,PROCESSED,2025-12-27,2025-12-30,10763.5,10763.5,BRL,596.470.318-66,Duarte Carvalho S.A.,Alves do Campo,SC,2026-05-25 01:16:38
FLOW-0000004335,POL-00000321,CLM-00000927,REFUND,BANK_SLIP,CANCELLED,2025-03-31,2025-04-02,6225.55,6225.55,BRL,176.023.954-25,Rezende,Moraes de Aragão,MS,2026-05-25 01:16:38
FLOW-0000004336,POL-00000091,CLM-00000637,REINSURANCE,DEBIT,FAILED,2025-07-23,2025-07-25,16563.68,0.0,BRL,436.950.127-06,Carvalho S/A,Sampaio,SP,2026-05-25 01:16:38
FLOW-0000004337,POL-00000353,CLM-00000182,PREMIUM_PAYMENT,DEBIT,FAILED,2025-05-12,2025-05-13,8937.47,0.0,BRL,695.043.718-84,Porto,Câmara do Campo,AL,2026-05-25 01:16:38
FLOW-0000004338,POL-00000137,CLM-00000500,COMMISSION,DEBIT,PENDING,2026-03-14,2026-03-17,9304.61,9304.61,BRL,739.861.450-01,Casa Grande,Nogueira,AL,2026-05-25 01:16:38
FLOW-0000004339,POL-00000318,CLM-00000939,CLAIM_PAYMENT,DEBIT,PENDING,2024-10-01,2024-10-02,9274.81,9274.81,BRL,163.985.402-98,Andrade,da Cunha,RS,2026-05-25 01:16:38
FLOW-0000004340,POL-00000401,CLM-00000379,COMMISSION,BANK_SLIP,CANCELLED,2025-08-20,2025-08-23,7538.65,7538.65,BRL,307.961.854-84,da Mota - EI,Moura,DF,2026-05-25 01:16:38
FLOW-0000004341,POL-00000082,CLM-00000296,REINSURANCE,DEBIT,FAILED,2025-06-12,2025-06-13,10137.78,0.0,BRL,247.836.915-09,Alves,Melo,TO,2026-05-25 01:16:38
FLOW-0000004342,POL-00000369,CLM-00000326,REFUND,BANK_SLIP,CANCELLED,2024-07-07,2024-07-09,23098.91,23098.91,BRL,178.469.235-28,Viana Vasconcelos e Filhos,Aragão,AP,2026-05-25 01:16:38
FLOW-0000004343,POL-00000066,CLM-00000781,REINSURANCE,BANK_TRANSFER,CANCELLED,2026-01-28,2026-01-30,5249.04,5249.04,BRL,576.349.208-00,Macedo da Paz S.A.,Silva da Serra,SE,2026-05-25 01:16:38
FLOW-0000004344,POL-00000079,CLM-00000297,CANCELLATION,BANK_SLIP,PROCESSED,2024-06-13,2024-06-17,22211.25,22211.25,BRL,054.126.978-01,Rodrigues,Nogueira de Ramos,RR,2026-05-25 01:16:38
FLOW-0000004345,POL-00000473,CLM-00000607,REFUND,BANK_SLIP,CANCELLED,2026-01-26,2026-01-31,18886.71,18886.71,BRL,147.083.529-05,Monteiro,Viana,RO,2026-05-25 01:16:38
FLOW-0000004346,POL-00000081,CLM-00000657,REFUND,DEBIT,PENDING,2024-07-15,2024-07-17,2626.28,2626.28,BRL,758.463.201-71,Lopes,Sousa da Prata,AL,2026-05-25 01:16:38
FLOW-0000004347,POL-00000382,CLM-00000641,REFUND,BANK_TRANSFER,PROCESSED,2025-07-03,2025-07-08,17461.16,17461.16,BRL,945.876.310-00,Cavalcante Carvalho Ltda.,Moreira do Norte,MA,2026-05-25 01:16:38
FLOW-0000004348,POL-00000211,CLM-00000562,CLAIM_PAYMENT,CREDIT_CARD,FAILED,2024-09-27,2024-09-28,8133.34,0.0,BRL,439.801.527-23,Rodrigues,Correia de Aparecida,RO,2026-05-25 01:16:38
FLOW-0000004349,POL-00000212,CLM-00000804,CLAIM_PAYMENT,PIX,PENDING,2025-09-30,2025-10-04,18739.62,18739.62,BRL,908.173.645-01,Farias,Camargo de Goiás,AM,2026-05-25 01:16:38
FLOW-0000004350,POL-00000290,CLM-00000482,CLAIM_PAYMENT,BANK_TRANSFER,FAILED,2025-01-27,2025-01-30,18281.69,0.0,BRL,846.307.152-07,Rodrigues,da Rocha,AL,2026-05-25 01:16:38
FLOW-0000004351,POL-00000213,CLM-00000099,REINSURANCE,CREDIT_CARD,PENDING,2024-10-06,2024-10-11,5947.29,5947.29,BRL,971.235.860-77,Rocha - ME,Moraes de Siqueira,SC,2026-05-25 01:16:38
FLOW-0000004352,POL-00000052,CLM-00000404,REINSURANCE,BANK_TRANSFER,PENDING,2025-09-04,2025-09-05,16861.58,16861.58,BRL,185.207.639-95,Silveira - ME,Duarte do Oeste,MA,2026-05-25 01:16:38
FLOW-0000004353,POL-00000015,CLM-00000251,REFUND,PIX,PENDING,2025-07-06,2025-07-11,4958.52,4958.52,BRL,258.036.917-12,Caldeira,Ferreira,AM,2026-05-25 01:16:38
FLOW-0000004354,POL-00000195,CLM-00000061,REFUND,DEBIT,PROCESSED,2025-02-25,2025-02-28,20169.76,20169.76,BRL,982.607.513-21,Castro,da Mata do Amparo,MA,2026-05-25 01:16:38
FLOW-0000004355,POL-00000141,CLM-00000550,PREMIUM_PAYMENT,BANK_TRANSFER,PENDING,2025-07-08,2025-07-13,4192.85,4192.85,BRL,780.169.543-75,Santos,Jesus de Goiás,MS,2026-05-25 01:16:38
FLOW-0000004356,POL-00000285,CLM-00000918,REINSURANCE,BANK_SLIP,PENDING,2024-08-18,2024-08-21,20372.23,20372.23,BRL,360.175.892-02,Cardoso Vargas S.A.,Câmara do Sul,AL,2026-05-25 01:16:38
FLOW-0000004357,POL-00000061,CLM-00000135,REINSURANCE,PIX,PROCESSED,2026-05-19,2026-05-22,18311.29,18311.29,BRL,475.021.986-01,Mendonça,Nunes das Flores,CE,2026-05-25 01:16:38
FLOW-0000004358,POL-00000401,CLM-00000792,CLAIM_PAYMENT,DEBIT,FAILED,2025-11-09,2025-11-11,9985.89,0.0,BRL,792.450.683-74,Moura - EI,Rezende da Mata,AC,2026-05-25 01:16:38
FLOW-0000004359,POL-00000430,CLM-00000148,CANCELLATION,BANK_TRANSFER,FAILED,2026-04-25,2026-04-28,4639.39,0.0,BRL,631.879.504-93,Cardoso,Vargas,TO,2026-05-25 01:16:38
FLOW-0000004360,POL-00000177,CLM-00000769,CANCELLATION,DEBIT,FAILED,2025-09-18,2025-09-23,4152.97,0.0,BRL,943.276.501-61,Silveira S.A.,Freitas de Costela,MG,2026-05-25 01:16:38
FLOW-0000004361,POL-00000236,CLM-00000143,CLAIM_PAYMENT,BANK_TRANSFER,PENDING,2026-05-18,2026-05-19,22933.17,22933.17,BRL,871.503.496-84,Sá - EI,da Rosa,SP,2026-05-25 01:16:38
FLOW-0000004362,POL-00000111,CLM-00000405,COMMISSION,BANK_TRANSFER,PENDING,2024-08-27,2024-08-31,15783.7,15783.7,BRL,432.086.157-44,Fonseca S.A.,Alves da Praia,PI,2026-05-25 01:16:38
FLOW-0000004363,POL-00000342,CLM-00000113,CANCELLATION,BANK_SLIP,PENDING,2025-06-07,2025-06-09,12665.4,12665.4,BRL,786.412.095-49,Rodrigues,Lima de Goiás,PB,2026-05-25 01:16:38
FLOW-0000004364,POL-00000291,CLM-00000472,REFUND,PIX,FAILED,2026-03-12,2026-03-17,10369.61,0.0,BRL,951.287.034-79,Sales da Rocha - EI,Vasconcelos de Minas,TO,2026-05-25 01:16:38
FLOW-0000004365,POL-00000211,CLM-00000699,CANCELLATION,BANK_TRANSFER,PENDING,2025-12-03,2025-12-07,10279.45,10279.45,BRL,403.192.856-42,Porto da Costa S.A.,Machado de Ramos,RN,2026-05-25 01:16:38
FLOW-0000004366,POL-00000017,CLM-00000108,CLAIM_PAYMENT,DEBIT,PENDING,2026-02-17,2026-02-18,5500.35,5500.35,BRL,836.079.512-68,das Neves,das Neves,SP,2026-05-25 01:16:38
FLOW-0000004367,POL-00000059,CLM-00000411,REINSURANCE,BANK_SLIP,PENDING,2024-08-07,2024-08-07,4286.72,4286.72,BRL,148.692.035-70,da Mata e Filhos,Caldeira,AM,2026-05-25 01:16:38
FLOW-0000004368,POL-00000390,CLM-00000773,CANCELLATION,PIX,PENDING,2024-12-05,2024-12-09,15060.72,15060.72,BRL,209.186.357-21,Brito S.A.,da Rosa,ES,2026-05-25 01:16:38
FLOW-0000004369,POL-00000111,CLM-00000488,COMMISSION,DEBIT,FAILED,2025-10-05,2025-10-06,5699.21,0.0,BRL,067.394.128-04,das Neves Cavalcanti - ME,Fernandes da Mata,AL,2026-05-25 01:16:38
FLOW-0000004370,POL-00000274,CLM-00000814,CLAIM_PAYMENT,PIX,FAILED,2025-01-05,2025-01-08,16436.95,0.0,BRL,806.359.421-51,Duarte e Filhos,Rios,MS,2026-05-25 01:16:38
FLOW-0000004371,POL-00000046,CLM-00000746,REINSURANCE,PIX,FAILED,2024-07-21,2024-07-23,1187.48,0.0,BRL,167.925.408-11,das Neves Souza e Filhos,Montenegro,RN,2026-05-25 01:16:38
FLOW-0000004372,POL-00000020,CLM-00000076,REFUND,CREDIT_CARD,PROCESSED,2025-03-07,2025-03-07,21631.13,21631.13,BRL,659.324.701-43,Sales,Lopes da Serra,AL,2026-05-25 01:16:38
FLOW-0000004373,POL-00000500,CLM-00000290,REFUND,BANK_TRANSFER,PENDING,2024-10-02,2024-10-06,2323.97,2323.97,BRL,760.381.249-69,Cavalcanti,Brito das Flores,PB,2026-05-25 01:16:38
FLOW-0000004374,POL-00000396,CLM-00000026,CANCELLATION,PIX,PENDING,2026-05-11,2026-05-16,17773.91,17773.91,BRL,895.036.271-68,Silveira - ME,da Luz,RN,2026-05-25 01:16:38
FLOW-0000004375,POL-00000078,CLM-00000543,CLAIM_PAYMENT,BANK_TRANSFER,PENDING,2024-09-11,2024-09-13,16421.12,16421.12,BRL,240.156.793-34,Leão,Pires do Campo,MG,2026-05-25 01:16:38
FLOW-0000004376,POL-00000469,CLM-00000558,PREMIUM_PAYMENT,PIX,CANCELLED,2025-06-10,2025-06-13,21337.73,21337.73,BRL,023.845.179-88,Siqueira,Teixeira,AL,2026-05-25 01:16:38
FLOW-0000004377,POL-00000127,CLM-00000299,REINSURANCE,BANK_SLIP,PENDING,2026-03-12,2026-03-17,24122.17,24122.17,BRL,316.472.985-55,Alves,Albuquerque,RR,2026-05-25 01:16:38
FLOW-0000004378,POL-00000257,CLM-00000917,CLAIM_PAYMENT,CREDIT_CARD,FAILED,2025-11-06,2025-11-06,23871.59,0.0,BRL,473.185.269-28,Camargo Brito S.A.,Monteiro,RO,2026-05-25 01:16:38
FLOW-0000004379,POL-00000108,CLM-00000327,CLAIM_PAYMENT,BANK_SLIP,PENDING,2025-07-15,2025-07-17,13860.25,13860.25,BRL,523.908.467-00,Gonçalves - ME,da Cunha do Sul,ES,2026-05-25 01:16:38
FLOW-0000004380,POL-00000290,CLM-00000688,CANCELLATION,PIX,CANCELLED,2024-07-25,2024-07-25,10665.4,10665.4,BRL,493.710.526-43,Azevedo Garcia - ME,Ferreira da Serra,SP,2026-05-25 01:16:38
FLOW-0000004381,POL-00000106,CLM-00000943,REINSURANCE,BANK_TRANSFER,PENDING,2026-01-02,2026-01-05,20941.47,20941.47,BRL,358.460.917-84,Ramos,Ramos,RR,2026-05-25 01:16:38
FLOW-0000004382,POL-00000051,CLM-00000876,COMMISSION,PIX,CANCELLED,2025-04-17,2025-04-20,1516.08,1516.08,BRL,103.856.249-05,Oliveira Almeida - EI,Ramos dos Dourados,TO,2026-05-25 01:16:38
FLOW-0000004383,POL-00000299,CLM-00000699,CLAIM_PAYMENT,CREDIT_CARD,PENDING,2025-11-15,2025-11-18,2944.35,2944.35,BRL,470.158.392-88,Alves S.A.,Silveira,PR,2026-05-25 01:16:38
FLOW-0000004384,POL-00000343,CLM-00000889,COMMISSION,PIX,CANCELLED,2025-10-22,2025-10-22,24909.15,24909.15,BRL,243.710.589-14,Souza,Carvalho de Souza,RO,2026-05-25 01:16:38
FLOW-0000004385,POL-00000149,CLM-00000095,REINSURANCE,PIX,PENDING,2026-01-09,2026-01-10,24267.7,24267.7,BRL,598.231.476-55,Rodrigues - EI,Siqueira,RO,2026-05-25 01:16:38
FLOW-0000004386,POL-00000163,CLM-00000140,REFUND,DEBIT,FAILED,2026-02-23,2026-02-24,21017.55,0.0,BRL,014.879.652-49,Fogaça Monteiro S/A,Rodrigues,SC,2026-05-25 01:16:38
FLOW-0000004387,POL-00000497,CLM-00000447,REINSURANCE,DEBIT,PROCESSED,2025-06-25,2025-06-30,1923.32,1923.32,BRL,370.491.582-32,Teixeira,Fonseca,SE,2026-05-25 01:16:38
FLOW-0000004388,POL-00000441,CLM-00000439,REFUND,BANK_SLIP,FAILED,2026-02-20,2026-02-24,9244.13,0.0,BRL,034.612.985-06,Pereira,Guerra,GO,2026-05-25 01:16:38
FLOW-0000004389,POL-00000020,CLM-00000941,REINSURANCE,DEBIT,PENDING,2025-09-17,2025-09-21,1840.1,1840.1,BRL,325.170.694-25,Barbosa,Garcia de Jesus,AM,2026-05-25 01:16:38
FLOW-0000004390,POL-00000063,CLM-00000802,PREMIUM_PAYMENT,BANK_TRANSFER,CANCELLED,2024-10-06,2024-10-08,15385.92,15385.92,BRL,361.580.429-51,Dias,Barbosa,SP,2026-05-25 01:16:38
FLOW-0000004391,POL-00000061,CLM-00000357,CANCELLATION,CREDIT_CARD,PROCESSED,2025-05-05,2025-05-07,4274.52,4274.52,BRL,932.465.810-70,Santos Caldeira Ltda.,Azevedo,TO,2026-05-25 01:16:38
FLOW-0000004392,POL-00000472,CLM-00000344,CLAIM_PAYMENT,BANK_SLIP,PENDING,2026-02-08,2026-02-08,1949.57,1949.57,BRL,720.431.965-61,Campos Ltda.,Ribeiro,PR,2026-05-25 01:16:38
FLOW-0000004393,POL-00000495,CLM-00000678,REINSURANCE,BANK_SLIP,CANCELLED,2026-02-04,2026-02-06,1332.41,1332.41,BRL,702.165.438-35,Farias Duarte S.A.,Cavalcante,AM,2026-05-25 01:16:38
FLOW-0000004394,POL-00000417,CLM-00000353,REINSURANCE,CREDIT_CARD,FAILED,2025-09-22,2025-09-25,1707.41,0.0,BRL,809.152.734-97,Rezende,Montenegro do Galho,RS,2026-05-25 01:16:38
FLOW-0000004395,POL-00000379,CLM-00000320,CLAIM_PAYMENT,PIX,CANCELLED,2025-11-11,2025-11-12,24958.59,24958.59,BRL,517.902.486-20,Sales,da Paz,PE,2026-05-25 01:16:38
FLOW-0000004396,POL-00000250,CLM-00000738,COMMISSION,PIX,FAILED,2025-07-21,2025-07-21,3516.32,0.0,BRL,692.378.154-09,Nascimento,Leão,SE,2026-05-25 01:16:38
FLOW-0000004397,POL-00000267,CLM-00000539,REINSURANCE,CREDIT_CARD,FAILED,2026-03-11,2026-03-16,11690.29,0.0,BRL,823.706.145-44,Jesus Rodrigues S.A.,Nunes de Minas,GO,2026-05-25 01:16:38
FLOW-0000004398,POL-00000030,CLM-00000032,COMMISSION,CREDIT_CARD,PROCESSED,2025-05-01,2025-05-04,9791.15,9791.15,BRL,231.940.758-88,Silva,da Costa,TO,2026-05-25 01:16:38
FLOW-0000004399,POL-00000222,CLM-00000463,CANCELLATION,CREDIT_CARD,FAILED,2025-09-06,2025-09-06,14791.63,0.0,BRL,739.521.468-46,Pereira,Peixoto,SP,2026-05-25 01:16:38
FLOW-0000004400,POL-00000187,CLM-00000797,CLAIM_PAYMENT,BANK_TRANSFER,FAILED,2025-04-29,2025-05-04,22929.51,0.0,BRL,695.832.174-09,Nogueira,Jesus de Pereira,AL,2026-05-25 01:16:38
FLOW-0000004401,POL-00000327,CLM-00000742,CLAIM_PAYMENT,PIX,CANCELLED,2025-04-14,2025-04-16,22168.49,22168.49,BRL,162.530.487-08,Monteiro Siqueira Ltda.,Teixeira,GO,2026-05-25 01:16:38
FLOW-0000004402,POL-00000390,CLM-00000670,REFUND,CREDIT_CARD,PROCESSED,2026-02-18,2026-02-21,3943.75,3943.75,BRL,026.751.348-80,Silveira - EI,Alves Grande,RO,2026-05-25 01:16:38
FLOW-0000004403,POL-00000448,CLM-00000009,COMMISSION,DEBIT,CANCELLED,2025-11-01,2025-11-04,9205.61,9205.61,BRL,146.872.359-64,Caldeira,da Paz da Praia,PA,2026-05-25 01:16:38
FLOW-0000004404,POL-00000440,CLM-00000670,PREMIUM_PAYMENT,CREDIT_CARD,FAILED,2024-06-02,2024-06-02,16600.25,0.0,BRL,082.539.476-74,Silveira S.A.,Pacheco,RN,2026-05-25 01:16:38
FLOW-0000004405,POL-00000261,CLM-00000664,PREMIUM_PAYMENT,DEBIT,CANCELLED,2024-09-21,2024-09-21,20978.86,20978.86,BRL,523.486.791-91,Ferreira Marques S.A.,Dias,SC,2026-05-25 01:16:38
FLOW-0000004406,POL-00000399,CLM-00000828,CANCELLATION,PIX,CANCELLED,2025-09-27,2025-09-28,6553.89,6553.89,BRL,781.203.459-32,Pimenta,Sales do Galho,ES,2026-05-25 01:16:38
FLOW-0000004407,POL-00000210,CLM-00000555,CANCELLATION,BANK_TRANSFER,CANCELLED,2026-05-07,2026-05-07,135.59,135.59,BRL,651.492.738-64,Peixoto,da Rocha de Garcia,AC,2026-05-25 01:16:38
FLOW-0000004408,POL-00000070,CLM-00000550,PREMIUM_PAYMENT,BANK_SLIP,CANCELLED,2024-11-01,2024-11-01,16824.28,16824.28,BRL,352.149.086-60,Sousa,Marques das Pedras,RO,2026-05-25 01:16:38
FLOW-0000004409,POL-00000257,CLM-00000738,CLAIM_PAYMENT,PIX,PROCESSED,2025-06-01,2025-06-01,11819.22,11819.22,BRL,875.139.624-64,Peixoto,Santos Paulista,SE,2026-05-25 01:16:38
FLOW-0000004410,POL-00000072,CLM-00000235,CANCELLATION,BANK_SLIP,PROCESSED,2024-08-20,2024-08-20,8811.8,8811.8,BRL,921.650.873-68,Silveira Sousa e Filhos,Macedo,SE,2026-05-25 01:16:38
FLOW-0000004411,POL-00000146,CLM-00000014,CLAIM_PAYMENT,BANK_TRANSFER,PROCESSED,2025-01-20,2025-01-24,3744.68,3744.68,BRL,542.896.713-73,da Mata,da Luz de da Cruz,RS,2026-05-25 01:16:38
FLOW-0000004412,POL-00000184,CLM-00000621,CLAIM_PAYMENT,BANK_TRANSFER,PROCESSED,2025-09-15,2025-09-17,11802.51,11802.51,BRL,340.259.178-23,Borges,Dias do Norte,GO,2026-05-25 01:16:38
FLOW-0000004413,POL-00000048,CLM-00000040,PREMIUM_PAYMENT,BANK_TRANSFER,FAILED,2025-09-22,2025-09-26,7464.15,0.0,BRL,485.602.791-30,Borges,da Cruz,RO,2026-05-25 01:16:38
FLOW-0000004414,POL-00000191,CLM-00000912,PREMIUM_PAYMENT,PIX,PROCESSED,2025-10-27,2025-10-29,11336.66,11336.66,BRL,178.046.253-08,Vargas S.A.,Pacheco,CE,2026-05-25 01:16:38
FLOW-0000004415,POL-00000342,CLM-00000031,CLAIM_PAYMENT,CREDIT_CARD,FAILED,2025-01-24,2025-01-29,2930.76,0.0,BRL,271.943.065-06,Silveira,Alves da Mata,RS,2026-05-25 01:16:38
FLOW-0000004416,POL-00000085,CLM-00000785,REFUND,BANK_TRANSFER,PROCESSED,2025-02-10,2025-02-11,8001.18,8001.18,BRL,395.608.724-00,Cavalcanti,Viana do Amparo,BA,2026-05-25 01:16:38
FLOW-0000004417,POL-00000149,CLM-00000121,PREMIUM_PAYMENT,CREDIT_CARD,CANCELLED,2026-02-12,2026-02-16,3324.74,3324.74,BRL,560.473.918-93,Cavalcante - ME,Correia,SP,2026-05-25 01:16:38
FLOW-0000004418,POL-00000269,CLM-00000247,PREMIUM_PAYMENT,PIX,CANCELLED,2025-10-26,2025-10-29,13935.29,13935.29,BRL,635.721.480-90,Rodrigues,Gonçalves,AC,2026-05-25 01:16:38
FLOW-0000004419,POL-00000013,CLM-00000917,PREMIUM_PAYMENT,CREDIT_CARD,PENDING,2024-07-13,2024-07-14,23169.52,23169.52,BRL,654.071.928-02,Vargas Vargas e Filhos,Pastor,SP,2026-05-25 01:16:38
FLOW-0000004420,POL-00000125,CLM-00000309,CANCELLATION,PIX,FAILED,2024-10-09,2024-10-09,15570.39,0.0,BRL,308.917.264-03,Cirino S.A.,Moraes,CE,2026-05-25 01:16:38
FLOW-0000004421,POL-00000477,CLM-00000672,CLAIM_PAYMENT,CREDIT_CARD,PENDING,2025-09-23,2025-09-27,8356.26,8356.26,BRL,273.946.801-69,Carvalho,Cavalcante de Goiás,AL,2026-05-25 01:16:38
FLOW-0000004422,POL-00000148,CLM-00000751,REFUND,BANK_SLIP,CANCELLED,2024-11-14,2024-11-16,11764.8,11764.8,BRL,579.801.423-14,Mendonça - ME,da Rosa,MG,2026-05-25 01:16:38
FLOW-0000004423,POL-00000012,CLM-00000395,PREMIUM_PAYMENT,BANK_SLIP,PROCESSED,2026-04-07,2026-04-11,958.5,958.5,BRL,170.389.462-69,Borges S.A.,Pastor de Castro,PA,2026-05-25 01:16:38
FLOW-0000004424,POL-00000345,CLM-00000233,REINSURANCE,DEBIT,PENDING,2026-02-10,2026-02-12,12468.16,12468.16,BRL,503.468.927-83,Peixoto,Lima,PR,2026-05-25 01:16:38
FLOW-0000004425,POL-00000050,CLM-00000228,PREMIUM_PAYMENT,BANK_TRANSFER,PROCESSED,2025-02-13,2025-02-17,14650.31,14650.31,BRL,842.561.039-70,Dias Machado S/A,Fonseca da Prata,TO,2026-05-25 01:16:38
FLOW-0000004426,POL-00000477,CLM-00000940,REFUND,BANK_SLIP,FAILED,2025-06-22,2025-06-27,22627.28,0.0,BRL,596.234.180-51,Azevedo,Cavalcanti Alegre,AP,2026-05-25 01:16:38
FLOW-0000004427,POL-00000164,CLM-00000834,REINSURANCE,CREDIT_CARD,PENDING,2024-10-13,2024-10-18,10092.31,10092.31,BRL,382.564.170-80,Nogueira S.A.,Almeida,GO,2026-05-25 01:16:38
FLOW-0000004428,POL-00000402,CLM-00000382,COMMISSION,BANK_TRANSFER,CANCELLED,2025-10-23,2025-10-27,8112.91,8112.91,BRL,865.910.273-86,Aparecida S/A,Rocha,AC,2026-05-25 01:16:38
FLOW-0000004429,POL-00000096,CLM-00000590,PREMIUM_PAYMENT,PIX,FAILED,2025-01-28,2025-02-01,7686.22,0.0,BRL,129.384.065-33,Rezende,Pacheco do Amparo,MA,2026-05-25 01:16:38
FLOW-0000004430,POL-00000354,CLM-00000306,REFUND,CREDIT_CARD,PENDING,2025-06-30,2025-07-03,15088.43,15088.43,BRL,107.934.658-93,das Neves Ltda.,Fernandes,PA,2026-05-25 01:16:38
FLOW-0000004431,POL-00000008,CLM-00000387,REINSURANCE,PIX,CANCELLED,2024-07-16,2024-07-17,13019.56,13019.56,BRL,590.368.271-59,Novais,Cardoso,PA,2026-05-25 01:16:38
FLOW-0000004432,POL-00000236,CLM-00000247,COMMISSION,BANK_SLIP,CANCELLED,2024-06-24,2024-06-29,1259.35,1259.35,BRL,820.693.754-47,Martins,Pastor do Amparo,ES,2026-05-25 01:16:38
FLOW-0000004433,POL-00000458,CLM-00000045,COMMISSION,PIX,CANCELLED,2025-09-06,2025-09-09,18915.84,18915.84,BRL,963.482.015-89,Marques,Marques Paulista,AP,2026-05-25 01:16:38
FLOW-0000004434,POL-00000048,CLM-00000949,REFUND,BANK_SLIP,CANCELLED,2025-03-24,2025-03-27,7992.77,7992.77,BRL,418.520.369-15,Aragão - ME,Sampaio,DF,2026-05-25 01:16:38
FLOW-0000004435,POL-00000301,CLM-00000921,PREMIUM_PAYMENT,BANK_TRANSFER,FAILED,2025-10-17,2025-10-20,16613.86,0.0,BRL,782.345.960-47,da Rosa,Novaes de Vieira,MS,2026-05-25 01:16:38
FLOW-0000004436,POL-00000263,CLM-00000288,CLAIM_PAYMENT,BANK_SLIP,PENDING,2025-02-23,2025-02-23,3543.33,3543.33,BRL,723.948.610-96,Guerra Ltda.,Freitas,RN,2026-05-25 01:16:38
FLOW-0000004437,POL-00000328,CLM-00000628,REINSURANCE,DEBIT,PROCESSED,2024-10-07,2024-10-10,18086.0,18086.0,BRL,452.603.798-29,Azevedo,Lima Grande,AC,2026-05-25 01:16:38
FLOW-0000004438,POL-00000441,CLM-00000932,REFUND,BANK_SLIP,CANCELLED,2025-07-30,2025-08-01,6770.36,6770.36,BRL,624.891.073-13,Cunha Carvalho S/A,Farias,PE,2026-05-25 01:16:38
FLOW-0000004439,POL-00000346,CLM-00000189,PREMIUM_PAYMENT,BANK_SLIP,FAILED,2024-10-17,2024-10-19,20077.55,0.0,BRL,938.564.172-73,Brito,Azevedo de Peixoto,MG,2026-05-25 01:16:38
FLOW-0000004440,POL-00000109,CLM-00000309,COMMISSION,BANK_TRANSFER,PROCESSED,2024-07-11,2024-07-16,3563.92,3563.92,BRL,857.903.614-39,Machado,Pinto,AM,2026-05-25 01:16:38
FLOW-0000004441,POL-00000233,CLM-00000727,COMMISSION,BANK_SLIP,PENDING,2024-12-13,2024-12-13,19181.47,19181.47,BRL,581.342.769-46,Novais da Paz e Filhos,Pinto de Rocha,SC,2026-05-25 01:16:38
FLOW-0000004442,POL-00000127,CLM-00000965,COMMISSION,DEBIT,FAILED,2025-03-17,2025-03-19,2809.74,0.0,BRL,849.501.732-60,Freitas,da Conceição,DF,2026-05-25 01:16:38
FLOW-0000004443,POL-00000162,CLM-00000470,REINSURANCE,CREDIT_CARD,FAILED,2026-01-12,2026-01-16,2744.91,0.0,BRL,138.460.792-78,Santos Cirino e Filhos,da Rosa,ES,2026-05-25 01:16:38
FLOW-0000004444,POL-00000428,CLM-00000511,REFUND,BANK_TRANSFER,PROCESSED,2024-10-31,2024-11-04,23207.76,23207.76,BRL,623.095.148-70,da Mota da Costa Ltda.,Teixeira,AP,2026-05-25 01:16:38
FLOW-0000004445,POL-00000189,CLM-00000464,COMMISSION,PIX,PROCESSED,2024-06-05,2024-06-08,422.91,422.91,BRL,095.812.467-11,Novais,Abreu,SC,2026-05-25 01:16:38
FLOW-0000004446,POL-00000337,CLM-00000148,CLAIM_PAYMENT,BANK_TRANSFER,PROCESSED,2024-11-21,2024-11-22,24918.9,24918.9,BRL,658.941.703-20,Mendes,Cassiano de Machado,RR,2026-05-25 01:16:38
FLOW-0000004447,POL-00000093,CLM-00000954,COMMISSION,BANK_SLIP,FAILED,2026-05-22,2026-05-24,16907.63,0.0,BRL,286.307.419-96,Lima S.A.,Oliveira,GO,2026-05-25 01:16:38
FLOW-0000004448,POL-00000269,CLM-00000397,REINSURANCE,BANK_SLIP,PROCESSED,2025-02-15,2025-02-15,8087.85,8087.85,BRL,507.826.319-59,Andrade Ramos - ME,Campos da Praia,RO,2026-05-25 01:16:38
FLOW-0000004449,POL-00000201,CLM-00000189,CLAIM_PAYMENT,BANK_TRANSFER,CANCELLED,2026-05-24,2026-05-24,7024.38,7024.38,BRL,980.357.614-39,Mendes e Filhos,Azevedo,ES,2026-05-25 01:16:38
FLOW-0000004450,POL-00000249,CLM-00000303,CLAIM_PAYMENT,BANK_SLIP,PENDING,2026-02-01,2026-02-05,2311.61,2311.61,BRL,641.290.385-24,Almeida,Lopes,DF,2026-05-25 01:16:38
FLOW-0000004451,POL-00000155,CLM-00000090,CLAIM_PAYMENT,DEBIT,PENDING,2024-11-20,2024-11-24,3513.92,3513.92,BRL,208.739.154-88,Correia,Campos,PB,2026-05-25 01:16:38
FLOW-0000004452,POL-00000184,CLM-00000701,CLAIM_PAYMENT,BANK_SLIP,PENDING,2024-07-24,2024-07-27,13562.27,13562.27,BRL,728.406.359-92,Brito,da Luz da Praia,RO,2026-05-25 01:16:38
FLOW-0000004453,POL-00000310,CLM-00000215,REFUND,DEBIT,CANCELLED,2025-07-05,2025-07-09,4443.52,4443.52,BRL,614.759.083-93,da Rocha,Costela do Sul,PA,2026-05-25 01:16:38
FLOW-0000004454,POL-00000385,CLM-00000034,CLAIM_PAYMENT,BANK_SLIP,FAILED,2024-06-25,2024-06-25,9935.57,0.0,BRL,095.823.764-65,da Conceição Abreu e Filhos,da Costa das Pedras,PB,2026-05-25 01:16:38
FLOW-0000004455,POL-00000257,CLM-00000047,REINSURANCE,CREDIT_CARD,PROCESSED,2025-04-02,2025-04-02,20983.09,20983.09,BRL,895.460.217-76,Caldeira - ME,Lopes Verde,PR,2026-05-25 01:16:38
FLOW-0000004456,POL-00000095,CLM-00000155,COMMISSION,PIX,PENDING,2024-05-29,2024-06-02,19516.86,19516.86,BRL,974.102.835-05,Ferreira,da Mota,MG,2026-05-25 01:16:38
FLOW-0000004457,POL-00000055,CLM-00000591,REINSURANCE,BANK_SLIP,PENDING,2026-05-01,2026-05-04,2425.73,2425.73,BRL,951.038.264-70,Jesus - EI,Sousa,MA,2026-05-25 01:16:38
FLOW-0000004458,POL-00000251,CLM-00000619,COMMISSION,DEBIT,PROCESSED,2024-12-01,2024-12-06,6125.79,6125.79,BRL,415.763.982-00,da Luz Aragão S/A,Mendonça,PB,2026-05-25 01:16:38
FLOW-0000004459,POL-00000331,CLM-00000023,PREMIUM_PAYMENT,BANK_SLIP,PENDING,2025-01-08,2025-01-08,15112.39,15112.39,BRL,105.897.264-20,Camargo,Souza,AC,2026-05-25 01:16:38
FLOW-0000004460,POL-00000051,CLM-00000386,COMMISSION,BANK_SLIP,CANCELLED,2025-06-04,2025-06-09,14565.09,14565.09,BRL,325.897.416-00,Andrade - EI,Peixoto Grande,SC,2026-05-25 01:16:38
FLOW-0000004461,POL-00000359,CLM-00000505,REFUND,PIX,FAILED,2024-09-02,2024-09-03,21050.07,0.0,BRL,948.261.075-01,Fogaça,Oliveira,PR,2026-05-25 01:16:38
FLOW-0000004462,POL-00000002,CLM-00000745,COMMISSION,DEBIT,FAILED,2024-07-21,2024-07-25,18512.05,0.0,BRL,298.375.601-77,Almeida S/A,Albuquerque do Oeste,MT,2026-05-25 01:16:38
FLOW-0000004463,POL-00000001,CLM-00000293,CLAIM_PAYMENT,CREDIT_CARD,PROCESSED,2024-08-20,2024-08-24,24937.65,24937.65,BRL,497.601.528-94,Monteiro,Moraes,BA,2026-05-25 01:16:38
FLOW-0000004464,POL-00000381,CLM-00000240,CLAIM_PAYMENT,PIX,PROCESSED,2025-07-30,2025-08-04,20104.85,20104.85,BRL,249.650.713-52,Ramos,Souza,BA,2026-05-25 01:16:38
FLOW-0000004465,POL-00000470,CLM-00000801,REFUND,BANK_TRANSFER,CANCELLED,2025-11-13,2025-11-16,16289.69,16289.69,BRL,120.349.758-04,da Paz,Siqueira da Prata,AL,2026-05-25 01:16:38
FLOW-0000004466,POL-00000226,CLM-00000752,REFUND,CREDIT_CARD,FAILED,2025-08-01,2025-08-01,7157.35,0.0,BRL,590.712.683-30,Andrade,da Luz,PB,2026-05-25 01:16:38
FLOW-0000004467,POL-00000315,CLM-00000303,CANCELLATION,CREDIT_CARD,PENDING,2026-01-27,2026-01-28,11126.25,11126.25,BRL,104.392.857-04,Fernandes,Marques,AC,2026-05-25 01:16:38
FLOW-0000004468,POL-00000472,CLM-00000083,CANCELLATION,DEBIT,PENDING,2025-09-24,2025-09-25,16958.1,16958.1,BRL,347.012.695-06,Garcia Almeida e Filhos,Correia,RN,2026-05-25 01:16:38
FLOW-0000004469,POL-00000175,CLM-00000060,REFUND,CREDIT_CARD,CANCELLED,2025-03-20,2025-03-23,10726.31,10726.31,BRL,571.360.948-01,Sampaio Ribeiro e Filhos,Ramos,CE,2026-05-25 01:16:38
FLOW-0000004470,POL-00000035,CLM-00000129,CANCELLATION,PIX,CANCELLED,2026-02-13,2026-02-14,16487.89,16487.89,BRL,495.307.168-93,Souza - EI,Duarte de Minas,AC,2026-05-25 01:16:38
FLOW-0000004471,POL-00000245,CLM-00000561,PREMIUM_PAYMENT,PIX,FAILED,2025-02-14,2025-02-18,4045.02,0.0,BRL,971.238.605-86,Ramos,Sá,RO,2026-05-25 01:16:38
FLOW-0000004472,POL-00000080,CLM-00000136,CANCELLATION,BANK_SLIP,PENDING,2025-03-15,2025-03-18,16571.41,16571.41,BRL,785.124.360-26,Mendes,Mendonça da Serra,DF,2026-05-25 01:16:38
FLOW-0000004473,POL-00000321,CLM-00000561,REFUND,DEBIT,CANCELLED,2024-08-09,2024-08-09,16895.55,16895.55,BRL,302.987.164-96,Fonseca,Andrade,MG,2026-05-25 01:16:38
FLOW-0000004474,POL-00000105,CLM-00000344,REFUND,BANK_SLIP,CANCELLED,2025-05-03,2025-05-03,9690.23,9690.23,BRL,601.348.275-62,Montenegro,Cunha do Galho,RR,2026-05-25 01:16:38
FLOW-0000004475,POL-00000064,CLM-00000553,CANCELLATION,CREDIT_CARD,CANCELLED,2025-10-10,2025-10-11,3821.66,3821.66,BRL,418.073.629-22,Caldeira,Melo de Minas,ES,2026-05-25 01:16:38
FLOW-0000004476,POL-00000420,CLM-00000652,CLAIM_PAYMENT,BANK_TRANSFER,CANCELLED,2026-04-27,2026-05-01,3925.04,3925.04,BRL,572.931.084-60,Fonseca Oliveira - ME,Sousa de Marques,RR,2026-05-25 01:16:38
FLOW-0000004477,POL-00000213,CLM-00000226,REINSURANCE,DEBIT,FAILED,2025-03-10,2025-03-15,7147.87,0.0,BRL,421.093.657-06,Teixeira Pastor - ME,Pacheco de Goiás,MA,2026-05-25 01:16:38
FLOW-0000004478,POL-00000099,CLM-00000023,CLAIM_PAYMENT,PIX,FAILED,2024-06-10,2024-06-10,2124.0,0.0,BRL,960.472.153-43,Pacheco Ltda.,Cardoso,SC,2026-05-25 01:16:38
FLOW-0000004479,POL-00000426,CLM-00000345,CLAIM_PAYMENT,BANK_SLIP,CANCELLED,2025-08-17,2025-08-17,23477.04,23477.04,BRL,149.276.053-61,Costa,Ferreira dos Dourados,RS,2026-05-25 01:16:38
FLOW-0000004480,POL-00000448,CLM-00000250,REINSURANCE,PIX,PROCESSED,2026-05-07,2026-05-11,18820.92,18820.92,BRL,253.460.178-44,Montenegro - ME,Brito,RJ,2026-05-25 01:16:38
FLOW-0000004481,POL-00000307,CLM-00000675,REFUND,BANK_TRANSFER,FAILED,2026-04-29,2026-04-30,3622.87,0.0,BRL,021.685.437-71,Monteiro e Filhos,Nascimento,AC,2026-05-25 01:16:38
FLOW-0000004482,POL-00000498,CLM-00000491,CLAIM_PAYMENT,BANK_TRANSFER,PROCESSED,2025-06-02,2025-06-05,9530.74,9530.74,BRL,630.214.985-15,Pastor da Mota Ltda.,Cavalcanti do Campo,DF,2026-05-25 01:16:38
FLOW-0000004483,POL-00000411,CLM-00000700,REFUND,DEBIT,PROCESSED,2025-07-03,2025-07-08,6483.47,6483.47,BRL,731.904.865-57,Borges Cavalcante S.A.,Pastor,PR,2026-05-25 01:16:38
FLOW-0000004484,POL-00000459,CLM-00000216,PREMIUM_PAYMENT,BANK_TRANSFER,FAILED,2025-04-12,2025-04-15,8595.34,0.0,BRL,508.324.167-62,Macedo - ME,Melo de das Neves,PR,2026-05-25 01:16:38
FLOW-0000004485,POL-00000342,CLM-00000892,PREMIUM_PAYMENT,PIX,FAILED,2025-08-17,2025-08-18,1079.04,0.0,BRL,497.536.102-70,Rodrigues,Pastor de Fernandes,ES,2026-05-25 01:16:38
FLOW-0000004486,POL-00000202,CLM-00000300,CLAIM_PAYMENT,BANK_SLIP,CANCELLED,2025-03-11,2025-03-14,20105.52,20105.52,BRL,387.964.051-39,Oliveira,Porto Verde,BA,2026-05-25 01:16:38
FLOW-0000004487,POL-00000033,CLM-00000825,CLAIM_PAYMENT,BANK_SLIP,FAILED,2025-07-02,2025-07-05,11155.66,0.0,BRL,834.052.796-74,Garcia Nunes - ME,Nascimento do Campo,RR,2026-05-25 01:16:38
FLOW-0000004488,POL-00000483,CLM-00000354,COMMISSION,BANK_SLIP,FAILED,2025-08-23,2025-08-26,4617.81,0.0,BRL,642.597.130-43,Nunes,Mendonça,SP,2026-05-25 01:16:38
FLOW-0000004489,POL-00000161,CLM-00000953,COMMISSION,DEBIT,CANCELLED,2025-01-20,2025-01-21,12250.77,12250.77,BRL,157.032.489-14,Leão Barbosa Ltda.,Pimenta de Siqueira,MS,2026-05-25 01:16:38
FLOW-0000004490,POL-00000271,CLM-00000452,REFUND,BANK_TRANSFER,FAILED,2025-05-03,2025-05-07,11758.08,0.0,BRL,590.284.317-05,Pires - ME,Pimenta dos Dourados,TO,2026-05-25 01:16:38
FLOW-0000004491,POL-00000143,CLM-00000834,CLAIM_PAYMENT,BANK_TRANSFER,PROCESSED,2026-05-08,2026-05-10,14737.58,14737.58,BRL,189.562.034-15,Gomes Nascimento S.A.,Ribeiro de Oliveira,AL,2026-05-25 01:16:38
FLOW-0000004492,POL-00000158,CLM-00000417,PREMIUM_PAYMENT,BANK_SLIP,PENDING,2024-12-30,2025-01-01,17718.54,17718.54,BRL,490.175.286-30,Costa,Cavalcanti,SP,2026-05-25 01:16:38
FLOW-0000004493,POL-00000497,CLM-00000582,REFUND,DEBIT,PROCESSED,2025-08-04,2025-08-06,195.05,195.05,BRL,541.892.376-55,Almeida Monteiro S/A,Farias da Mata,BA,2026-05-25 01:16:38
FLOW-0000004494,POL-00000074,CLM-00000839,COMMISSION,PIX,PENDING,2026-04-19,2026-04-21,9607.78,9607.78,BRL,421.038.976-50,Duarte,Rodrigues do Amparo,RO,2026-05-25 01:16:38
FLOW-0000004495,POL-00000365,CLM-00000505,REFUND,BANK_SLIP,CANCELLED,2024-09-23,2024-09-26,19159.6,19159.6,BRL,390.524.817-41,Gonçalves Cardoso Ltda.,Barbosa do Oeste,AM,2026-05-25 01:16:38
FLOW-0000004496,POL-00000360,CLM-00000023,CANCELLATION,BANK_TRANSFER,FAILED,2026-04-16,2026-04-20,23619.21,0.0,BRL,764.598.201-20,Nogueira da Costa Ltda.,Freitas,SP,2026-05-25 01:16:38
FLOW-0000004497,POL-00000351,CLM-00000899,CLAIM_PAYMENT,CREDIT_CARD,FAILED,2025-03-24,2025-03-27,14628.45,0.0,BRL,901.724.536-07,Gomes Camargo Ltda.,Casa Grande,RR,2026-05-25 01:16:38
FLOW-0000004498,POL-00000155,CLM-00000448,REINSURANCE,CREDIT_CARD,PENDING,2026-02-22,2026-02-23,1870.08,1870.08,BRL,608.931.475-75,Mendes,da Cunha Grande,RS,2026-05-25 01:16:38
FLOW-0000004499,POL-00000458,CLM-00000506,CLAIM_PAYMENT,DEBIT,FAILED,2026-02-24,2026-02-24,4691.86,0.0,BRL,618.345.270-07,Guerra,da Conceição do Sul,MS,2026-05-25 01:16:38
FLOW-0000004500,POL-00000147,CLM-00000933,CANCELLATION,CREDIT_CARD,PENDING,2024-09-04,2024-09-08,24599.95,24599.95,BRL,152.780.436-44,da Mota Azevedo S/A,Brito,RN,2026-05-25 01:16:38
FLOW-0000004501,POL-00000192,CLM-00000120,REFUND,BANK_TRANSFER,PROCESSED,2025-06-13,2025-06-16,18089.84,18089.84,BRL,359.874.016-66,da Rocha Ltda.,Jesus,PE,2026-05-25 01:16:38
FLOW-0000004502,POL-00000013,CLM-00000209,PREMIUM_PAYMENT,BANK_SLIP,CANCELLED,2026-01-08,2026-01-10,17467.96,17467.96,BRL,863.517.490-93,Garcia,Leão,AP,2026-05-25 01:16:38
FLOW-0000004503,POL-00000150,CLM-00000464,CLAIM_PAYMENT,BANK_TRANSFER,PENDING,2025-03-26,2025-03-31,15293.56,15293.56,BRL,157.462.389-37,Cardoso,Monteiro,RR,2026-05-25 01:16:38
FLOW-0000004504,POL-00000099,CLM-00000456,CLAIM_PAYMENT,BANK_SLIP,PROCESSED,2025-05-25,2025-05-30,21029.85,21029.85,BRL,385.140.762-80,Nascimento S/A,Cassiano,BA,2026-05-25 01:16:38
FLOW-0000004505,POL-00000163,CLM-00000066,REINSURANCE,DEBIT,FAILED,2024-06-20,2024-06-25,1449.7,0.0,BRL,875.369.120-21,Teixeira Araújo S.A.,Garcia,RR,2026-05-25 01:16:38
FLOW-0000004506,POL-00000007,CLM-00000405,CANCELLATION,BANK_SLIP,CANCELLED,2025-08-11,2025-08-14,10035.02,10035.02,BRL,583.962.041-60,Almeida,das Neves,RS,2026-05-25 01:16:38
FLOW-0000004507,POL-00000435,CLM-00000884,CANCELLATION,BANK_TRANSFER,PROCESSED,2025-01-07,2025-01-10,15772.0,15772.0,BRL,261.083.754-26,Silveira Ltda.,Rios,RJ,2026-05-25 01:16:38
FLOW-0000004508,POL-00000071,CLM-00000905,PREMIUM_PAYMENT,BANK_SLIP,PENDING,2024-09-17,2024-09-20,5051.51,5051.51,BRL,359.678.024-10,da Mota,Aragão,SE,2026-05-25 01:16:38
FLOW-0000004509,POL-00000258,CLM-00000941,PREMIUM_PAYMENT,CREDIT_CARD,FAILED,2026-03-07,2026-03-07,20551.57,0.0,BRL,731.605.942-70,Cavalcanti,Sales de Montenegro,TO,2026-05-25 01:16:38
FLOW-0000004510,POL-00000105,CLM-00000771,COMMISSION,BANK_SLIP,PROCESSED,2026-05-18,2026-05-19,9723.07,9723.07,BRL,257.130.694-43,Montenegro Viana e Filhos,Câmara Verde,DF,2026-05-25 01:16:38
FLOW-0000004511,POL-00000012,CLM-00000970,CANCELLATION,BANK_TRANSFER,CANCELLED,2025-02-22,2025-02-25,21235.43,21235.43,BRL,479.602.538-38,Alves,Sales,AC,2026-05-25 01:16:38
FLOW-0000004512,POL-00000256,CLM-00000742,CANCELLATION,PIX,CANCELLED,2025-09-21,2025-09-22,23465.69,23465.69,BRL,863.274.901-31,Araújo,Mendes do Galho,RJ,2026-05-25 01:16:38
FLOW-0000004513,POL-00000328,CLM-00000694,PREMIUM_PAYMENT,CREDIT_CARD,FAILED,2025-07-23,2025-07-28,5210.8,0.0,BRL,728.650.149-67,da Cruz Azevedo Ltda.,Marques,PE,2026-05-25 01:16:38
FLOW-0000004514,POL-00000013,CLM-00000576,REFUND,CREDIT_CARD,PROCESSED,2026-02-09,2026-02-13,22938.0,22938.0,BRL,310.268.497-13,Camargo,Campos do Norte,AC,2026-05-25 01:16:38
FLOW-0000004515,POL-00000059,CLM-00000888,CANCELLATION,BANK_SLIP,PENDING,2025-03-23,2025-03-26,7034.3,7034.3,BRL,137.580.649-10,Fonseca,Barbosa de da Cunha,PI,2026-05-25 01:16:38
FLOW-0000004516,POL-00000465,CLM-00000578,COMMISSION,BANK_SLIP,PENDING,2026-03-26,2026-03-27,6575.7,6575.7,BRL,528.634.971-46,Cunha,da Mata Alegre,BA,2026-05-25 01:16:38
FLOW-0000004517,POL-00000040,CLM-00000111,CANCELLATION,CREDIT_CARD,PENDING,2025-07-24,2025-07-26,1295.47,1295.47,BRL,291.453.680-15,Farias,Cardoso de Casa Grande,AM,2026-05-25 01:16:38
FLOW-0000004518,POL-00000403,CLM-00000922,REFUND,BANK_TRANSFER,FAILED,2026-04-09,2026-04-11,9818.04,0.0,BRL,201.653.489-33,Almeida,Correia das Pedras,PR,2026-05-25 01:16:38
FLOW-0000004519,POL-00000277,CLM-00000899,CANCELLATION,PIX,PENDING,2025-12-27,2026-01-01,17288.53,17288.53,BRL,792.538.461-19,Guerra,Lima Paulista,PI,2026-05-25 01:16:38
FLOW-0000004520,POL-00000147,CLM-00000262,CANCELLATION,PIX,PENDING,2025-09-27,2025-09-28,23793.88,23793.88,BRL,684.579.021-30,Costela Aparecida S.A.,Barbosa,PR,2026-05-25 01:16:38
FLOW-0000004521,POL-00000033,CLM-00000357,COMMISSION,DEBIT,PROCESSED,2025-06-04,2025-06-04,7082.05,7082.05,BRL,475.916.802-85,Mendes,Costela,RR,2026-05-25 01:16:38
FLOW-0000004522,POL-00000352,CLM-00000219,COMMISSION,CREDIT_CARD,PENDING,2025-05-18,2025-05-21,22345.94,22345.94,BRL,401.293.786-31,Porto,Castro,AL,2026-05-25 01:16:38
FLOW-0000004523,POL-00000141,CLM-00000528,CANCELLATION,BANK_SLIP,PENDING,2024-07-23,2024-07-24,13084.9,13084.9,BRL,643.895.012-24,Pinto,Andrade do Norte,RN,2026-05-25 01:16:38
FLOW-0000004524,POL-00000259,CLM-00000052,COMMISSION,BANK_SLIP,FAILED,2026-03-22,2026-03-25,7791.84,0.0,BRL,154.072.839-05,da Mota Cassiano Ltda.,Souza do Amparo,RN,2026-05-25 01:16:38
FLOW-0000004525,POL-00000473,CLM-00000413,PREMIUM_PAYMENT,BANK_TRANSFER,PENDING,2024-11-06,2024-11-06,15630.41,15630.41,BRL,150.792.643-06,Viana,Vargas das Pedras,TO,2026-05-25 01:16:38
FLOW-0000004526,POL-00000250,CLM-00000861,REFUND,DEBIT,PENDING,2025-05-30,2025-06-01,9566.76,9566.76,BRL,457.218.396-19,Porto Câmara e Filhos,Machado da Mata,PE,2026-05-25 01:16:38
FLOW-0000004527,POL-00000080,CLM-00000910,PREMIUM_PAYMENT,DEBIT,PENDING,2026-03-12,2026-03-16,6593.49,6593.49,BRL,963.205.784-83,Viana,da Mata,ES,2026-05-25 01:16:38
FLOW-0000004528,POL-00000248,CLM-00000719,REINSURANCE,PIX,PROCESSED,2025-05-20,2025-05-25,2612.55,2612.55,BRL,943.218.065-42,Macedo,Ramos,RN,2026-05-25 01:16:38
FLOW-0000004529,POL-00000218,CLM-00000819,COMMISSION,BANK_TRANSFER,CANCELLED,2024-06-14,2024-06-17,2380.55,2380.55,BRL,458.230.671-35,Teixeira,Ribeiro das Pedras,AM,2026-05-25 01:16:38
FLOW-0000004530,POL-00000424,CLM-00000852,REINSURANCE,DEBIT,CANCELLED,2025-02-18,2025-02-21,2864.93,2864.93,BRL,109.653.478-93,Albuquerque,Pastor,PI,2026-05-25 01:16:38
FLOW-0000004531,POL-00000340,CLM-00000204,CANCELLATION,BANK_SLIP,PROCESSED,2024-07-18,2024-07-21,8938.38,8938.38,BRL,016.324.975-06,Fonseca Ltda.,Fernandes,PB,2026-05-25 01:16:38
FLOW-0000004532,POL-00000443,CLM-00000029,PREMIUM_PAYMENT,CREDIT_CARD,FAILED,2025-01-31,2025-02-03,1688.54,0.0,BRL,302.845.196-42,Silveira,Costela,PB,2026-05-25 01:16:38
FLOW-0000004533,POL-00000183,CLM-00000660,CLAIM_PAYMENT,BANK_TRANSFER,FAILED,2025-06-15,2025-06-19,5224.12,0.0,BRL,197.824.036-87,Lopes,Santos de Almeida,AM,2026-05-25 01:16:38
FLOW-0000004534,POL-00000226,CLM-00000723,REFUND,BANK_SLIP,FAILED,2025-11-10,2025-11-10,14722.16,0.0,BRL,051.234.796-43,Brito,Barbosa,RS,2026-05-25 01:16:38
FLOW-0000004535,POL-00000127,CLM-00000593,COMMISSION,BANK_TRANSFER,PROCESSED,2024-10-24,2024-10-28,9271.96,9271.96,BRL,364.890.157-57,Oliveira,Teixeira,MS,2026-05-25 01:16:38
FLOW-0000004536,POL-00000205,CLM-00000676,CLAIM_PAYMENT,BANK_SLIP,CANCELLED,2025-07-15,2025-07-19,4119.21,4119.21,BRL,902.876.453-47,Ferreira,Oliveira da Serra,MG,2026-05-25 01:16:38
FLOW-0000004537,POL-00000172,CLM-00000573,CANCELLATION,PIX,CANCELLED,2025-03-05,2025-03-05,11729.71,11729.71,BRL,701.395.428-41,Gonçalves Novaes S/A,Lopes,SC,2026-05-25 01:16:38
FLOW-0000004538,POL-00000476,CLM-00000436,REINSURANCE,DEBIT,FAILED,2025-03-02,2025-03-02,17048.92,0.0,BRL,794.381.560-20,Cavalcanti,Martins do Amparo,PA,2026-05-25 01:16:38
FLOW-0000004539,POL-00000418,CLM-00000896,CLAIM_PAYMENT,BANK_SLIP,PENDING,2024-07-03,2024-07-07,12147.69,12147.69,BRL,680.243.975-10,Monteiro - EI,Dias,SC,2026-05-25 01:16:38
FLOW-0000004540,POL-00000105,CLM-00000162,REINSURANCE,DEBIT,FAILED,2025-04-24,2025-04-24,3833.04,0.0,BRL,201.534.978-23,Jesus,Correia do Sul,RN,2026-05-25 01:16:38
FLOW-0000004541,POL-00000304,CLM-00000574,REFUND,BANK_SLIP,CANCELLED,2025-01-24,2025-01-25,12000.8,12000.8,BRL,851.276.039-77,Alves,Montenegro de Goiás,DF,2026-05-25 01:16:38
FLOW-0000004542,POL-00000416,CLM-00000757,CANCELLATION,PIX,FAILED,2025-11-03,2025-11-05,7950.56,0.0,BRL,402.593.718-23,Andrade,Moura do Sul,MT,2026-05-25 01:16:38
FLOW-0000004543,POL-00000484,CLM-00000308,REINSURANCE,DEBIT,FAILED,2025-04-15,2025-04-16,8032.38,0.0,BRL,860.412.579-58,Martins,Campos,RR,2026-05-25 01:16:38
FLOW-0000004544,POL-00000419,CLM-00000196,PREMIUM_PAYMENT,PIX,CANCELLED,2025-11-10,2025-11-10,24208.61,24208.61,BRL,467.291.308-22,Machado,Carvalho,RS,2026-05-25 01:16:38
FLOW-0000004545,POL-00000454,CLM-00000740,REFUND,PIX,PROCESSED,2025-10-14,2025-10-18,22906.63,22906.63,BRL,975.126.483-91,Lopes e Filhos,Silva do Oeste,PR,2026-05-25 01:16:38
FLOW-0000004546,POL-00000487,CLM-00000496,CLAIM_PAYMENT,DEBIT,PROCESSED,2024-07-17,2024-07-22,11444.17,11444.17,BRL,609.285.714-67,Moraes,Novaes,MA,2026-05-25 01:16:38
FLOW-0000004547,POL-00000062,CLM-00000900,CANCELLATION,BANK_TRANSFER,PENDING,2024-10-20,2024-10-23,11424.22,11424.22,BRL,605.419.823-89,Araújo da Conceição e Filhos,das Neves,BA,2026-05-25 01:16:38
FLOW-0000004548,POL-00000335,CLM-00000517,CLAIM_PAYMENT,DEBIT,CANCELLED,2024-07-06,2024-07-08,3548.2,3548.2,BRL,059.716.483-57,Araújo S/A,Gomes da Prata,PB,2026-05-25 01:16:38
FLOW-0000004549,POL-00000005,CLM-00000454,REINSURANCE,PIX,PENDING,2026-01-05,2026-01-06,77.36,77.36,BRL,827.093.451-88,Souza,Alves,RS,2026-05-25 01:16:38
FLOW-0000004550,POL-00000073,CLM-00000199,CLAIM_PAYMENT,CREDIT_CARD,FAILED,2024-10-24,2024-10-25,1875.92,0.0,BRL,103.697.458-84,Nascimento,Gomes,MG,2026-05-25 01:16:38
FLOW-0000004551,POL-00000179,CLM-00000757,CLAIM_PAYMENT,DEBIT,PENDING,2025-06-12,2025-06-17,7292.17,7292.17,BRL,420.596.318-15,Camargo S.A.,Monteiro,RO,2026-05-25 01:16:38
FLOW-0000004552,POL-00000388,CLM-00000634,REFUND,DEBIT,PENDING,2025-01-29,2025-02-03,16572.27,16572.27,BRL,168.257.409-11,da Mata Teixeira S/A,Garcia dos Dourados,AM,2026-05-25 01:16:38
FLOW-0000004553,POL-00000056,CLM-00000386,REINSURANCE,CREDIT_CARD,CANCELLED,2025-04-27,2025-04-27,16962.5,16962.5,BRL,370.824.156-80,Abreu Ltda.,Campos,RN,2026-05-25 01:16:38
FLOW-0000004554,POL-00000207,CLM-00000789,COMMISSION,DEBIT,CANCELLED,2026-05-21,2026-05-26,15267.35,15267.35,BRL,483.072.195-23,da Conceição Campos e Filhos,Pimenta,RN,2026-05-25 01:16:38
FLOW-0000004555,POL-00000269,CLM-00000876,REINSURANCE,BANK_SLIP,CANCELLED,2025-05-30,2025-06-02,7435.09,7435.09,BRL,263.851.709-77,Souza Ferreira e Filhos,Peixoto,SE,2026-05-25 01:16:38
FLOW-0000004556,POL-00000009,CLM-00000630,COMMISSION,CREDIT_CARD,PENDING,2025-09-23,2025-09-24,7224.92,7224.92,BRL,034.785.269-65,Barros,Aparecida,GO,2026-05-25 01:16:38
FLOW-0000004557,POL-00000346,CLM-00000389,COMMISSION,CREDIT_CARD,PROCESSED,2024-10-17,2024-10-18,4078.85,4078.85,BRL,865.342.701-53,Fonseca S/A,Pinto,SP,2026-05-25 01:16:38
FLOW-0000004558,POL-00000491,CLM-00000712,REINSURANCE,BANK_SLIP,PROCESSED,2024-09-17,2024-09-18,19519.27,19519.27,BRL,790.821.453-32,Mendonça e Filhos,Brito de Goiás,AC,2026-05-25 01:16:38
FLOW-0000004559,POL-00000390,CLM-00000265,REINSURANCE,BANK_SLIP,PENDING,2026-05-21,2026-05-22,20952.82,20952.82,BRL,012.658.349-89,Pastor Nunes - ME,Montenegro,AC,2026-05-25 01:16:38
FLOW-0000004560,POL-00000186,CLM-00000710,REFUND,CREDIT_CARD,PENDING,2025-04-28,2025-05-02,17600.34,17600.34,BRL,870.264.915-20,Sá,Carvalho de Sá,PB,2026-05-25 01:16:38
FLOW-0000004561,POL-00000391,CLM-00000117,REFUND,CREDIT_CARD,PENDING,2025-02-20,2025-02-23,16810.46,16810.46,BRL,298.157.463-91,Freitas,Leão,RJ,2026-05-25 01:16:38
FLOW-0000004562,POL-00000043,CLM-00000930,REINSURANCE,CREDIT_CARD,PENDING,2025-12-11,2025-12-14,19725.34,19725.34,BRL,857.036.941-75,Abreu Peixoto Ltda.,Farias,MT,2026-05-25 01:16:38
FLOW-0000004563,POL-00000036,CLM-00000407,PREMIUM_PAYMENT,BANK_SLIP,PENDING,2026-03-12,2026-03-12,18643.28,18643.28,BRL,539.607.148-66,Nogueira,Santos,AC,2026-05-25 01:16:38
FLOW-0000004564,POL-00000069,CLM-00000411,REINSURANCE,CREDIT_CARD,PENDING,2024-07-14,2024-07-17,272.39,272.39,BRL,804.927.165-01,Lopes e Filhos,Silveira,PA,2026-05-25 01:16:38
FLOW-0000004565,POL-00000433,CLM-00000480,CLAIM_PAYMENT,CREDIT_CARD,FAILED,2025-09-20,2025-09-24,14316.92,0.0,BRL,931.608.427-03,Viana da Rocha - EI,Campos,DF,2026-05-25 01:16:38
FLOW-0000004566,POL-00000113,CLM-00000327,REINSURANCE,CREDIT_CARD,PROCESSED,2024-12-08,2024-12-12,11420.07,11420.07,BRL,675.048.129-94,Carvalho Viana S.A.,Novaes,AM,2026-05-25 01:16:38
FLOW-0000004567,POL-00000252,CLM-00000916,CLAIM_PAYMENT,PIX,FAILED,2025-07-12,2025-07-16,12534.82,0.0,BRL,126.539.084-33,Silva,Jesus das Flores,PI,2026-05-25 01:16:38
FLOW-0000004568,POL-00000242,CLM-00000584,COMMISSION,PIX,CANCELLED,2024-08-31,2024-09-04,4712.93,4712.93,BRL,105.367.982-30,Farias da Costa - EI,da Cunha dos Dourados,RR,2026-05-25 01:16:38
FLOW-0000004569,POL-00000325,CLM-00000397,CANCELLATION,CREDIT_CARD,CANCELLED,2024-10-04,2024-10-06,9640.88,9640.88,BRL,257.680.943-00,Sales,Rocha das Flores,RO,2026-05-25 01:16:38
FLOW-0000004570,POL-00000449,CLM-00000213,CLAIM_PAYMENT,PIX,PENDING,2026-03-24,2026-03-29,20802.27,20802.27,BRL,728.963.405-56,Viana,Nogueira da Mata,ES,2026-05-25 01:16:38
FLOW-0000004571,POL-00000217,CLM-00000374,CANCELLATION,BANK_SLIP,CANCELLED,2026-01-07,2026-01-10,17332.2,17332.2,BRL,816.372.459-55,Sampaio,Barros da Mata,MA,2026-05-25 01:16:38
FLOW-0000004572,POL-00000136,CLM-00000879,REFUND,BANK_TRANSFER,FAILED,2025-11-09,2025-11-13,3592.58,0.0,BRL,418.027.569-49,Barros Casa Grande S/A,Moura das Flores,RN,2026-05-25 01:16:38
FLOW-0000004573,POL-00000149,CLM-00000003,REFUND,PIX,PROCESSED,2024-07-06,2024-07-07,24713.11,24713.11,BRL,503.762.481-90,Siqueira,da Cruz dos Dourados,TO,2026-05-25 01:16:38
FLOW-0000004574,POL-00000011,CLM-00000560,CANCELLATION,DEBIT,PROCESSED,2026-05-19,2026-05-19,17245.69,17245.69,BRL,301.965.278-21,Nascimento - ME,Almeida,RN,2026-05-25 01:16:38
FLOW-0000004575,POL-00000405,CLM-00000018,COMMISSION,CREDIT_CARD,CANCELLED,2025-10-27,2025-11-01,1288.26,1288.26,BRL,395.207.846-83,Moraes Pastor Ltda.,Rocha,AC,2026-05-25 01:16:38
FLOW-0000004576,POL-00000144,CLM-00000214,REINSURANCE,BANK_SLIP,FAILED,2025-12-10,2025-12-10,14751.25,0.0,BRL,396.582.471-64,Cunha Rezende Ltda.,Gonçalves do Galho,PE,2026-05-25 01:16:38
FLOW-0000004577,POL-00000374,CLM-00000059,REFUND,BANK_SLIP,PROCESSED,2025-10-18,2025-10-21,21941.42,21941.42,BRL,458.123.706-80,Barbosa S.A.,Cavalcanti,MA,2026-05-25 01:16:38
FLOW-0000004578,POL-00000196,CLM-00000613,REFUND,BANK_SLIP,PROCESSED,2024-12-13,2024-12-14,8040.69,8040.69,BRL,358.726.140-71,Brito,Machado,MS,2026-05-25 01:16:38
FLOW-0000004579,POL-00000370,CLM-00000039,PREMIUM_PAYMENT,BANK_TRANSFER,PENDING,2025-09-06,2025-09-06,2280.76,2280.76,BRL,809.462.715-85,Almeida Pastor S/A,Campos,SP,2026-05-25 01:16:38
FLOW-0000004580,POL-00000034,CLM-00000567,REINSURANCE,DEBIT,PROCESSED,2025-04-20,2025-04-20,13181.77,13181.77,BRL,396.045.172-52,Rios e Filhos,das Neves,AL,2026-05-25 01:16:38
FLOW-0000004581,POL-00000438,CLM-00000844,PREMIUM_PAYMENT,BANK_TRANSFER,FAILED,2024-11-06,2024-11-10,2893.25,0.0,BRL,482.075.169-76,Câmara e Filhos,Fernandes Grande,CE,2026-05-25 01:16:38
FLOW-0000004582,POL-00000172,CLM-00000716,CANCELLATION,CREDIT_CARD,PROCESSED,2025-07-21,2025-07-21,4378.58,4378.58,BRL,189.257.460-85,Pacheco,Farias dos Dourados,AC,2026-05-25 01:16:38
FLOW-0000004583,POL-00000320,CLM-00000700,REINSURANCE,PIX,PROCESSED,2025-02-18,2025-02-18,8410.82,8410.82,BRL,347.528.609-29,Aragão - ME,Mendes Grande,AC,2026-05-25 01:16:38
FLOW-0000004584,POL-00000362,CLM-00000226,PREMIUM_PAYMENT,DEBIT,FAILED,2025-02-09,2025-02-13,18502.9,0.0,BRL,694.015.823-51,Costela Fonseca e Filhos,Fernandes,SE,2026-05-25 01:16:38
FLOW-0000004585,POL-00000202,CLM-00000175,CLAIM_PAYMENT,BANK_TRANSFER,CANCELLED,2024-08-12,2024-08-15,10646.2,10646.2,BRL,973.402.816-22,Barros,Pacheco,AL,2026-05-25 01:16:38
FLOW-0000004586,POL-00000071,CLM-00000691,PREMIUM_PAYMENT,DEBIT,PROCESSED,2025-01-14,2025-01-19,667.08,667.08,BRL,263.895.170-68,da Luz,Nogueira,TO,2026-05-25 01:16:38
FLOW-0000004587,POL-00000400,CLM-00000470,REINSURANCE,CREDIT_CARD,FAILED,2025-12-28,2026-01-01,1716.16,0.0,BRL,216.704.598-02,Ramos e Filhos,Cavalcante,RJ,2026-05-25 01:16:38
FLOW-0000004588,POL-00000038,CLM-00000849,COMMISSION,PIX,PROCESSED,2026-03-11,2026-03-14,21177.76,21177.76,BRL,345.862.017-62,Correia S/A,Silveira,AL,2026-05-25 01:16:38
FLOW-0000004589,POL-00000346,CLM-00000799,CANCELLATION,BANK_SLIP,PROCESSED,2025-03-11,2025-03-11,24487.98,24487.98,BRL,280.763.195-95,Rocha Costa S.A.,da Rocha do Oeste,RJ,2026-05-25 01:16:38
FLOW-0000004590,POL-00000477,CLM-00000208,REFUND,BANK_TRANSFER,CANCELLED,2025-01-28,2025-01-28,21557.35,21557.35,BRL,914.307.658-01,da Conceição da Mata - EI,Souza,RN,2026-05-25 01:16:38
FLOW-0000004591,POL-00000049,CLM-00000572,COMMISSION,BANK_TRANSFER,PROCESSED,2025-12-31,2026-01-03,15487.41,15487.41,BRL,482.015.396-05,Abreu,Andrade,PB,2026-05-25 01:16:38
FLOW-0000004592,POL-00000311,CLM-00000239,CLAIM_PAYMENT,DEBIT,CANCELLED,2024-09-02,2024-09-02,18687.55,18687.55,BRL,745.128.396-82,Costela S/A,Correia,PI,2026-05-25 01:16:38
FLOW-0000004593,POL-00000388,CLM-00000746,COMMISSION,PIX,PENDING,2026-05-24,2026-05-27,18349.49,18349.49,BRL,253.697.184-82,Castro Albuquerque S.A.,Vargas,DF,2026-05-25 01:16:38
FLOW-0000004594,POL-00000354,CLM-00000888,REFUND,PIX,CANCELLED,2024-06-09,2024-06-12,20316.75,20316.75,BRL,943.072.618-87,Dias Cirino e Filhos,Nascimento,SP,2026-05-25 01:16:38
FLOW-0000004595,POL-00000337,CLM-00000544,REFUND,BANK_TRANSFER,PROCESSED,2025-01-24,2025-01-28,12406.23,12406.23,BRL,784.561.203-08,Alves,da Mata do Amparo,PA,2026-05-25 01:16:38
FLOW-0000004596,POL-00000279,CLM-00000539,CLAIM_PAYMENT,CREDIT_CARD,CANCELLED,2025-01-19,2025-01-20,10258.72,10258.72,BRL,907.138.624-40,Gomes Rocha - EI,Rocha,SC,2026-05-25 01:16:38
FLOW-0000004597,POL-00000451,CLM-00000795,CANCELLATION,BANK_SLIP,CANCELLED,2026-04-26,2026-04-26,2240.15,2240.15,BRL,302.459.786-74,Viana e Filhos,Barbosa Paulista,GO,2026-05-25 01:16:38
FLOW-0000004598,POL-00000095,CLM-00000436,CLAIM_PAYMENT,DEBIT,PROCESSED,2026-05-13,2026-05-16,23111.74,23111.74,BRL,734.908.615-66,Campos - EI,Camargo do Campo,SC,2026-05-25 01:16:38
FLOW-0000004599,POL-00000292,CLM-00000717,CANCELLATION,BANK_SLIP,PENDING,2025-04-06,2025-04-09,11124.14,11124.14,BRL,452.108.769-85,Moura Costela - EI,Pacheco,DF,2026-05-25 01:16:38
FLOW-0000004600,POL-00000419,CLM-00000333,PREMIUM_PAYMENT,BANK_SLIP,CANCELLED,2025-01-29,2025-02-01,16107.36,16107.36,BRL,601.743.529-99,Castro S/A,Dias Verde,MT,2026-05-25 01:16:38
FLOW-0000004601,POL-00000238,CLM-00000299,CANCELLATION,BANK_TRANSFER,PENDING,2026-01-12,2026-01-13,13779.91,13779.91,BRL,140.893.526-06,Sales Araújo S/A,das Neves de Rios,AP,2026-05-25 01:16:38
FLOW-0000004602,POL-00000070,CLM-00000332,COMMISSION,CREDIT_CARD,PENDING,2025-06-22,2025-06-26,6083.85,6083.85,BRL,740.396.182-03,Monteiro Santos S.A.,Lopes Grande,BA,2026-05-25 01:16:38
FLOW-0000004603,POL-00000223,CLM-00000331,REFUND,BANK_TRANSFER,PROCESSED,2025-05-07,2025-05-11,11941.7,11941.7,BRL,602.147.835-53,Leão Montenegro e Filhos,Andrade Grande,PI,2026-05-25 01:16:38
FLOW-0000004604,POL-00000468,CLM-00000571,PREMIUM_PAYMENT,CREDIT_CARD,PROCESSED,2024-06-02,2024-06-05,9535.54,9535.54,BRL,547.803.129-14,Moura Pimenta - EI,Melo,AM,2026-05-25 01:16:38
FLOW-0000004605,POL-00000474,CLM-00000075,COMMISSION,CREDIT_CARD,PENDING,2025-02-09,2025-02-14,13328.42,13328.42,BRL,132.549.670-70,Albuquerque,Cassiano de Goiás,CE,2026-05-25 01:16:38
FLOW-0000004606,POL-00000169,CLM-00000495,PREMIUM_PAYMENT,BANK_TRANSFER,CANCELLED,2025-09-21,2025-09-21,19341.51,19341.51,BRL,612.890.475-02,Viana,Souza,ES,2026-05-25 01:16:38
FLOW-0000004607,POL-00000303,CLM-00000981,PREMIUM_PAYMENT,CREDIT_CARD,PROCESSED,2025-01-24,2025-01-28,4752.35,4752.35,BRL,968.407.531-66,Fogaça Pacheco S.A.,Machado,BA,2026-05-25 01:16:38
FLOW-0000004608,POL-00000042,CLM-00000664,PREMIUM_PAYMENT,PIX,CANCELLED,2026-03-30,2026-04-02,8805.43,8805.43,BRL,781.249.035-14,Pastor,Azevedo,CE,2026-05-25 01:16:38
FLOW-0000004609,POL-00000447,CLM-00000668,PREMIUM_PAYMENT,CREDIT_CARD,PENDING,2026-04-15,2026-04-17,13163.27,13163.27,BRL,621.439.058-15,Almeida,Cirino das Pedras,RR,2026-05-25 01:16:38
FLOW-0000004610,POL-00000135,CLM-00000277,REINSURANCE,BANK_TRANSFER,PROCESSED,2024-12-12,2024-12-12,158.85,158.85,BRL,748.910.635-48,da Rocha S/A,Borges,SP,2026-05-25 01:16:38
FLOW-0000004611,POL-00000288,CLM-00000856,REINSURANCE,DEBIT,CANCELLED,2026-02-03,2026-02-08,15982.99,15982.99,BRL,261.480.735-44,da Rocha Barbosa S/A,Novaes,RS,2026-05-25 01:16:38
FLOW-0000004612,POL-00000329,CLM-00000018,PREMIUM_PAYMENT,BANK_SLIP,PROCESSED,2025-03-20,2025-03-22,16004.33,16004.33,BRL,436.875.920-65,Castro S.A.,Ramos de Aragão,PI,2026-05-25 01:16:38
FLOW-0000004613,POL-00000375,CLM-00000899,PREMIUM_PAYMENT,BANK_SLIP,PENDING,2026-02-01,2026-02-05,4944.61,4944.61,BRL,165.427.930-70,da Paz,Pimenta,PE,2026-05-25 01:16:38
FLOW-0000004614,POL-00000428,CLM-00000641,PREMIUM_PAYMENT,PIX,CANCELLED,2025-05-16,2025-05-18,15858.82,15858.82,BRL,617.258.430-80,Novais,Silva,MG,2026-05-25 01:16:38
FLOW-0000004615,POL-00000206,CLM-00000678,REINSURANCE,BANK_TRANSFER,PENDING,2024-09-05,2024-09-08,6917.16,6917.16,BRL,089.467.153-75,Cassiano da Cruz Ltda.,Gonçalves,TO,2026-05-25 01:16:38
FLOW-0000004616,POL-00000117,CLM-00000872,CLAIM_PAYMENT,BANK_SLIP,PROCESSED,2024-12-30,2025-01-01,3773.41,3773.41,BRL,164.872.930-40,Rocha,da Rosa do Sul,AC,2026-05-25 01:16:38
FLOW-0000004617,POL-00000197,CLM-00000173,PREMIUM_PAYMENT,PIX,PENDING,2025-12-04,2025-12-07,15137.97,15137.97,BRL,968.475.321-73,Pastor Ltda.,Carvalho,TO,2026-05-25 01:16:38
FLOW-0000004618,POL-00000011,CLM-00000963,REFUND,BANK_SLIP,PROCESSED,2024-09-23,2024-09-23,19572.35,19572.35,BRL,016.974.258-01,Correia da Rosa S/A,Sá,RS,2026-05-25 01:16:38
FLOW-0000004619,POL-00000072,CLM-00000266,REFUND,BANK_TRANSFER,CANCELLED,2024-08-21,2024-08-23,19648.13,19648.13,BRL,270.135.846-90,Azevedo,Sampaio,BA,2026-05-25 01:16:38
FLOW-0000004620,POL-00000013,CLM-00000715,REFUND,CREDIT_CARD,FAILED,2026-01-12,2026-01-15,9118.83,0.0,BRL,238.901.745-23,Vasconcelos,Albuquerque de da Mata,GO,2026-05-25 01:16:38
FLOW-0000004621,POL-00000414,CLM-00000658,CANCELLATION,CREDIT_CARD,PENDING,2026-04-10,2026-04-13,22109.03,22109.03,BRL,780.352.914-32,Rodrigues,da Costa do Amparo,BA,2026-05-25 01:16:38
FLOW-0000004622,POL-00000462,CLM-00000418,CANCELLATION,DEBIT,FAILED,2025-12-19,2025-12-21,9806.16,0.0,BRL,126.540.739-80,Lopes,Araújo,PR,2026-05-25 01:16:38
FLOW-0000004623,POL-00000404,CLM-00000214,REFUND,CREDIT_CARD,CANCELLED,2025-11-08,2025-11-10,1290.01,1290.01,BRL,472.580.196-85,Albuquerque,Ferreira,PE,2026-05-25 01:16:38
FLOW-0000004624,POL-00000131,CLM-00000339,COMMISSION,PIX,PROCESSED,2025-10-25,2025-10-30,7633.03,7633.03,BRL,420.376.518-80,Carvalho - EI,da Rocha,TO,2026-05-25 01:16:38
FLOW-0000004625,POL-00000182,CLM-00000950,REFUND,BANK_TRANSFER,CANCELLED,2025-11-25,2025-11-27,9551.39,9551.39,BRL,419.026.537-34,Santos,Campos,RO,2026-05-25 01:16:38
FLOW-0000004626,POL-00000403,CLM-00000304,COMMISSION,BANK_TRANSFER,PROCESSED,2025-08-04,2025-08-05,16673.11,16673.11,BRL,295.680.147-30,Pires,Rocha de Guerra,ES,2026-05-25 01:16:38
FLOW-0000004627,POL-00000336,CLM-00000561,CANCELLATION,DEBIT,FAILED,2025-11-03,2025-11-08,21410.93,0.0,BRL,372.146.950-06,Melo Fonseca e Filhos,Costa dos Dourados,AP,2026-05-25 01:16:38
FLOW-0000004628,POL-00000111,CLM-00000445,REFUND,DEBIT,CANCELLED,2025-04-06,2025-04-11,4042.53,4042.53,BRL,976.102.458-01,Rezende e Filhos,Azevedo,AM,2026-05-25 01:16:38
FLOW-0000004629,POL-00000016,CLM-00000882,CLAIM_PAYMENT,DEBIT,PROCESSED,2024-07-17,2024-07-19,12963.75,12963.75,BRL,076.259.418-76,da Cruz,Almeida,RN,2026-05-25 01:16:38
FLOW-0000004630,POL-00000474,CLM-00000521,REFUND,BANK_TRANSFER,PENDING,2025-09-05,2025-09-08,9154.72,9154.72,BRL,508.267.439-00,Novais,Martins da Mata,AL,2026-05-25 01:16:38
FLOW-0000004631,POL-00000395,CLM-00000824,CANCELLATION,BANK_TRANSFER,CANCELLED,2025-01-27,2025-01-29,6130.39,6130.39,BRL,769.483.120-04,Cirino,Oliveira,MG,2026-05-25 01:16:38
FLOW-0000004632,POL-00000154,CLM-00000250,CANCELLATION,DEBIT,FAILED,2024-11-16,2024-11-20,5500.15,0.0,BRL,058.967.412-94,Ramos e Filhos,Machado de Minas,RR,2026-05-25 01:16:38
FLOW-0000004633,POL-00000183,CLM-00000025,REINSURANCE,CREDIT_CARD,PENDING,2025-02-19,2025-02-23,17278.2,17278.2,BRL,571.346.028-26,Pereira,Porto Grande,AM,2026-05-25 01:16:38
FLOW-0000004634,POL-00000306,CLM-00000180,COMMISSION,BANK_TRANSFER,PENDING,2026-02-26,2026-02-28,20002.76,20002.76,BRL,750.821.369-68,Sousa S.A.,Campos,PI,2026-05-25 01:16:38
FLOW-0000004635,POL-00000027,CLM-00000469,CLAIM_PAYMENT,BANK_SLIP,PENDING,2024-07-05,2024-07-07,10052.28,10052.28,BRL,361.027.954-07,Vieira,Barbosa,RS,2026-05-25 01:16:38
FLOW-0000004636,POL-00000291,CLM-00000047,REINSURANCE,DEBIT,PROCESSED,2026-05-07,2026-05-09,4346.77,4346.77,BRL,490.271.856-11,Aragão,Alves,AP,2026-05-25 01:16:38
FLOW-0000004637,POL-00000465,CLM-00000146,CANCELLATION,BANK_TRANSFER,CANCELLED,2026-03-29,2026-04-01,5720.55,5720.55,BRL,209.631.587-59,Siqueira,das Neves da Serra,MT,2026-05-25 01:16:38
FLOW-0000004638,POL-00000124,CLM-00000576,COMMISSION,PIX,PENDING,2024-10-24,2024-10-26,6777.55,6777.55,BRL,705.928.416-85,Duarte Rodrigues Ltda.,da Rocha,PE,2026-05-25 01:16:38
FLOW-0000004639,POL-00000057,CLM-00000363,COMMISSION,PIX,FAILED,2024-08-31,2024-08-31,10571.67,0.0,BRL,931.807.652-59,Ferreira,Barbosa,GO,2026-05-25 01:16:38
FLOW-0000004640,POL-00000154,CLM-00000352,CANCELLATION,PIX,PENDING,2025-04-05,2025-04-10,3359.75,3359.75,BRL,531.029.486-42,Aparecida Ltda.,Viana,AM,2026-05-25 01:16:38
FLOW-0000004641,POL-00000160,CLM-00000215,REINSURANCE,CREDIT_CARD,PENDING,2025-01-19,2025-01-24,4665.54,4665.54,BRL,827.951.604-20,da Luz S/A,da Costa,SC,2026-05-25 01:16:38
FLOW-0000004642,POL-00000306,CLM-00000272,CLAIM_PAYMENT,BANK_SLIP,CANCELLED,2026-03-24,2026-03-25,22123.72,22123.72,BRL,174.259.308-97,Monteiro,Novais,PE,2026-05-25 01:16:38
FLOW-0000004643,POL-00000097,CLM-00000081,REINSURANCE,PIX,FAILED,2024-09-15,2024-09-16,18777.39,0.0,BRL,620.419.758-49,Freitas,Cassiano do Galho,AL,2026-05-25 01:16:38
FLOW-0000004644,POL-00000295,CLM-00000030,CANCELLATION,CREDIT_CARD,FAILED,2024-11-04,2024-11-04,3598.79,0.0,BRL,613.257.984-28,Silva Vargas S/A,Alves,AM,2026-05-25 01:16:38
FLOW-0000004645,POL-00000419,CLM-00000271,CLAIM_PAYMENT,BANK_SLIP,CANCELLED,2025-10-27,2025-10-28,10057.57,10057.57,BRL,296.470.831-22,Porto,Azevedo do Campo,MT,2026-05-25 01:16:38
FLOW-0000004646,POL-00000464,CLM-00000188,CANCELLATION,CREDIT_CARD,CANCELLED,2025-05-29,2025-06-02,10881.57,10881.57,BRL,213.584.976-64,Araújo,Dias Paulista,AL,2026-05-25 01:16:38
FLOW-0000004647,POL-00000254,CLM-00000229,REINSURANCE,BANK_TRANSFER,FAILED,2025-05-10,2025-05-10,17312.92,0.0,BRL,315.786.024-08,Carvalho,da Paz,PR,2026-05-25 01:16:38
FLOW-0000004648,POL-00000179,CLM-00000300,CANCELLATION,CREDIT_CARD,FAILED,2024-07-15,2024-07-16,13872.48,0.0,BRL,584.301.792-32,Campos,Aparecida de Minas,AM,2026-05-25 01:16:38
FLOW-0000004649,POL-00000409,CLM-00000619,REFUND,PIX,PENDING,2024-12-20,2024-12-20,6525.62,6525.62,BRL,395.827.164-28,Campos,Caldeira,PE,2026-05-25 01:16:38
FLOW-0000004650,POL-00000245,CLM-00000682,PREMIUM_PAYMENT,CREDIT_CARD,PENDING,2026-02-04,2026-02-08,5842.15,5842.15,BRL,260.937.584-00,Andrade,Aragão,BA,2026-05-25 01:16:38
FLOW-0000004651,POL-00000353,CLM-00000465,COMMISSION,PIX,PROCESSED,2026-03-25,2026-03-27,20728.49,20728.49,BRL,450.216.973-07,Pimenta,Cavalcanti de Rocha,RO,2026-05-25 01:16:38
FLOW-0000004652,POL-00000213,CLM-00000467,CLAIM_PAYMENT,BANK_SLIP,PENDING,2026-03-28,2026-03-31,3436.03,3436.03,BRL,709.256.138-86,Pastor Montenegro e Filhos,Araújo,SP,2026-05-25 01:16:38
FLOW-0000004653,POL-00000432,CLM-00000144,REFUND,PIX,PENDING,2025-11-01,2025-11-02,11084.43,11084.43,BRL,196.740.532-80,Câmara Santos - EI,Lopes de Silva,AL,2026-05-25 01:16:38
FLOW-0000004654,POL-00000494,CLM-00000434,REFUND,BANK_SLIP,FAILED,2025-06-10,2025-06-15,7970.64,0.0,BRL,182.379.604-40,Viana Marques S/A,Pastor do Oeste,SE,2026-05-25 01:16:38
FLOW-0000004655,POL-00000386,CLM-00000435,PREMIUM_PAYMENT,PIX,PROCESSED,2025-08-12,2025-08-15,6470.34,6470.34,BRL,569.217.430-80,Duarte Cassiano e Filhos,Cunha Paulista,CE,2026-05-25 01:16:38
FLOW-0000004656,POL-00000201,CLM-00000164,PREMIUM_PAYMENT,PIX,CANCELLED,2026-05-12,2026-05-16,6475.59,6475.59,BRL,729.015.386-30,Ribeiro S.A.,Oliveira das Pedras,MT,2026-05-25 01:16:38
FLOW-0000004657,POL-00000293,CLM-00000240,PREMIUM_PAYMENT,PIX,CANCELLED,2025-09-09,2025-09-13,15554.83,15554.83,BRL,398.401.725-14,da Cunha,Campos,CE,2026-05-25 01:16:38
FLOW-0000004658,POL-00000405,CLM-00000865,CLAIM_PAYMENT,BANK_SLIP,PENDING,2024-12-22,2024-12-26,20814.84,20814.84,BRL,821.593.470-60,Moreira S/A,Peixoto,AC,2026-05-25 01:16:38
FLOW-0000004659,POL-00000382,CLM-00000506,PREMIUM_PAYMENT,PIX,CANCELLED,2025-10-21,2025-10-25,14962.94,14962.94,BRL,126.453.078-17,Aragão Câmara e Filhos,Cassiano da Mata,RO,2026-05-25 01:16:38
FLOW-0000004660,POL-00000370,CLM-00000631,CANCELLATION,BANK_TRANSFER,FAILED,2025-07-02,2025-07-04,8422.89,0.0,BRL,361.425.098-98,da Rosa - EI,da Paz do Norte,TO,2026-05-25 01:16:38
FLOW-0000004661,POL-00000226,CLM-00000234,CLAIM_PAYMENT,PIX,CANCELLED,2024-09-03,2024-09-07,3613.82,3613.82,BRL,310.486.925-15,Brito Costa - EI,Marques do Campo,SC,2026-05-25 01:16:38
FLOW-0000004662,POL-00000401,CLM-00000235,CLAIM_PAYMENT,BANK_TRANSFER,FAILED,2025-10-03,2025-10-04,23809.09,0.0,BRL,623.718.590-95,Montenegro,Siqueira,TO,2026-05-25 01:16:38
FLOW-0000004663,POL-00000258,CLM-00000353,PREMIUM_PAYMENT,PIX,FAILED,2024-09-25,2024-09-29,13288.29,0.0,BRL,890.142.573-41,Correia e Filhos,Souza,PB,2026-05-25 01:16:38
FLOW-0000004664,POL-00000075,CLM-00000379,CLAIM_PAYMENT,BANK_TRANSFER,PENDING,2025-01-11,2025-01-16,7329.22,7329.22,BRL,798.534.261-37,Brito,Câmara de Aragão,PI,2026-05-25 01:16:38
FLOW-0000004665,POL-00000440,CLM-00000696,COMMISSION,BANK_SLIP,PENDING,2025-10-17,2025-10-18,10048.41,10048.41,BRL,485.670.321-80,Sá,Farias dos Dourados,PA,2026-05-25 01:16:38
FLOW-0000004666,POL-00000055,CLM-00000253,CANCELLATION,CREDIT_CARD,PROCESSED,2025-05-27,2025-05-31,4433.82,4433.82,BRL,209.735.416-52,da Cunha,Souza,ES,2026-05-25 01:16:38
FLOW-0000004667,POL-00000194,CLM-00000478,COMMISSION,BANK_SLIP,CANCELLED,2026-04-21,2026-04-22,11810.95,11810.95,BRL,179.283.406-31,Peixoto,Dias,RJ,2026-05-25 01:16:38
FLOW-0000004668,POL-00000150,CLM-00000605,PREMIUM_PAYMENT,PIX,FAILED,2024-11-18,2024-11-22,15260.37,0.0,BRL,736.402.915-06,Fonseca,Monteiro dos Dourados,AL,2026-05-25 01:16:38
FLOW-0000004669,POL-00000459,CLM-00000088,COMMISSION,BANK_TRANSFER,PROCESSED,2025-01-16,2025-01-21,7166.68,7166.68,BRL,971.203.564-61,Azevedo,Souza da Serra,RS,2026-05-25 01:16:38
FLOW-0000004670,POL-00000224,CLM-00000905,COMMISSION,BANK_TRANSFER,PROCESSED,2025-08-07,2025-08-12,5117.93,5117.93,BRL,247.650.198-02,Mendes S.A.,Pereira,RO,2026-05-25 01:16:38
FLOW-0000004671,POL-00000352,CLM-00000669,PREMIUM_PAYMENT,BANK_SLIP,PENDING,2025-06-03,2025-06-05,5664.35,5664.35,BRL,968.472.315-64,da Mata e Filhos,Gonçalves,PE,2026-05-25 01:16:38
FLOW-0000004672,POL-00000061,CLM-00000695,REFUND,PIX,CANCELLED,2025-09-17,2025-09-22,24533.99,24533.99,BRL,164.895.732-37,Garcia,Cardoso de Rocha,AM,2026-05-25 01:16:38
FLOW-0000004673,POL-00000486,CLM-00000690,CLAIM_PAYMENT,DEBIT,PENDING,2026-04-25,2026-04-27,444.2,444.2,BRL,379.084.651-10,Oliveira Sá S/A,Pereira Paulista,PI,2026-05-25 01:16:38
FLOW-0000004674,POL-00000466,CLM-00000463,COMMISSION,BANK_SLIP,PENDING,2024-06-25,2024-06-29,3206.35,3206.35,BRL,546.093.871-66,Vargas,Camargo,ES,2026-05-25 01:16:38
FLOW-0000004675,POL-00000351,CLM-00000630,REFUND,PIX,PROCESSED,2026-04-14,2026-04-15,12755.38,12755.38,BRL,532.764.081-71,Cirino,da Rosa Alegre,MT,2026-05-25 01:16:38
FLOW-0000004676,POL-00000118,CLM-00000840,REINSURANCE,BANK_TRANSFER,CANCELLED,2025-04-12,2025-04-17,1386.7,1386.7,BRL,804.756.391-20,Siqueira,Camargo,PB,2026-05-25 01:16:38
FLOW-0000004677,POL-00000204,CLM-00000581,REINSURANCE,PIX,PROCESSED,2024-12-11,2024-12-12,3960.44,3960.44,BRL,904.537.618-01,Aparecida - EI,Ribeiro do Campo,AM,2026-05-25 01:16:38
FLOW-0000004678,POL-00000223,CLM-00000797,CANCELLATION,DEBIT,CANCELLED,2026-02-28,2026-03-02,11094.21,11094.21,BRL,596.734.810-75,Barros,Fonseca do Norte,RR,2026-05-25 01:16:38
FLOW-0000004679,POL-00000290,CLM-00000527,COMMISSION,DEBIT,PROCESSED,2024-07-15,2024-07-15,19333.26,19333.26,BRL,260.349.587-92,Novais Camargo - EI,Sousa da Praia,BA,2026-05-25 01:16:38
FLOW-0000004680,POL-00000178,CLM-00000871,CANCELLATION,BANK_TRANSFER,FAILED,2024-09-04,2024-09-07,74.42,0.0,BRL,074.682.931-04,Lopes,Nunes,AL,2026-05-25 01:16:38
FLOW-0000004681,POL-00000192,CLM-00000885,CANCELLATION,BANK_SLIP,PENDING,2025-12-13,2025-12-18,15487.82,15487.82,BRL,820.436.517-90,Ramos,da Cruz,CE,2026-05-25 01:16:38
FLOW-0000004682,POL-00000006,CLM-00000829,COMMISSION,BANK_SLIP,PENDING,2024-08-21,2024-08-21,6394.67,6394.67,BRL,287.610.534-90,Pereira Vieira - EI,Mendes,ES,2026-05-25 01:16:38
FLOW-0000004683,POL-00000381,CLM-00000827,CANCELLATION,BANK_TRANSFER,CANCELLED,2025-09-14,2025-09-14,3316.76,3316.76,BRL,054.972.861-94,Fogaça - EI,Mendes,RO,2026-05-25 01:16:38
FLOW-0000004684,POL-00000455,CLM-00000219,REINSURANCE,CREDIT_CARD,PENDING,2025-08-19,2025-08-20,14033.51,14033.51,BRL,540.693.281-06,Aparecida Ltda.,Siqueira,AC,2026-05-25 01:16:38
FLOW-0000004685,POL-00000305,CLM-00000324,PREMIUM_PAYMENT,BANK_TRANSFER,PROCESSED,2025-11-19,2025-11-24,8688.19,8688.19,BRL,324.701.965-07,da Mota Castro - EI,Barbosa,PB,2026-05-25 01:16:38
FLOW-0000004686,POL-00000122,CLM-00000665,REFUND,PIX,PENDING,2025-06-05,2025-06-08,11342.1,11342.1,BRL,403.675.821-71,Ferreira S/A,Duarte do Norte,MS,2026-05-25 01:16:38
FLOW-0000004687,POL-00000140,CLM-00000418,CANCELLATION,DEBIT,PROCESSED,2025-02-21,2025-02-23,262.3,262.3,BRL,926.317.845-37,Garcia S.A.,Cavalcante Verde,CE,2026-05-25 01:16:38
FLOW-0000004688,POL-00000275,CLM-00000729,CANCELLATION,BANK_SLIP,PENDING,2024-09-06,2024-09-11,8732.24,8732.24,BRL,475.936.018-20,Castro,Cavalcanti da Prata,DF,2026-05-25 01:16:38
FLOW-0000004689,POL-00000023,CLM-00000078,REINSURANCE,BANK_SLIP,PENDING,2025-10-09,2025-10-10,19730.75,19730.75,BRL,647.398.125-09,da Mota Sampaio - EI,da Costa de Almeida,MS,2026-05-25 01:16:38
FLOW-0000004690,POL-00000037,CLM-00000050,REFUND,CREDIT_CARD,PROCESSED,2025-04-19,2025-04-23,16642.52,16642.52,BRL,873.154.062-71,da Costa,Moreira,DF,2026-05-25 01:16:38
FLOW-0000004691,POL-00000031,CLM-00000103,COMMISSION,BANK_TRANSFER,CANCELLED,2026-05-17,2026-05-17,6129.93,6129.93,BRL,732.480.915-41,Cunha,Moraes de Costa,PI,2026-05-25 01:16:38
FLOW-0000004692,POL-00000121,CLM-00000549,PREMIUM_PAYMENT,BANK_TRANSFER,PENDING,2024-12-07,2024-12-09,4034.09,4034.09,BRL,921.374.506-07,Marques,Pacheco do Campo,AL,2026-05-25 01:16:38
FLOW-0000004693,POL-00000017,CLM-00000790,CLAIM_PAYMENT,BANK_TRANSFER,PROCESSED,2025-04-05,2025-04-06,9073.47,9073.47,BRL,347.852.069-00,Sales Ltda.,Marques do Galho,ES,2026-05-25 01:16:38
FLOW-0000004694,POL-00000452,CLM-00000771,CANCELLATION,DEBIT,PENDING,2025-01-02,2025-01-07,4964.82,4964.82,BRL,846.317.520-17,Carvalho - ME,Barros,BA,2026-05-25 01:16:38
FLOW-0000004695,POL-00000114,CLM-00000426,CANCELLATION,PIX,CANCELLED,2025-06-18,2025-06-22,3082.88,3082.88,BRL,173.029.458-88,Duarte Sousa Ltda.,Dias de Pereira,RJ,2026-05-25 01:16:38
FLOW-0000004696,POL-00000333,CLM-00000961,CANCELLATION,DEBIT,PENDING,2025-12-06,2025-12-07,13459.9,13459.9,BRL,953.684.027-83,Casa Grande Santos - EI,das Neves,PE,2026-05-25 01:16:38
FLOW-0000004697,POL-00000239,CLM-00000768,REINSURANCE,BANK_TRANSFER,PENDING,2025-10-30,2025-10-31,18470.07,18470.07,BRL,653.842.701-44,Borges Carvalho S/A,Barbosa,MG,2026-05-25 01:16:38
FLOW-0000004698,POL-00000220,CLM-00000494,CANCELLATION,BANK_SLIP,CANCELLED,2025-05-18,2025-05-22,17675.45,17675.45,BRL,702.143.659-99,Garcia,das Neves do Galho,PI,2026-05-25 01:16:38
FLOW-0000004699,POL-00000042,CLM-00000264,COMMISSION,PIX,PROCESSED,2024-10-20,2024-10-20,1116.41,1116.41,BRL,975.631.248-37,Pastor S/A,Peixoto,RN,2026-05-25 01:16:38
FLOW-0000004700,POL-00000059,CLM-00000445,PREMIUM_PAYMENT,BANK_SLIP,CANCELLED,2025-01-07,2025-01-07,24164.76,24164.76,BRL,830.964.572-47,Lima,Duarte,DF,2026-05-25 01:16:38
FLOW-0000004701,POL-00000054,CLM-00000185,PREMIUM_PAYMENT,BANK_SLIP,FAILED,2026-05-10,2026-05-12,14037.68,0.0,BRL,207.341.895-32,Teixeira Souza - ME,Monteiro do Campo,AP,2026-05-25 01:16:38
FLOW-0000004702,POL-00000392,CLM-00000113,COMMISSION,BANK_TRANSFER,PENDING,2024-08-09,2024-08-12,210.17,210.17,BRL,127.963.508-86,das Neves,Casa Grande,PE,2026-05-25 01:16:38
FLOW-0000004703,POL-00000186,CLM-00000266,CANCELLATION,CREDIT_CARD,FAILED,2024-05-25,2024-05-25,15574.28,0.0,BRL,538.462.107-90,Vargas,Araújo da Mata,DF,2026-05-25 01:16:38
FLOW-0000004704,POL-00000177,CLM-00000347,CLAIM_PAYMENT,DEBIT,CANCELLED,2025-01-28,2025-01-31,15157.42,15157.42,BRL,934.601.528-42,Farias,Sales de Marques,PI,2026-05-25 01:16:38
FLOW-0000004705,POL-00000256,CLM-00000081,REFUND,BANK_SLIP,CANCELLED,2025-07-09,2025-07-09,15020.99,15020.99,BRL,568.124.037-17,Nascimento,Gomes das Flores,AP,2026-05-25 01:16:38
FLOW-0000004706,POL-00000353,CLM-00000774,CANCELLATION,BANK_TRANSFER,PENDING,2025-02-05,2025-02-08,11181.37,11181.37,BRL,892.463.710-03,Pinto S/A,da Rosa do Campo,MT,2026-05-25 01:16:38
FLOW-0000004707,POL-00000124,CLM-00000599,CLAIM_PAYMENT,CREDIT_CARD,CANCELLED,2024-08-07,2024-08-11,10411.08,10411.08,BRL,812.670.594-94,Gonçalves,Lopes das Flores,RS,2026-05-25 01:16:38
FLOW-0000004708,POL-00000392,CLM-00000850,CANCELLATION,DEBIT,CANCELLED,2026-03-22,2026-03-25,2708.47,2708.47,BRL,435.671.209-99,Correia S.A.,Costa,MG,2026-05-25 01:16:38
FLOW-0000004709,POL-00000187,CLM-00000507,PREMIUM_PAYMENT,BANK_SLIP,FAILED,2025-09-24,2025-09-27,13620.37,0.0,BRL,864.213.750-90,Pimenta,Campos,PB,2026-05-25 01:16:38
FLOW-0000004710,POL-00000383,CLM-00000294,REINSURANCE,PIX,CANCELLED,2026-02-12,2026-02-15,2506.22,2506.22,BRL,603.217.549-99,da Cruz,Castro Alegre,SP,2026-05-25 01:16:38
FLOW-0000004711,POL-00000342,CLM-00000390,CLAIM_PAYMENT,PIX,FAILED,2025-12-10,2025-12-11,18249.49,0.0,BRL,439.701.528-79,Casa Grande Lopes - ME,Santos do Amparo,MA,2026-05-25 01:16:38
FLOW-0000004712,POL-00000091,CLM-00000507,REFUND,DEBIT,CANCELLED,2025-10-10,2025-10-12,7463.13,7463.13,BRL,075.284.963-83,Barros,Viana do Sul,SP,2026-05-25 01:16:38
FLOW-0000004713,POL-00000488,CLM-00000697,PREMIUM_PAYMENT,PIX,FAILED,2025-07-28,2025-07-29,18201.65,0.0,BRL,123.650.497-61,Brito Pereira Ltda.,Oliveira de Vieira,AC,2026-05-25 01:16:38
FLOW-0000004714,POL-00000351,CLM-00000306,REFUND,BANK_SLIP,PENDING,2024-07-15,2024-07-15,20148.12,20148.12,BRL,301.845.972-50,Abreu,Martins,RR,2026-05-25 01:16:38
FLOW-0000004715,POL-00000152,CLM-00000524,COMMISSION,BANK_SLIP,PROCESSED,2026-05-04,2026-05-09,16790.01,16790.01,BRL,968.245.103-51,Peixoto Casa Grande e Filhos,da Mata de Peixoto,SP,2026-05-25 01:16:38
FLOW-0000004716,POL-00000107,CLM-00000909,REINSURANCE,DEBIT,CANCELLED,2025-07-12,2025-07-12,15044.09,15044.09,BRL,793.540.128-41,da Rosa,Duarte,SC,2026-05-25 01:16:38
FLOW-0000004717,POL-00000161,CLM-00000387,COMMISSION,BANK_TRANSFER,CANCELLED,2026-03-10,2026-03-12,12005.99,12005.99,BRL,296.851.704-01,da Cunha da Conceição S/A,Araújo,RN,2026-05-25 01:16:38
FLOW-0000004718,POL-00000475,CLM-00000023,REINSURANCE,BANK_SLIP,CANCELLED,2025-06-08,2025-06-12,9718.1,9718.1,BRL,543.918.206-33,Cunha Caldeira - ME,Novais,PR,2026-05-25 01:16:38
FLOW-0000004719,POL-00000015,CLM-00000285,CLAIM_PAYMENT,BANK_TRANSFER,PENDING,2025-03-12,2025-03-15,13802.6,13802.6,BRL,924.507.863-92,Monteiro Ramos - EI,Pinto,PE,2026-05-25 01:16:38
FLOW-0000004720,POL-00000206,CLM-00000747,REINSURANCE,BANK_SLIP,PROCESSED,2026-05-03,2026-05-04,12186.21,12186.21,BRL,629.180.574-01,Dias Casa Grande - EI,Leão,RS,2026-05-25 01:16:38
FLOW-0000004721,POL-00000383,CLM-00000975,COMMISSION,BANK_SLIP,PROCESSED,2025-12-12,2025-12-17,21081.34,21081.34,BRL,204.193.857-97,Vasconcelos,das Neves do Sul,RR,2026-05-25 01:16:38
FLOW-0000004722,POL-00000339,CLM-00000660,REINSURANCE,BANK_SLIP,PENDING,2024-07-23,2024-07-28,24696.39,24696.39,BRL,418.769.352-19,Sampaio,Caldeira de Goiás,AM,2026-05-25 01:16:38
FLOW-0000004723,POL-00000307,CLM-00000229,REFUND,CREDIT_CARD,FAILED,2025-12-30,2026-01-02,23379.3,0.0,BRL,901.274.583-79,Câmara Nogueira e Filhos,Cavalcante,AL,2026-05-25 01:16:38
FLOW-0000004724,POL-00000194,CLM-00000761,COMMISSION,BANK_SLIP,PENDING,2024-07-05,2024-07-05,1139.84,1139.84,BRL,813.567.290-02,Martins - EI,Carvalho da Prata,RR,2026-05-25 01:16:38
FLOW-0000004725,POL-00000088,CLM-00000132,REINSURANCE,BANK_TRANSFER,CANCELLED,2025-11-03,2025-11-07,2399.99,2399.99,BRL,805.241.673-62,Rezende,Costela dos Dourados,MT,2026-05-25 01:16:38
FLOW-0000004726,POL-00000011,CLM-00000090,PREMIUM_PAYMENT,BANK_TRANSFER,PROCESSED,2025-01-15,2025-01-16,7055.11,7055.11,BRL,716.824.905-30,Mendes Montenegro - ME,Sousa Paulista,MA,2026-05-25 01:16:38
FLOW-0000004727,POL-00000334,CLM-00000055,REINSURANCE,DEBIT,CANCELLED,2025-11-22,2025-11-22,11186.43,11186.43,BRL,504.128.673-62,Albuquerque,Almeida,SP,2026-05-25 01:16:38
FLOW-0000004728,POL-00000427,CLM-00000591,REINSURANCE,DEBIT,FAILED,2025-07-05,2025-07-07,16944.77,0.0,BRL,692.304.158-98,Ribeiro - ME,Montenegro da Serra,PA,2026-05-25 01:16:38
FLOW-0000004729,POL-00000162,CLM-00000166,REFUND,BANK_SLIP,PENDING,2026-05-22,2026-05-24,14561.8,14561.8,BRL,852.130.946-51,Pinto,Ramos das Pedras,TO,2026-05-25 01:16:38
FLOW-0000004730,POL-00000280,CLM-00000875,PREMIUM_PAYMENT,DEBIT,FAILED,2024-08-17,2024-08-17,12283.8,0.0,BRL,184.930.675-39,Pacheco,Dias,BA,2026-05-25 01:16:38
FLOW-0000004731,POL-00000284,CLM-00000635,COMMISSION,BANK_TRANSFER,PENDING,2024-06-17,2024-06-19,24696.73,24696.73,BRL,647.025.813-17,Nascimento S.A.,Dias da Praia,PA,2026-05-25 01:16:38
FLOW-0000004732,POL-00000040,CLM-00000505,PREMIUM_PAYMENT,BANK_SLIP,CANCELLED,2025-03-31,2025-04-05,2595.04,2595.04,BRL,896.304.725-38,Machado - EI,da Cruz Grande,AM,2026-05-25 01:16:38
FLOW-0000004733,POL-00000209,CLM-00000883,CANCELLATION,BANK_SLIP,FAILED,2026-01-09,2026-01-14,20029.68,0.0,BRL,490.381.672-96,Nunes,Porto de Nogueira,AC,2026-05-25 01:16:38
FLOW-0000004734,POL-00000087,CLM-00000611,CLAIM_PAYMENT,DEBIT,PENDING,2026-05-23,2026-05-23,24829.18,24829.18,BRL,382.967.105-95,da Cruz Viana - ME,Pires,MG,2026-05-25 01:16:38
FLOW-0000004735,POL-00000382,CLM-00000888,REFUND,DEBIT,PROCESSED,2024-06-03,2024-06-05,20828.44,20828.44,BRL,259.710.368-40,da Mata Araújo Ltda.,da Rosa Paulista,SP,2026-05-25 01:16:38
FLOW-0000004736,POL-00000112,CLM-00000500,COMMISSION,BANK_TRANSFER,CANCELLED,2026-01-11,2026-01-11,10492.88,10492.88,BRL,498.761.235-64,Melo,Rios das Pedras,GO,2026-05-25 01:16:38
FLOW-0000004737,POL-00000270,CLM-00000874,REINSURANCE,BANK_TRANSFER,PROCESSED,2025-09-04,2025-09-08,1822.21,1822.21,BRL,467.985.320-47,Rios Duarte Ltda.,Duarte,PB,2026-05-25 01:16:38
FLOW-0000004738,POL-00000201,CLM-00000544,REINSURANCE,BANK_SLIP,PENDING,2025-05-30,2025-06-04,14540.01,14540.01,BRL,832.549.670-38,Rocha S.A.,Cavalcante do Oeste,RN,2026-05-25 01:16:38
FLOW-0000004739,POL-00000256,CLM-00000079,CLAIM_PAYMENT,DEBIT,PENDING,2025-09-07,2025-09-12,1231.66,1231.66,BRL,501.423.796-70,Gonçalves,Aparecida,MS,2026-05-25 01:16:38
FLOW-0000004740,POL-00000059,CLM-00000399,CANCELLATION,BANK_SLIP,PROCESSED,2024-05-29,2024-06-01,8734.07,8734.07,BRL,894.367.521-64,Rezende,Andrade de Câmara,RR,2026-05-25 01:16:38
FLOW-0000004741,POL-00000040,CLM-00000482,PREMIUM_PAYMENT,BANK_TRANSFER,PROCESSED,2024-08-30,2024-09-04,4902.03,4902.03,BRL,729.483.506-38,Guerra,Teixeira das Pedras,GO,2026-05-25 01:16:38
FLOW-0000004742,POL-00000387,CLM-00000869,REINSURANCE,PIX,PENDING,2024-06-24,2024-06-28,8269.1,8269.1,BRL,489.301.527-32,Pimenta Barbosa Ltda.,Rocha Verde,AL,2026-05-25 01:16:38
FLOW-0000004743,POL-00000244,CLM-00000689,PREMIUM_PAYMENT,BANK_SLIP,PROCESSED,2024-12-30,2025-01-01,17246.72,17246.72,BRL,251.430.876-35,Jesus Ltda.,Cavalcanti de Minas,PA,2026-05-25 01:16:38
FLOW-0000004744,POL-00000265,CLM-00000796,COMMISSION,CREDIT_CARD,FAILED,2025-03-21,2025-03-25,8963.57,0.0,BRL,293.754.168-28,Siqueira,Nogueira do Oeste,MT,2026-05-25 01:16:38
FLOW-0000004745,POL-00000463,CLM-00000991,CANCELLATION,BANK_SLIP,CANCELLED,2024-10-17,2024-10-21,5661.44,5661.44,BRL,407.938.612-50,Castro - ME,Peixoto,MS,2026-05-25 01:16:38
FLOW-0000004746,POL-00000079,CLM-00000494,REINSURANCE,CREDIT_CARD,PENDING,2026-01-17,2026-01-22,14962.66,14962.66,BRL,716.805.429-58,Oliveira Ribeiro Ltda.,Farias de Freitas,SE,2026-05-25 01:16:38
FLOW-0000004747,POL-00000075,CLM-00000933,CANCELLATION,CREDIT_CARD,PROCESSED,2025-11-02,2025-11-07,5484.79,5484.79,BRL,185.762.049-67,Freitas Pastor - EI,Gomes Verde,AM,2026-05-25 01:16:38
FLOW-0000004748,POL-00000427,CLM-00000615,COMMISSION,BANK_SLIP,PENDING,2024-07-30,2024-08-01,2690.74,2690.74,BRL,032.716.894-31,Gonçalves,Correia,RR,2026-05-25 01:16:38
FLOW-0000004749,POL-00000427,CLM-00000506,PREMIUM_PAYMENT,DEBIT,FAILED,2025-09-04,2025-09-06,13963.4,0.0,BRL,846.503.271-80,Santos Almeida S.A.,Freitas,RJ,2026-05-25 01:16:38
FLOW-0000004750,POL-00000362,CLM-00000193,PREMIUM_PAYMENT,DEBIT,PROCESSED,2024-07-03,2024-07-04,22619.86,22619.86,BRL,547.398.012-05,Marques,Rodrigues,ES,2026-05-25 01:16:38
FLOW-0000004751,POL-00000120,CLM-00000586,REINSURANCE,BANK_TRANSFER,CANCELLED,2024-10-14,2024-10-14,3081.78,3081.78,BRL,164.395.780-57,Teixeira Andrade Ltda.,Alves de Minas,AP,2026-05-25 01:16:38
FLOW-0000004752,POL-00000371,CLM-00000792,PREMIUM_PAYMENT,BANK_TRANSFER,PROCESSED,2025-12-20,2025-12-22,8982.29,8982.29,BRL,671.352.980-12,Martins,Gonçalves da Serra,GO,2026-05-25 01:16:38
FLOW-0000004753,POL-00000200,CLM-00000223,PREMIUM_PAYMENT,PIX,FAILED,2025-02-02,2025-02-04,7992.56,0.0,BRL,482.039.765-65,Rios,Fernandes,ES,2026-05-25 01:16:38
FLOW-0000004754,POL-00000267,CLM-00000678,REFUND,CREDIT_CARD,CANCELLED,2026-03-24,2026-03-28,6096.92,6096.92,BRL,568.710.924-20,Almeida Ltda.,Camargo Alegre,RO,2026-05-25 01:16:38
FLOW-0000004755,POL-00000357,CLM-00000678,REINSURANCE,CREDIT_CARD,CANCELLED,2025-08-30,2025-09-03,1201.23,1201.23,BRL,413.068.927-40,Alves,Caldeira Paulista,MA,2026-05-25 01:16:38
FLOW-0000004756,POL-00000070,CLM-00000645,REINSURANCE,CREDIT_CARD,CANCELLED,2025-05-19,2025-05-21,22054.14,22054.14,BRL,140.365.827-71,Barros - EI,Fonseca,AC,2026-05-25 01:16:38
FLOW-0000004757,POL-00000360,CLM-00000111,CANCELLATION,DEBIT,PROCESSED,2024-08-30,2024-09-04,851.16,851.16,BRL,486.372.159-55,Jesus Campos S/A,Casa Grande da Prata,SC,2026-05-25 01:16:38
FLOW-0000004758,POL-00000334,CLM-00000969,CLAIM_PAYMENT,PIX,FAILED,2025-10-05,2025-10-08,15919.48,0.0,BRL,021.675.489-58,Cardoso Ltda.,Aparecida Alegre,MG,2026-05-25 01:16:38
FLOW-0000004759,POL-00000450,CLM-00000212,PREMIUM_PAYMENT,BANK_SLIP,PENDING,2026-05-03,2026-05-06,10041.48,10041.48,BRL,501.342.869-60,Vieira Ltda.,Alves de Ferreira,SC,2026-05-25 01:16:38
FLOW-0000004760,POL-00000015,CLM-00000490,REFUND,BANK_SLIP,CANCELLED,2024-08-18,2024-08-22,11788.19,11788.19,BRL,852.304.679-83,da Costa S/A,Abreu Grande,PE,2026-05-25 01:16:38
FLOW-0000004761,POL-00000500,CLM-00000012,CLAIM_PAYMENT,BANK_SLIP,FAILED,2024-08-23,2024-08-23,11996.6,0.0,BRL,628.703.549-83,Fogaça e Filhos,da Luz de Farias,SP,2026-05-25 01:16:38
FLOW-0000004762,POL-00000377,CLM-00000872,CLAIM_PAYMENT,CREDIT_CARD,PROCESSED,2024-06-25,2024-06-27,3358.47,3358.47,BRL,190.732.645-61,Pereira e Filhos,Araújo de Minas,RR,2026-05-25 01:16:38
FLOW-0000004763,POL-00000416,CLM-00000829,REINSURANCE,PIX,PROCESSED,2026-03-12,2026-03-12,17224.22,17224.22,BRL,165.937.420-07,Cardoso S/A,Peixoto,RJ,2026-05-25 01:16:38
FLOW-0000004764,POL-00000376,CLM-00000241,CLAIM_PAYMENT,DEBIT,PROCESSED,2024-10-05,2024-10-08,16859.05,16859.05,BRL,431.980.756-10,da Mota,da Costa de Pacheco,MT,2026-05-25 01:16:38
FLOW-0000004765,POL-00000457,CLM-00000558,PREMIUM_PAYMENT,PIX,PENDING,2024-09-01,2024-09-03,7748.1,7748.1,BRL,647.528.013-53,Fernandes Jesus S/A,da Paz de Machado,PI,2026-05-25 01:16:38
FLOW-0000004766,POL-00000087,CLM-00000304,COMMISSION,BANK_TRANSFER,FAILED,2025-11-11,2025-11-16,19783.02,0.0,BRL,032.145.976-80,Gonçalves Leão - ME,Sousa,ES,2026-05-25 01:16:38
FLOW-0000004767,POL-00000081,CLM-00000710,CANCELLATION,CREDIT_CARD,PENDING,2026-02-06,2026-02-08,3924.77,3924.77,BRL,437.502.186-17,Souza,Garcia,PB,2026-05-25 01:16:38
FLOW-0000004768,POL-00000358,CLM-00000616,COMMISSION,CREDIT_CARD,PENDING,2024-10-29,2024-10-30,20222.32,20222.32,BRL,539.481.602-60,Pereira Fonseca Ltda.,Silva,MT,2026-05-25 01:16:38
FLOW-0000004769,POL-00000061,CLM-00000685,CANCELLATION,BANK_TRANSFER,PENDING,2025-05-28,2025-05-31,10313.25,10313.25,BRL,926.851.037-59,Cunha Novais e Filhos,Andrade,SC,2026-05-25 01:16:38
FLOW-0000004770,POL-00000141,CLM-00000009,COMMISSION,BANK_TRANSFER,CANCELLED,2026-04-18,2026-04-21,16451.38,16451.38,BRL,035.964.821-51,Casa Grande,Nogueira Alegre,SC,2026-05-25 01:16:38
FLOW-0000004771,POL-00000180,CLM-00000198,COMMISSION,BANK_TRANSFER,CANCELLED,2026-04-15,2026-04-19,7160.93,7160.93,BRL,318.746.520-07,Mendonça Ribeiro - EI,Almeida do Oeste,PB,2026-05-25 01:16:38
FLOW-0000004772,POL-00000240,CLM-00000040,PREMIUM_PAYMENT,CREDIT_CARD,PROCESSED,2026-02-15,2026-02-19,15520.03,15520.03,BRL,736.129.054-06,Sampaio da Rocha S.A.,Souza do Campo,GO,2026-05-25 01:16:38
FLOW-0000004773,POL-00000430,CLM-00000333,CLAIM_PAYMENT,PIX,FAILED,2025-07-07,2025-07-09,20778.91,0.0,BRL,341.980.526-89,Sales,Cavalcanti da Serra,PB,2026-05-25 01:16:38
FLOW-0000004774,POL-00000198,CLM-00000881,PREMIUM_PAYMENT,PIX,PROCESSED,2024-06-02,2024-06-07,15854.27,15854.27,BRL,435.192.608-24,Vieira da Mota S/A,Almeida Verde,AM,2026-05-25 01:16:38
FLOW-0000004775,POL-00000330,CLM-00000205,PREMIUM_PAYMENT,CREDIT_CARD,PENDING,2024-07-06,2024-07-11,22550.36,22550.36,BRL,268.795.143-91,Cardoso,da Luz,RJ,2026-05-25 01:16:38
FLOW-0000004776,POL-00000384,CLM-00000592,COMMISSION,BANK_TRANSFER,PROCESSED,2025-02-15,2025-02-18,8022.15,8022.15,BRL,193.820.647-96,Marques,Vargas,AL,2026-05-25 01:16:38
FLOW-0000004777,POL-00000246,CLM-00000392,CLAIM_PAYMENT,DEBIT,PROCESSED,2025-01-24,2025-01-25,929.05,929.05,BRL,138.904.265-06,Almeida,Aparecida da Mata,MA,2026-05-25 01:16:38
FLOW-0000004778,POL-00000397,CLM-00000172,REFUND,BANK_TRANSFER,PROCESSED,2024-06-02,2024-06-05,14598.0,14598.0,BRL,307.486.192-40,Cavalcante,Guerra,PB,2026-05-25 01:16:38
FLOW-0000004779,POL-00000048,CLM-00000583,REINSURANCE,CREDIT_CARD,CANCELLED,2024-08-15,2024-08-17,5881.5,5881.5,BRL,970.521.483-23,Vasconcelos Barros - ME,Azevedo,DF,2026-05-25 01:16:38
FLOW-0000004780,POL-00000312,CLM-00000694,CANCELLATION,PIX,PROCESSED,2025-08-05,2025-08-05,20877.37,20877.37,BRL,609.415.832-60,Câmara Mendes S/A,da Luz,AL,2026-05-25 01:16:38
FLOW-0000004781,POL-00000144,CLM-00000670,COMMISSION,BANK_SLIP,PROCESSED,2025-07-14,2025-07-18,19836.59,19836.59,BRL,287.049.316-96,da Mota Duarte S.A.,Fogaça,AL,2026-05-25 01:16:38
FLOW-0000004782,POL-00000263,CLM-00000763,REFUND,BANK_SLIP,PROCESSED,2025-08-04,2025-08-06,104.91,104.91,BRL,502.943.716-99,Siqueira,da Rosa,RN,2026-05-25 01:16:38
FLOW-0000004783,POL-00000346,CLM-00000530,CLAIM_PAYMENT,BANK_TRANSFER,FAILED,2024-07-05,2024-07-07,10282.28,0.0,BRL,279.015.863-03,Casa Grande S.A.,da Cruz,SC,2026-05-25 01:16:38
FLOW-0000004784,POL-00000107,CLM-00000484,CLAIM_PAYMENT,CREDIT_CARD,FAILED,2026-02-03,2026-02-07,5790.3,0.0,BRL,908.613.254-51,da Conceição S/A,Garcia,SE,2026-05-25 01:16:38
FLOW-0000004785,POL-00000224,CLM-00000925,CANCELLATION,BANK_TRANSFER,CANCELLED,2025-07-27,2025-07-27,23479.82,23479.82,BRL,509.624.173-43,Câmara da Costa e Filhos,Vasconcelos de Pastor,RS,2026-05-25 01:16:38
FLOW-0000004786,POL-00000398,CLM-00000828,REINSURANCE,CREDIT_CARD,CANCELLED,2026-03-01,2026-03-03,18304.79,18304.79,BRL,802.365.497-74,Cavalcanti S/A,Pimenta,RR,2026-05-25 01:16:38
FLOW-0000004787,POL-00000197,CLM-00000967,CLAIM_PAYMENT,BANK_TRANSFER,PROCESSED,2025-04-13,2025-04-15,4434.41,4434.41,BRL,960.418.372-96,Mendonça Ltda.,da Rocha do Sul,MG,2026-05-25 01:16:38
FLOW-0000004788,POL-00000231,CLM-00000276,COMMISSION,BANK_SLIP,PENDING,2025-06-23,2025-06-24,13884.4,13884.4,BRL,179.243.865-64,Cirino Barbosa S.A.,Castro da Praia,RS,2026-05-25 01:16:38
FLOW-0000004789,POL-00000084,CLM-00000998,PREMIUM_PAYMENT,BANK_TRANSFER,FAILED,2024-05-26,2024-05-28,20538.75,0.0,BRL,274.836.095-83,Pires,Pereira,PA,2026-05-25 01:16:38
FLOW-0000004790,POL-00000312,CLM-00000279,REINSURANCE,DEBIT,FAILED,2024-12-29,2025-01-03,22590.33,0.0,BRL,453.782.109-41,Ribeiro e Filhos,Moraes Paulista,AM,2026-05-25 01:16:38
FLOW-0000004791,POL-00000414,CLM-00000927,CLAIM_PAYMENT,BANK_TRANSFER,CANCELLED,2025-10-11,2025-10-16,21647.44,21647.44,BRL,745.819.632-73,Farias Lima - EI,Viana,RS,2026-05-25 01:16:38
FLOW-0000004792,POL-00000308,CLM-00000099,CLAIM_PAYMENT,DEBIT,FAILED,2024-08-15,2024-08-18,7120.31,0.0,BRL,047.538.169-66,Cassiano,Garcia Grande,AP,2026-05-25 01:16:38
FLOW-0000004793,POL-00000064,CLM-00000822,COMMISSION,BANK_TRANSFER,CANCELLED,2026-01-26,2026-01-29,8237.03,8237.03,BRL,035.287.649-29,Lopes Ltda.,Pastor,TO,2026-05-25 01:16:38
FLOW-0000004794,POL-00000141,CLM-00000140,PREMIUM_PAYMENT,BANK_TRANSFER,FAILED,2025-10-09,2025-10-13,5075.16,0.0,BRL,892.567.104-20,da Costa,da Mata dos Dourados,MG,2026-05-25 01:16:38
FLOW-0000004795,POL-00000146,CLM-00000758,CLAIM_PAYMENT,BANK_TRANSFER,FAILED,2026-03-19,2026-03-23,23741.02,0.0,BRL,437.259.608-10,Correia S/A,Castro Paulista,AL,2026-05-25 01:16:38
FLOW-0000004796,POL-00000221,CLM-00000461,REFUND,BANK_TRANSFER,CANCELLED,2026-05-09,2026-05-14,10079.03,10079.03,BRL,876.951.430-57,Silveira,Machado,DF,2026-05-25 01:16:38
FLOW-0000004797,POL-00000009,CLM-00000419,COMMISSION,PIX,CANCELLED,2026-01-01,2026-01-05,15301.7,15301.7,BRL,607.351.249-06,Macedo Freitas - EI,Santos,PE,2026-05-25 01:16:38
FLOW-0000004798,POL-00000447,CLM-00000885,CANCELLATION,DEBIT,PENDING,2025-04-07,2025-04-10,17521.99,17521.99,BRL,589.420.617-02,Machado da Rosa Ltda.,Rezende do Sul,GO,2026-05-25 01:16:38
FLOW-0000004799,POL-00000465,CLM-00000085,COMMISSION,PIX,CANCELLED,2025-05-27,2025-05-31,1334.68,1334.68,BRL,203.817.596-95,Mendes,da Luz,PR,2026-05-25 01:16:38
FLOW-0000004800,POL-00000408,CLM-00000975,CLAIM_PAYMENT,DEBIT,FAILED,2026-05-11,2026-05-11,24086.18,0.0,BRL,256.840.731-07,Pacheco Melo - ME,Santos,TO,2026-05-25 01:16:38
FLOW-0000004801,POL-00000215,CLM-00000443,REFUND,CREDIT_CARD,FAILED,2024-09-14,2024-09-14,8451.22,0.0,BRL,306.427.591-70,Camargo S.A.,Moura,MS,2026-05-25 01:16:38
FLOW-0000004802,POL-00000484,CLM-00000021,PREMIUM_PAYMENT,PIX,CANCELLED,2024-06-17,2024-06-17,16332.85,16332.85,BRL,056.398.412-06,Costa - ME,Jesus,RS,2026-05-25 01:16:38
FLOW-0000004803,POL-00000289,CLM-00000909,COMMISSION,BANK_SLIP,FAILED,2025-11-22,2025-11-25,12310.3,0.0,BRL,519.302.476-99,Borges da Rocha Ltda.,Correia,BA,2026-05-25 01:16:38
FLOW-0000004804,POL-00000313,CLM-00000909,CLAIM_PAYMENT,DEBIT,FAILED,2026-05-03,2026-05-04,7137.96,0.0,BRL,862.039.745-10,Cassiano S/A,Pereira,MT,2026-05-25 01:16:38
FLOW-0000004805,POL-00000166,CLM-00000778,PREMIUM_PAYMENT,PIX,FAILED,2024-08-24,2024-08-28,12952.22,0.0,BRL,459.871.032-23,Oliveira,Freitas do Campo,BA,2026-05-25 01:16:38
FLOW-0000004806,POL-00000439,CLM-00000725,REFUND,BANK_TRANSFER,CANCELLED,2024-06-08,2024-06-13,8411.34,8411.34,BRL,986.157.023-30,Alves e Filhos,Vasconcelos do Campo,ES,2026-05-25 01:16:38
FLOW-0000004807,POL-00000070,CLM-00000845,COMMISSION,CREDIT_CARD,PENDING,2025-07-14,2025-07-15,12137.59,12137.59,BRL,045.768.192-67,Sá,da Luz da Prata,AC,2026-05-25 01:16:38
FLOW-0000004808,POL-00000242,CLM-00000852,REFUND,BANK_TRANSFER,PENDING,2024-12-11,2024-12-12,19895.35,19895.35,BRL,824.605.931-98,da Paz,Gonçalves,GO,2026-05-25 01:16:38
FLOW-0000004809,POL-00000064,CLM-00000308,COMMISSION,PIX,CANCELLED,2025-04-13,2025-04-17,4237.07,4237.07,BRL,731.549.028-05,Cirino,Abreu,PE,2026-05-25 01:16:38
FLOW-0000004810,POL-00000276,CLM-00000332,CANCELLATION,DEBIT,PROCESSED,2026-03-11,2026-03-12,8294.44,8294.44,BRL,405.697.831-00,Pastor,Nunes,PB,2026-05-25 01:16:38
FLOW-0000004811,POL-00000264,CLM-00000809,REFUND,PIX,FAILED,2025-09-25,2025-09-28,18626.98,0.0,BRL,194.270.368-69,Nascimento,Rios dos Dourados,MG,2026-05-25 01:16:38
FLOW-0000004812,POL-00000294,CLM-00000251,CLAIM_PAYMENT,DEBIT,FAILED,2025-03-02,2025-03-07,10311.24,0.0,BRL,951.327.046-70,Dias Carvalho - ME,Vieira de Araújo,MS,2026-05-25 01:16:38
FLOW-0000004813,POL-00000101,CLM-00000331,CANCELLATION,BANK_TRANSFER,CANCELLED,2026-01-29,2026-02-02,21710.9,21710.9,BRL,496.105.823-89,Barbosa,Borges do Norte,ES,2026-05-25 01:16:38
FLOW-0000004814,POL-00000012,CLM-00000789,CANCELLATION,PIX,PENDING,2024-12-26,2024-12-28,5557.33,5557.33,BRL,491.623.785-46,Sá,Moraes,SP,2026-05-25 01:16:38
FLOW-0000004815,POL-00000308,CLM-00000342,REINSURANCE,PIX,CANCELLED,2025-11-06,2025-11-07,11009.91,11009.91,BRL,781.509.364-75,Nogueira,Costela de Fogaça,PA,2026-05-25 01:16:38
FLOW-0000004816,POL-00000330,CLM-00000943,PREMIUM_PAYMENT,BANK_TRANSFER,FAILED,2025-02-01,2025-02-05,16230.63,0.0,BRL,094.528.761-58,Ribeiro,da Cruz do Campo,SE,2026-05-25 01:16:38
FLOW-0000004817,POL-00000236,CLM-00000359,CANCELLATION,BANK_TRANSFER,CANCELLED,2025-06-19,2025-06-21,3728.37,3728.37,BRL,163.475.028-44,Vasconcelos - EI,Nunes Paulista,CE,2026-05-25 01:16:38
FLOW-0000004818,POL-00000199,CLM-00000336,PREMIUM_PAYMENT,DEBIT,PROCESSED,2024-09-09,2024-09-12,18986.72,18986.72,BRL,360.421.578-17,Carvalho,Pimenta,PR,2026-05-25 01:16:38
FLOW-0000004819,POL-00000111,CLM-00000260,CLAIM_PAYMENT,CREDIT_CARD,CANCELLED,2025-12-01,2025-12-02,1337.56,1337.56,BRL,105.627.493-06,Cirino,da Paz Grande,GO,2026-05-25 01:16:38
FLOW-0000004820,POL-00000207,CLM-00000521,CANCELLATION,BANK_TRANSFER,FAILED,2026-01-28,2026-02-02,7067.41,0.0,BRL,425.869.170-49,Novais e Filhos,da Mota,MT,2026-05-25 01:16:38
FLOW-0000004821,POL-00000120,CLM-00000108,CANCELLATION,BANK_TRANSFER,PROCESSED,2025-05-27,2025-05-30,18692.85,18692.85,BRL,241.698.503-51,Albuquerque e Filhos,Correia de Sá,SC,2026-05-25 01:16:38
FLOW-0000004822,POL-00000114,CLM-00000380,CLAIM_PAYMENT,DEBIT,PROCESSED,2024-10-30,2024-10-30,16872.92,16872.92,BRL,543.921.680-42,Guerra,Siqueira de Sampaio,DF,2026-05-25 01:16:38
FLOW-0000004823,POL-00000230,CLM-00000904,REFUND,BANK_SLIP,PENDING,2025-04-17,2025-04-22,10570.89,10570.89,BRL,067.592.814-11,Aragão,Peixoto,SC,2026-05-25 01:16:38
FLOW-0000004824,POL-00000444,CLM-00000366,COMMISSION,DEBIT,FAILED,2024-11-16,2024-11-16,22153.42,0.0,BRL,645.813.792-37,Lopes Aragão S.A.,Leão Alegre,MS,2026-05-25 01:16:38
FLOW-0000004825,POL-00000456,CLM-00000140,CLAIM_PAYMENT,DEBIT,CANCELLED,2025-08-28,2025-08-31,22159.24,22159.24,BRL,832.571.609-68,Porto Ltda.,Moreira,TO,2026-05-25 01:16:38
FLOW-0000004826,POL-00000357,CLM-00000043,REFUND,BANK_TRANSFER,FAILED,2026-01-25,2026-01-26,23582.86,0.0,BRL,397.085.126-21,Silveira - EI,Araújo de Santos,SP,2026-05-25 01:16:38
FLOW-0000004827,POL-00000417,CLM-00000508,REINSURANCE,CREDIT_CARD,CANCELLED,2025-05-24,2025-05-28,22548.13,22548.13,BRL,608.241.759-30,Nogueira S/A,Costa,SC,2026-05-25 01:16:38
FLOW-0000004828,POL-00000351,CLM-00000294,COMMISSION,BANK_SLIP,FAILED,2024-07-27,2024-07-30,24156.4,0.0,BRL,341.089.765-84,Ferreira,Pinto do Norte,MS,2026-05-25 01:16:38
FLOW-0000004829,POL-00000071,CLM-00000602,CANCELLATION,CREDIT_CARD,FAILED,2025-07-31,2025-08-02,20990.8,0.0,BRL,016.728.394-40,Macedo,Silveira de Minas,MS,2026-05-25 01:16:38
FLOW-0000004830,POL-00000450,CLM-00000846,REFUND,PIX,FAILED,2025-10-02,2025-10-03,11180.82,0.0,BRL,074.691.235-80,Machado S/A,Gomes,PI,2026-05-25 01:16:38
FLOW-0000004831,POL-00000286,CLM-00000487,REFUND,CREDIT_CARD,CANCELLED,2025-07-18,2025-07-19,11931.15,11931.15,BRL,658.713.240-53,Costela e Filhos,Novais,AC,2026-05-25 01:16:38
FLOW-0000004832,POL-00000491,CLM-00000888,CLAIM_PAYMENT,DEBIT,PENDING,2024-08-20,2024-08-20,6665.2,6665.2,BRL,476.039.125-80,Campos e Filhos,Nascimento do Sul,PI,2026-05-25 01:16:38
FLOW-0000004833,POL-00000306,CLM-00000456,PREMIUM_PAYMENT,CREDIT_CARD,FAILED,2025-11-29,2025-12-02,11707.78,0.0,BRL,950.621.873-03,Aragão,Freitas de Casa Grande,RR,2026-05-25 01:16:38
FLOW-0000004834,POL-00000387,CLM-00000483,PREMIUM_PAYMENT,BANK_SLIP,FAILED,2025-01-06,2025-01-07,7486.29,0.0,BRL,710.425.389-05,Moreira Cassiano e Filhos,Pacheco do Oeste,MT,2026-05-25 01:16:38
FLOW-0000004835,POL-00000404,CLM-00000034,PREMIUM_PAYMENT,PIX,PENDING,2026-03-24,2026-03-29,19435.05,19435.05,BRL,729.165.483-19,Fogaça,Viana,CE,2026-05-25 01:16:38
FLOW-0000004836,POL-00000408,CLM-00000419,CANCELLATION,CREDIT_CARD,PENDING,2025-12-19,2025-12-23,21285.09,21285.09,BRL,259.384.617-82,Novais,Vargas,PI,2026-05-25 01:16:38
FLOW-0000004837,POL-00000124,CLM-00000763,REINSURANCE,CREDIT_CARD,PROCESSED,2026-05-23,2026-05-26,8958.86,8958.86,BRL,294.318.605-89,Cassiano da Rosa Ltda.,Rios do Norte,DF,2026-05-25 01:16:38
FLOW-0000004838,POL-00000336,CLM-00000673,CLAIM_PAYMENT,DEBIT,FAILED,2024-11-01,2024-11-06,6621.62,0.0,BRL,197.230.465-80,Silveira Monteiro Ltda.,da Conceição da Prata,DF,2026-05-25 01:16:38
FLOW-0000004839,POL-00000443,CLM-00000694,CLAIM_PAYMENT,BANK_SLIP,PROCESSED,2025-10-28,2025-10-30,6187.75,6187.75,BRL,258.634.709-92,Viana - ME,Moreira,ES,2026-05-25 01:16:38
FLOW-0000004840,POL-00000442,CLM-00000981,PREMIUM_PAYMENT,PIX,PENDING,2026-02-14,2026-02-17,10774.44,10774.44,BRL,960.372.485-83,Novais - EI,Costa de Costa,PB,2026-05-25 01:16:38
FLOW-0000004841,POL-00000036,CLM-00000062,REINSURANCE,BANK_SLIP,PENDING,2025-09-25,2025-09-27,11687.06,11687.06,BRL,362.417.859-82,Nogueira,Garcia de Cavalcanti,SC,2026-05-25 01:16:38
FLOW-0000004842,POL-00000423,CLM-00000432,CANCELLATION,PIX,FAILED,2026-03-12,2026-03-14,14643.61,0.0,BRL,803.694.175-93,Cavalcanti Martins Ltda.,Almeida da Mata,SC,2026-05-25 01:16:38
FLOW-0000004843,POL-00000427,CLM-00000322,REINSURANCE,PIX,CANCELLED,2024-07-12,2024-07-12,15020.18,15020.18,BRL,602.183.745-26,Câmara,Silva,BA,2026-05-25 01:16:38
FLOW-0000004844,POL-00000258,CLM-00000221,CANCELLATION,DEBIT,FAILED,2025-02-01,2025-02-01,13713.08,0.0,BRL,061.395.487-48,Sá,Montenegro,RN,2026-05-25 01:16:38
FLOW-0000004845,POL-00000374,CLM-00000314,PREMIUM_PAYMENT,DEBIT,FAILED,2025-09-06,2025-09-08,10074.74,0.0,BRL,287.639.540-10,Rezende Ltda.,Correia,MG,2026-05-25 01:16:38
FLOW-0000004846,POL-00000262,CLM-00000499,PREMIUM_PAYMENT,PIX,CANCELLED,2024-10-21,2024-10-24,10655.0,10655.0,BRL,459.618.270-11,Marques,da Rocha da Prata,RJ,2026-05-25 01:16:38
FLOW-0000004847,POL-00000205,CLM-00000688,CANCELLATION,DEBIT,CANCELLED,2026-05-04,2026-05-06,18027.65,18027.65,BRL,578.163.490-84,da Rocha,Azevedo,GO,2026-05-25 01:16:38
FLOW-0000004848,POL-00000380,CLM-00000382,CANCELLATION,BANK_SLIP,PENDING,2025-12-14,2025-12-18,22141.68,22141.68,BRL,453.162.907-80,Pires Caldeira - ME,Costa,AL,2026-05-25 01:16:38
FLOW-0000004849,POL-00000009,CLM-00000540,REINSURANCE,BANK_TRANSFER,FAILED,2025-04-14,2025-04-16,10132.7,0.0,BRL,756.390.482-47,Cirino Ribeiro Ltda.,Aparecida da Prata,TO,2026-05-25 01:16:38
FLOW-0000004850,POL-00000355,CLM-00000238,CLAIM_PAYMENT,PIX,PROCESSED,2025-07-31,2025-07-31,6941.85,6941.85,BRL,563.240.187-17,Alves,Moura da Prata,PB,2026-05-25 01:16:38
FLOW-0000004851,POL-00000255,CLM-00000433,CANCELLATION,CREDIT_CARD,PROCESSED,2025-04-25,2025-04-30,4552.99,4552.99,BRL,572.194.368-82,Farias S.A.,Moreira de Barros,MG,2026-05-25 01:16:38
FLOW-0000004852,POL-00000320,CLM-00000548,REFUND,DEBIT,PROCESSED,2026-02-13,2026-02-13,7922.87,7922.87,BRL,061.382.749-03,Alves Sales - EI,Monteiro da Praia,SP,2026-05-25 01:16:38
FLOW-0000004853,POL-00000029,CLM-00000364,PREMIUM_PAYMENT,PIX,FAILED,2025-07-14,2025-07-15,22869.91,0.0,BRL,829.610.473-31,Duarte,Aragão,AP,2026-05-25 01:16:38
FLOW-0000004854,POL-00000193,CLM-00000034,REINSURANCE,CREDIT_CARD,CANCELLED,2026-05-09,2026-05-10,21897.98,21897.98,BRL,821.930.754-41,Novais,Lopes do Norte,PR,2026-05-25 01:16:38
FLOW-0000004855,POL-00000283,CLM-00000605,CLAIM_PAYMENT,PIX,PROCESSED,2025-03-06,2025-03-09,7722.83,7722.83,BRL,740.153.682-07,Azevedo,Sampaio Alegre,SC,2026-05-25 01:16:38
FLOW-0000004856,POL-00000086,CLM-00000268,CANCELLATION,DEBIT,FAILED,2025-02-16,2025-02-18,11371.88,0.0,BRL,157.206.894-94,Almeida,Rios,AM,2026-05-25 01:16:38
FLOW-0000004857,POL-00000097,CLM-00000336,CLAIM_PAYMENT,BANK_TRANSFER,PENDING,2026-04-25,2026-04-27,21625.36,21625.36,BRL,293.847.560-83,Porto,Santos do Campo,AC,2026-05-25 01:16:38
FLOW-0000004858,POL-00000470,CLM-00000740,PREMIUM_PAYMENT,BANK_SLIP,PROCESSED,2025-03-28,2025-03-30,7086.55,7086.55,BRL,356.082.179-77,Pastor,Casa Grande da Praia,SC,2026-05-25 01:16:38
FLOW-0000004859,POL-00000043,CLM-00000551,CLAIM_PAYMENT,DEBIT,FAILED,2025-03-04,2025-03-08,12047.23,0.0,BRL,378.041.265-90,Silveira S/A,Cassiano Paulista,AC,2026-05-25 01:16:38
FLOW-0000004860,POL-00000155,CLM-00000098,REFUND,BANK_SLIP,CANCELLED,2024-08-30,2024-09-02,7786.84,7786.84,BRL,247.308.569-29,Aragão,das Neves,GO,2026-05-25 01:16:38
FLOW-0000004861,POL-00000259,CLM-00000691,COMMISSION,BANK_SLIP,PENDING,2025-03-25,2025-03-25,24235.89,24235.89,BRL,932.475.061-52,Silva,Cassiano de Sales,SC,2026-05-25 01:16:38
FLOW-0000004862,POL-00000101,CLM-00000274,REINSURANCE,DEBIT,FAILED,2026-02-11,2026-02-11,3576.79,0.0,BRL,563.078.941-48,Rodrigues,Costa de Minas,RS,2026-05-25 01:16:38
FLOW-0000004863,POL-00000108,CLM-00000974,PREMIUM_PAYMENT,BANK_TRANSFER,FAILED,2026-01-09,2026-01-11,13386.07,0.0,BRL,952.701.368-21,Barbosa,Duarte de Nogueira,PR,2026-05-25 01:16:38
FLOW-0000004864,POL-00000356,CLM-00000122,COMMISSION,DEBIT,PROCESSED,2025-12-14,2025-12-18,19406.71,19406.71,BRL,149.250.876-49,Porto,Melo de da Costa,MT,2026-05-25 01:16:38
FLOW-0000004865,POL-00000415,CLM-00000592,COMMISSION,BANK_TRANSFER,PENDING,2025-11-12,2025-11-16,15077.82,15077.82,BRL,437.961.082-96,Rezende,Ferreira do Norte,SP,2026-05-25 01:16:38
FLOW-0000004866,POL-00000470,CLM-00000175,CANCELLATION,BANK_TRANSFER,PENDING,2025-07-27,2025-07-29,17661.75,17661.75,BRL,823.769.540-29,Martins,Moura do Norte,PI,2026-05-25 01:16:38
FLOW-0000004867,POL-00000193,CLM-00000472,REINSURANCE,CREDIT_CARD,PENDING,2024-07-08,2024-07-11,8290.79,8290.79,BRL,732.490.658-38,Costa S/A,Aparecida,MT,2026-05-25 01:16:38
FLOW-0000004868,POL-00000483,CLM-00000875,REINSURANCE,PIX,PROCESSED,2025-12-08,2025-12-12,4486.47,4486.47,BRL,819.625.740-67,Cirino Pastor S.A.,Garcia,AL,2026-05-25 01:16:38
FLOW-0000004869,POL-00000281,CLM-00000913,REINSURANCE,PIX,PENDING,2024-10-20,2024-10-24,5547.46,5547.46,BRL,825.069.147-49,Viana,Camargo,GO,2026-05-25 01:16:38
FLOW-0000004870,POL-00000420,CLM-00000265,CLAIM_PAYMENT,DEBIT,PENDING,2024-09-03,2024-09-08,1434.4,1434.4,BRL,845.603.921-70,Duarte,Cirino,MS,2026-05-25 01:16:38
FLOW-0000004871,POL-00000160,CLM-00000937,CANCELLATION,BANK_SLIP,PROCESSED,2024-12-16,2024-12-17,6514.94,6514.94,BRL,579.416.082-94,Montenegro,Nogueira Alegre,PE,2026-05-25 01:16:38
FLOW-0000004872,POL-00000382,CLM-00000862,COMMISSION,BANK_SLIP,CANCELLED,2025-01-14,2025-01-14,17243.98,17243.98,BRL,843.126.907-31,Leão Rezende S/A,da Cruz de Peixoto,TO,2026-05-25 01:16:38
FLOW-0000004873,POL-00000089,CLM-00000065,CANCELLATION,BANK_TRANSFER,PENDING,2025-12-20,2025-12-20,21018.39,21018.39,BRL,523.681.940-70,Sampaio S/A,Farias do Galho,AM,2026-05-25 01:16:38
FLOW-0000004874,POL-00000047,CLM-00000090,CLAIM_PAYMENT,CREDIT_CARD,FAILED,2026-01-01,2026-01-03,3910.7,0.0,BRL,687.295.043-92,Barbosa Ltda.,Nascimento,RN,2026-05-25 01:16:38
FLOW-0000004875,POL-00000043,CLM-00000341,CLAIM_PAYMENT,CREDIT_CARD,PROCESSED,2025-09-10,2025-09-15,10069.36,10069.36,BRL,352.968.407-47,Vasconcelos,Moreira do Amparo,RN,2026-05-25 01:16:38
FLOW-0000004876,POL-00000165,CLM-00000229,PREMIUM_PAYMENT,PIX,PENDING,2025-06-09,2025-06-11,4934.64,4934.64,BRL,879.213.540-41,Dias,da Rocha,PA,2026-05-25 01:16:38
FLOW-0000004877,POL-00000006,CLM-00000461,COMMISSION,DEBIT,FAILED,2024-08-14,2024-08-15,1519.21,0.0,BRL,801.325.796-77,Ramos Vieira - EI,Farias,SC,2026-05-25 01:16:38
FLOW-0000004878,POL-00000458,CLM-00000049,CANCELLATION,BANK_TRANSFER,PENDING,2025-03-30,2025-04-03,2244.37,2244.37,BRL,410.758.639-10,Dias S/A,Sampaio das Flores,SC,2026-05-25 01:16:38
FLOW-0000004879,POL-00000340,CLM-00000787,REINSURANCE,CREDIT_CARD,FAILED,2024-10-10,2024-10-15,10211.31,0.0,BRL,651.903.287-59,Câmara,Viana dos Dourados,SC,2026-05-25 01:16:38
FLOW-0000004880,POL-00000122,CLM-00000768,CANCELLATION,CREDIT_CARD,CANCELLED,2025-02-01,2025-02-03,11442.63,11442.63,BRL,217.043.896-31,Machado Ltda.,Ramos,MT,2026-05-25 01:16:38
FLOW-0000004881,POL-00000401,CLM-00000572,COMMISSION,BANK_SLIP,PENDING,2026-04-07,2026-04-09,24699.44,24699.44,BRL,851.743.690-39,Cunha - ME,Porto,RS,2026-05-25 01:16:38
FLOW-0000004882,POL-00000481,CLM-00000629,CLAIM_PAYMENT,BANK_TRANSFER,CANCELLED,2024-10-01,2024-10-05,14795.75,14795.75,BRL,790.318.256-03,Melo Lima - ME,Dias de Jesus,AC,2026-05-25 01:16:38
FLOW-0000004883,POL-00000158,CLM-00000701,PREMIUM_PAYMENT,PIX,CANCELLED,2025-03-13,2025-03-15,8564.02,8564.02,BRL,407.126.389-03,Sales Gomes e Filhos,Rodrigues Paulista,AL,2026-05-25 01:16:38
FLOW-0000004884,POL-00000215,CLM-00000996,PREMIUM_PAYMENT,PIX,PENDING,2026-05-06,2026-05-10,22938.16,22938.16,BRL,192.578.340-50,Cardoso Moraes - ME,Costa,AC,2026-05-25 01:16:38
FLOW-0000004885,POL-00000354,CLM-00000631,CANCELLATION,PIX,CANCELLED,2026-01-22,2026-01-27,18717.92,18717.92,BRL,871.324.506-62,Albuquerque,Cassiano,RR,2026-05-25 01:16:38
FLOW-0000004886,POL-00000082,CLM-00000681,CANCELLATION,CREDIT_CARD,PROCESSED,2025-02-01,2025-02-01,1518.89,1518.89,BRL,653.927.014-34,Campos,Mendonça,TO,2026-05-25 01:16:38
FLOW-0000004887,POL-00000275,CLM-00000145,PREMIUM_PAYMENT,DEBIT,CANCELLED,2025-10-03,2025-10-04,20011.54,20011.54,BRL,369.427.081-78,Abreu Freitas - ME,Cardoso,MA,2026-05-25 01:16:38
FLOW-0000004888,POL-00000325,CLM-00000831,CLAIM_PAYMENT,DEBIT,PENDING,2025-05-16,2025-05-20,23130.13,23130.13,BRL,981.637.240-13,Brito Carvalho S/A,Lopes do Norte,TO,2026-05-25 01:16:38
FLOW-0000004889,POL-00000333,CLM-00000801,REFUND,DEBIT,PROCESSED,2026-01-23,2026-01-25,23200.37,23200.37,BRL,075.634.198-10,Machado,Nascimento Grande,DF,2026-05-25 01:16:38
FLOW-0000004890,POL-00000016,CLM-00000542,REFUND,BANK_SLIP,PROCESSED,2024-07-22,2024-07-26,14233.59,14233.59,BRL,364.201.579-43,Carvalho,Monteiro Alegre,RO,2026-05-25 01:16:38
FLOW-0000004891,POL-00000382,CLM-00000004,REINSURANCE,PIX,PENDING,2024-06-29,2024-07-04,6811.2,6811.2,BRL,409.258.176-94,Montenegro - ME,Viana Paulista,MA,2026-05-25 01:16:38
FLOW-0000004892,POL-00000253,CLM-00000133,CLAIM_PAYMENT,BANK_SLIP,FAILED,2026-01-22,2026-01-24,14239.14,0.0,BRL,916.578.403-01,Guerra,Viana de Freitas,RJ,2026-05-25 01:16:38
FLOW-0000004893,POL-00000081,CLM-00000150,PREMIUM_PAYMENT,PIX,PROCESSED,2025-03-14,2025-03-18,15701.07,15701.07,BRL,521.389.670-77,Cirino da Luz S.A.,Teixeira das Flores,AL,2026-05-25 01:16:38
FLOW-0000004894,POL-00000468,CLM-00000866,CANCELLATION,CREDIT_CARD,CANCELLED,2024-07-07,2024-07-07,24006.07,24006.07,BRL,467.958.023-29,Pereira Macedo - EI,Casa Grande do Sul,PA,2026-05-25 01:16:38
FLOW-0000004895,POL-00000131,CLM-00000825,REFUND,BANK_SLIP,PROCESSED,2025-11-24,2025-11-28,8523.03,8523.03,BRL,190.432.768-04,Câmara,Andrade Alegre,PB,2026-05-25 01:16:38
FLOW-0000004896,POL-00000313,CLM-00000359,PREMIUM_PAYMENT,PIX,PROCESSED,2025-12-03,2025-12-07,11603.86,11603.86,BRL,621.907.843-87,da Rocha Pinto - ME,Camargo,ES,2026-05-25 01:16:38
FLOW-0000004897,POL-00000170,CLM-00000694,CANCELLATION,BANK_TRANSFER,PENDING,2025-11-19,2025-11-21,8400.19,8400.19,BRL,824.607.135-17,Silveira Ltda.,Oliveira de Aragão,MS,2026-05-25 01:16:38
FLOW-0000004898,POL-00000009,CLM-00000826,CLAIM_PAYMENT,DEBIT,CANCELLED,2024-07-26,2024-07-31,625.55,625.55,BRL,692.135.470-99,da Rosa Vargas S/A,Cardoso de Gomes,DF,2026-05-25 01:16:38
FLOW-0000004899,POL-00000406,CLM-00000958,PREMIUM_PAYMENT,BANK_SLIP,PROCESSED,2026-02-10,2026-02-10,7236.5,7236.5,BRL,896.031.745-48,Siqueira,Ferreira,RR,2026-05-25 01:16:38
FLOW-0000004900,POL-00000454,CLM-00000489,COMMISSION,CREDIT_CARD,FAILED,2026-05-02,2026-05-04,369.2,0.0,BRL,952.104.637-61,Novais Fogaça Ltda.,Azevedo de Souza,SC,2026-05-25 01:16:38
FLOW-0000004901,POL-00000022,CLM-00000736,REFUND,BANK_TRANSFER,FAILED,2025-11-26,2025-11-29,23867.75,0.0,BRL,072.135.694-06,Pacheco - ME,Andrade do Campo,RR,2026-05-25 01:16:38
FLOW-0000004902,POL-00000224,CLM-00000402,PREMIUM_PAYMENT,CREDIT_CARD,FAILED,2025-06-22,2025-06-22,6466.53,0.0,BRL,451.067.839-84,Abreu Andrade - ME,Sousa,RS,2026-05-25 01:16:38
FLOW-0000004903,POL-00000322,CLM-00000862,REFUND,CREDIT_CARD,FAILED,2025-06-16,2025-06-17,930.17,0.0,BRL,263.578.049-83,Carvalho Sales S/A,da Cruz,RR,2026-05-25 01:16:38
FLOW-0000004904,POL-00000272,CLM-00000521,CLAIM_PAYMENT,BANK_TRANSFER,CANCELLED,2026-01-11,2026-01-14,20141.22,20141.22,BRL,273.690.451-61,Fonseca Ltda.,Pinto da Prata,PA,2026-05-25 01:16:38
FLOW-0000004905,POL-00000218,CLM-00000714,REFUND,BANK_TRANSFER,FAILED,2026-02-25,2026-02-28,18213.73,0.0,BRL,061.294.583-98,Costela Nogueira S.A.,Araújo,RO,2026-05-25 01:16:38
FLOW-0000004906,POL-00000200,CLM-00000675,PREMIUM_PAYMENT,PIX,PROCESSED,2024-08-04,2024-08-08,20748.22,20748.22,BRL,078.615.243-53,Silveira S/A,da Conceição,ES,2026-05-25 01:16:38
FLOW-0000004907,POL-00000453,CLM-00000091,CLAIM_PAYMENT,PIX,PENDING,2025-12-02,2025-12-05,16196.5,16196.5,BRL,491.086.375-39,Moura Pastor - ME,Barbosa de Cunha,PR,2026-05-25 01:16:38
FLOW-0000004908,POL-00000005,CLM-00000945,REINSURANCE,CREDIT_CARD,CANCELLED,2025-04-07,2025-04-12,21710.0,21710.0,BRL,180.495.367-93,Costela Melo - EI,Silveira de Andrade,MT,2026-05-25 01:16:38
FLOW-0000004909,POL-00000463,CLM-00000904,COMMISSION,PIX,CANCELLED,2024-06-10,2024-06-13,20776.16,20776.16,BRL,613.084.527-80,Rezende - EI,Pacheco Paulista,DF,2026-05-25 01:16:38
FLOW-0000004910,POL-00000107,CLM-00000338,CLAIM_PAYMENT,PIX,PENDING,2024-10-14,2024-10-18,15404.2,15404.2,BRL,679.324.018-87,Moraes Pereira e Filhos,Campos,RS,2026-05-25 01:16:38
FLOW-0000004911,POL-00000374,CLM-00000252,REINSURANCE,BANK_TRANSFER,FAILED,2025-09-17,2025-09-22,18270.39,0.0,BRL,163.784.025-07,Cunha Moreira - ME,Campos,SP,2026-05-25 01:16:38
FLOW-0000004912,POL-00000158,CLM-00000076,REINSURANCE,BANK_TRANSFER,FAILED,2025-12-25,2025-12-26,23770.92,0.0,BRL,623.194.850-15,Sales Sá - EI,Silveira,AP,2026-05-25 01:16:38
FLOW-0000004913,POL-00000415,CLM-00000577,COMMISSION,PIX,CANCELLED,2026-04-10,2026-04-15,18849.47,18849.47,BRL,094.327.861-96,Duarte Pimenta S.A.,Ribeiro,SE,2026-05-25 01:16:38
FLOW-0000004914,POL-00000288,CLM-00000246,REFUND,BANK_TRANSFER,PROCESSED,2025-04-25,2025-04-27,5872.29,5872.29,BRL,256.834.710-44,Caldeira S/A,Pinto de Leão,RO,2026-05-25 01:16:38
FLOW-0000004915,POL-00000243,CLM-00000221,CANCELLATION,PIX,CANCELLED,2025-06-14,2025-06-16,22073.49,22073.49,BRL,024.197.638-31,Nascimento e Filhos,da Cruz de Cunha,MS,2026-05-25 01:16:38
FLOW-0000004916,POL-00000337,CLM-00000748,CLAIM_PAYMENT,DEBIT,PROCESSED,2025-08-08,2025-08-12,8317.96,8317.96,BRL,097.843.526-56,Garcia,da Luz,SE,2026-05-25 01:16:38
FLOW-0000004917,POL-00000443,CLM-00000523,REINSURANCE,BANK_TRANSFER,FAILED,2025-12-26,2025-12-29,245.27,0.0,BRL,647.913.805-84,Cirino da Paz S/A,Ribeiro dos Dourados,CE,2026-05-25 01:16:38
FLOW-0000004918,POL-00000428,CLM-00000819,REINSURANCE,CREDIT_CARD,CANCELLED,2026-01-10,2026-01-13,20376.58,20376.58,BRL,073.295.648-00,Cardoso Vieira - EI,da Paz,AL,2026-05-25 01:16:38
FLOW-0000004919,POL-00000189,CLM-00000793,CLAIM_PAYMENT,BANK_TRANSFER,PROCESSED,2024-07-08,2024-07-11,17234.73,17234.73,BRL,384.591.672-91,Melo - ME,Gonçalves,PB,2026-05-25 01:16:38
FLOW-0000004920,POL-00000368,CLM-00000550,CLAIM_PAYMENT,PIX,PROCESSED,2025-06-16,2025-06-21,4680.0,4680.0,BRL,369.817.502-95,Duarte da Mata Ltda.,Peixoto,BA,2026-05-25 01:16:38
FLOW-0000004921,POL-00000192,CLM-00000215,CLAIM_PAYMENT,PIX,PROCESSED,2024-11-24,2024-11-24,13197.21,13197.21,BRL,419.832.065-98,Borges,Castro de Lima,PE,2026-05-25 01:16:38
FLOW-0000004922,POL-00000219,CLM-00000549,REINSURANCE,CREDIT_CARD,FAILED,2025-05-12,2025-05-15,22462.03,0.0,BRL,157.204.896-49,Caldeira,Teixeira do Sul,MG,2026-05-25 01:16:38
FLOW-0000004923,POL-00000465,CLM-00000420,REFUND,DEBIT,CANCELLED,2025-04-17,2025-04-22,23555.94,23555.94,BRL,940.183.526-89,Lopes,da Conceição,BA,2026-05-25 01:16:38
FLOW-0000004924,POL-00000166,CLM-00000821,REFUND,BANK_TRANSFER,FAILED,2025-01-07,2025-01-11,510.88,0.0,BRL,250.817.369-02,da Cunha Ramos e Filhos,Correia da Mata,PI,2026-05-25 01:16:38
FLOW-0000004925,POL-00000295,CLM-00000334,COMMISSION,BANK_TRANSFER,FAILED,2024-09-24,2024-09-25,12016.77,0.0,BRL,291.587.630-40,Lopes Fogaça S.A.,Barros de Duarte,AC,2026-05-25 01:16:38
FLOW-0000004926,POL-00000183,CLM-00000652,PREMIUM_PAYMENT,BANK_SLIP,PROCESSED,2026-03-31,2026-04-03,8401.34,8401.34,BRL,649.537.210-80,Ramos,da Rosa de Caldeira,ES,2026-05-25 01:16:38
FLOW-0000004927,POL-00000351,CLM-00000807,COMMISSION,CREDIT_CARD,FAILED,2025-10-23,2025-10-23,23443.83,0.0,BRL,209.341.765-07,Lopes S.A.,Gomes,MG,2026-05-25 01:16:38
FLOW-0000004928,POL-00000141,CLM-00000551,REINSURANCE,DEBIT,CANCELLED,2024-07-17,2024-07-21,15731.28,15731.28,BRL,320.579.684-56,Ferreira Alves S/A,Lima da Prata,CE,2026-05-25 01:16:38
FLOW-0000004929,POL-00000362,CLM-00000652,CANCELLATION,CREDIT_CARD,PENDING,2025-04-22,2025-04-24,2220.29,2220.29,BRL,530.824.719-60,Garcia,Brito dos Dourados,RN,2026-05-25 01:16:38
FLOW-0000004930,POL-00000228,CLM-00000331,CLAIM_PAYMENT,PIX,CANCELLED,2024-09-25,2024-09-29,9675.0,9675.0,BRL,316.897.250-95,Ribeiro,Cassiano da Prata,TO,2026-05-25 01:16:38
FLOW-0000004931,POL-00000218,CLM-00000264,REINSURANCE,CREDIT_CARD,CANCELLED,2024-09-18,2024-09-23,16315.25,16315.25,BRL,260.837.914-13,Silva,Abreu da Serra,MT,2026-05-25 01:16:38
FLOW-0000004932,POL-00000404,CLM-00000326,REFUND,PIX,FAILED,2024-06-14,2024-06-15,6742.11,0.0,BRL,894.352.716-00,Sampaio - EI,Sá de Minas,PI,2026-05-25 01:16:38
FLOW-0000004933,POL-00000455,CLM-00000115,REFUND,BANK_TRANSFER,FAILED,2025-01-28,2025-01-30,19477.31,0.0,BRL,132.804.597-88,Macedo - ME,Abreu dos Dourados,MS,2026-05-25 01:16:38
FLOW-0000004934,POL-00000122,CLM-00000958,REINSURANCE,PIX,CANCELLED,2025-08-25,2025-08-28,11042.96,11042.96,BRL,940.285.361-89,da Paz S/A,Rios,MG,2026-05-25 01:16:38
FLOW-0000004935,POL-00000378,CLM-00000517,CLAIM_PAYMENT,BANK_SLIP,FAILED,2025-02-16,2025-02-16,14164.83,0.0,BRL,682.341.507-07,Machado,Siqueira da Prata,ES,2026-05-25 01:16:38
FLOW-0000004936,POL-00000429,CLM-00000039,REFUND,PIX,PROCESSED,2025-12-01,2025-12-01,20885.0,20885.0,BRL,170.536.982-03,Teixeira Pires S/A,Silveira de Siqueira,MA,2026-05-25 01:16:38
FLOW-0000004937,POL-00000089,CLM-00000945,REFUND,CREDIT_CARD,PROCESSED,2025-04-11,2025-04-16,8215.66,8215.66,BRL,402.637.189-13,Vieira,Nogueira,AP,2026-05-25 01:16:38
FLOW-0000004938,POL-00000157,CLM-00000791,COMMISSION,BANK_TRANSFER,PROCESSED,2025-10-13,2025-10-14,3200.0,3200.0,BRL,348.157.209-32,Guerra - EI,Azevedo,PB,2026-05-25 01:16:38
FLOW-0000004939,POL-00000291,CLM-00000644,REFUND,BANK_TRANSFER,PENDING,2025-05-27,2025-05-28,12015.95,12015.95,BRL,126.980.357-30,Viana - EI,Casa Grande,AP,2026-05-25 01:16:38
FLOW-0000004940,POL-00000489,CLM-00000085,CANCELLATION,BANK_TRANSFER,PENDING,2025-04-29,2025-05-01,10925.55,10925.55,BRL,094.285.371-79,Aparecida Sousa Ltda.,Araújo das Flores,RO,2026-05-25 01:16:38
FLOW-0000004941,POL-00000466,CLM-00000308,CLAIM_PAYMENT,BANK_TRANSFER,PROCESSED,2025-09-05,2025-09-05,6901.13,6901.13,BRL,507.829.136-95,Nunes,Siqueira,MT,2026-05-25 01:16:38
FLOW-0000004942,POL-00000225,CLM-00000766,COMMISSION,BANK_SLIP,PROCESSED,2025-04-07,2025-04-07,1846.14,1846.14,BRL,207.481.359-79,Rodrigues,das Neves,AM,2026-05-25 01:16:38
FLOW-0000004943,POL-00000205,CLM-00000765,REINSURANCE,DEBIT,CANCELLED,2025-09-25,2025-09-27,19874.28,19874.28,BRL,291.875.046-85,Peixoto da Mata S.A.,Montenegro do Amparo,MG,2026-05-25 01:16:38
FLOW-0000004944,POL-00000140,CLM-00000427,COMMISSION,PIX,FAILED,2026-05-04,2026-05-04,23217.17,0.0,BRL,496.073.825-10,Rios,Caldeira de Minas,PA,2026-05-25 01:16:38
FLOW-0000004945,POL-00000021,CLM-00000630,CLAIM_PAYMENT,DEBIT,CANCELLED,2024-10-23,2024-10-25,6163.96,6163.96,BRL,457.206.398-29,da Rocha,Rios,PR,2026-05-25 01:16:38
FLOW-0000004946,POL-00000325,CLM-00000718,CANCELLATION,BANK_SLIP,CANCELLED,2026-01-03,2026-01-06,21402.01,21402.01,BRL,261.549.370-16,Correia,Borges,PE,2026-05-25 01:16:38
FLOW-0000004947,POL-00000384,CLM-00000212,CANCELLATION,DEBIT,FAILED,2025-03-19,2025-03-22,3444.02,0.0,BRL,594.782.610-02,Câmara,Novaes,RR,2026-05-25 01:16:38
FLOW-0000004948,POL-00000055,CLM-00000614,COMMISSION,BANK_SLIP,PENDING,2026-02-19,2026-02-24,21321.52,21321.52,BRL,405.873.261-07,da Costa Santos S.A.,Cirino da Prata,RO,2026-05-25 01:16:38
FLOW-0000004949,POL-00000228,CLM-00000757,COMMISSION,BANK_SLIP,CANCELLED,2025-03-26,2025-03-31,13291.35,13291.35,BRL,476.853.109-10,Guerra,Correia Alegre,AM,2026-05-25 01:16:38
FLOW-0000004950,POL-00000044,CLM-00000901,PREMIUM_PAYMENT,CREDIT_CARD,PROCESSED,2026-01-03,2026-01-07,9142.55,9142.55,BRL,514.628.903-42,Rodrigues,Fernandes,BA,2026-05-25 01:16:38
FLOW-0000004951,POL-00000286,CLM-00000252,CANCELLATION,PIX,PROCESSED,2024-07-21,2024-07-23,18080.24,18080.24,BRL,782.094.165-02,Moreira Moreira e Filhos,Monteiro do Sul,PI,2026-05-25 01:16:38
FLOW-0000004952,POL-00000282,CLM-00000143,COMMISSION,PIX,FAILED,2025-04-05,2025-04-10,12453.33,0.0,BRL,168.524.397-55,Dias - ME,Silveira,SC,2026-05-25 01:16:38
FLOW-0000004953,POL-00000112,CLM-00000966,REFUND,BANK_TRANSFER,FAILED,2026-05-12,2026-05-13,9687.62,0.0,BRL,428.609.573-83,Farias Campos Ltda.,Rezende,RO,2026-05-25 01:16:38
FLOW-0000004954,POL-00000148,CLM-00000767,CANCELLATION,DEBIT,FAILED,2026-01-30,2026-02-01,9971.74,0.0,BRL,730.591.264-61,Camargo Aparecida S.A.,da Paz,SE,2026-05-25 01:16:38
FLOW-0000004955,POL-00000426,CLM-00000493,REINSURANCE,CREDIT_CARD,PENDING,2026-04-06,2026-04-06,11172.99,11172.99,BRL,174.230.689-69,Costa,Rodrigues da Mata,AM,2026-05-25 01:16:38
FLOW-0000004956,POL-00000311,CLM-00000517,REINSURANCE,PIX,PENDING,2025-03-04,2025-03-04,16674.28,16674.28,BRL,203.654.897-00,Montenegro,Pinto de Silveira,CE,2026-05-25 01:16:38
FLOW-0000004957,POL-00000079,CLM-00000587,COMMISSION,CREDIT_CARD,PENDING,2025-04-02,2025-04-05,12107.7,12107.7,BRL,483.065.297-74,Pereira,Pastor,RO,2026-05-25 01:16:38
FLOW-0000004958,POL-00000174,CLM-00000211,COMMISSION,PIX,PROCESSED,2025-06-23,2025-06-25,2444.63,2444.63,BRL,160.432.958-06,Moraes,Siqueira do Norte,PB,2026-05-25 01:16:38
FLOW-0000004959,POL-00000267,CLM-00000778,REINSURANCE,BANK_SLIP,PROCESSED,2025-04-13,2025-04-16,22945.44,22945.44,BRL,629.750.341-99,Costa Vasconcelos S/A,da Conceição do Sul,PE,2026-05-25 01:16:38
FLOW-0000004960,POL-00000140,CLM-00000451,COMMISSION,DEBIT,CANCELLED,2026-01-24,2026-01-28,19526.56,19526.56,BRL,546.978.103-84,Aragão - ME,Marques,RS,2026-05-25 01:16:38
FLOW-0000004961,POL-00000247,CLM-00000020,COMMISSION,CREDIT_CARD,PENDING,2024-07-13,2024-07-16,8795.1,8795.1,BRL,479.836.150-00,Ramos,Rezende dos Dourados,CE,2026-05-25 01:16:38
FLOW-0000004962,POL-00000333,CLM-00000813,REINSURANCE,BANK_SLIP,FAILED,2025-11-30,2025-12-02,7609.66,0.0,BRL,925.814.730-88,Costa e Filhos,Alves,RJ,2026-05-25 01:16:38
FLOW-0000004963,POL-00000275,CLM-00000483,CLAIM_PAYMENT,DEBIT,CANCELLED,2025-03-07,2025-03-12,20891.84,20891.84,BRL,754.632.980-92,Nogueira Rocha S.A.,Pires dos Dourados,RN,2026-05-25 01:16:38
FLOW-0000004964,POL-00000487,CLM-00000145,REFUND,PIX,PROCESSED,2025-11-09,2025-11-09,8440.33,8440.33,BRL,693.501.827-77,Novaes Pastor e Filhos,Vasconcelos do Amparo,TO,2026-05-25 01:16:38
FLOW-0000004965,POL-00000250,CLM-00000415,REINSURANCE,BANK_SLIP,PENDING,2025-10-21,2025-10-25,6677.51,6677.51,BRL,702.935.864-38,Aragão,Porto,RO,2026-05-25 01:16:38
FLOW-0000004966,POL-00000185,CLM-00000608,COMMISSION,DEBIT,PROCESSED,2025-10-07,2025-10-09,21634.97,21634.97,BRL,782.693.405-29,Lopes,Câmara de Nogueira,BA,2026-05-25 01:16:38
FLOW-0000004967,POL-00000057,CLM-00000127,PREMIUM_PAYMENT,CREDIT_CARD,PENDING,2025-10-05,2025-10-08,3168.48,3168.48,BRL,574.902.683-38,Novais,Câmara de Brito,DF,2026-05-25 01:16:38
FLOW-0000004968,POL-00000393,CLM-00000295,REFUND,BANK_TRANSFER,PROCESSED,2025-06-25,2025-06-30,6343.92,6343.92,BRL,029.168.745-85,Garcia,Garcia Verde,MT,2026-05-25 01:16:38
FLOW-0000004969,POL-00000356,CLM-00000550,PREMIUM_PAYMENT,DEBIT,FAILED,2026-01-09,2026-01-11,6047.78,0.0,BRL,356.081.274-71,Andrade,Aparecida,GO,2026-05-25 01:16:38
FLOW-0000004970,POL-00000493,CLM-00000513,COMMISSION,CREDIT_CARD,CANCELLED,2025-07-08,2025-07-09,4365.07,4365.07,BRL,463.150.729-25,Campos Ltda.,Moraes,PA,2026-05-25 01:16:38
FLOW-0000004971,POL-00000139,CLM-00000664,CLAIM_PAYMENT,DEBIT,FAILED,2025-04-23,2025-04-26,6401.33,0.0,BRL,074.256.981-02,Vieira,Rodrigues,AL,2026-05-25 01:16:38
FLOW-0000004972,POL-00000449,CLM-00000665,REINSURANCE,CREDIT_CARD,FAILED,2025-11-29,2025-12-01,2426.01,0.0,BRL,653.709.482-83,Gonçalves Leão Ltda.,Rezende,RO,2026-05-25 01:16:38
FLOW-0000004973,POL-00000078,CLM-00000244,CANCELLATION,BANK_SLIP,FAILED,2024-07-11,2024-07-14,5389.22,0.0,BRL,157.409.863-20,Castro,Garcia das Flores,RN,2026-05-25 01:16:38
FLOW-0000004974,POL-00000283,CLM-00000019,COMMISSION,BANK_TRANSFER,FAILED,2025-03-12,2025-03-16,9199.63,0.0,BRL,079.513.842-32,Castro - EI,Novais,RR,2026-05-25 01:16:38
FLOW-0000004975,POL-00000427,CLM-00000500,REINSURANCE,CREDIT_CARD,FAILED,2024-10-31,2024-11-02,12175.31,0.0,BRL,685.129.730-21,Pereira,Melo do Norte,CE,2026-05-25 01:16:38
FLOW-0000004976,POL-00000023,CLM-00000160,REFUND,BANK_TRANSFER,CANCELLED,2025-03-02,2025-03-06,2488.14,2488.14,BRL,631.824.097-78,Guerra,da Rocha de Câmara,MA,2026-05-25 01:16:38
FLOW-0000004977,POL-00000211,CLM-00000172,PREMIUM_PAYMENT,BANK_SLIP,PROCESSED,2026-05-12,2026-05-14,15720.34,15720.34,BRL,967.341.285-55,Lopes,Lopes do Norte,BA,2026-05-25 01:16:38
FLOW-0000004978,POL-00000228,CLM-00000002,CANCELLATION,CREDIT_CARD,FAILED,2025-12-09,2025-12-10,18554.51,0.0,BRL,679.218.345-82,Duarte S.A.,Fernandes,BA,2026-05-25 01:16:38
FLOW-0000004979,POL-00000414,CLM-00000608,COMMISSION,DEBIT,CANCELLED,2024-10-13,2024-10-13,11652.1,11652.1,BRL,764.810.329-03,da Cruz Rezende - ME,Novais de Minas,RJ,2026-05-25 01:16:38
FLOW-0000004980,POL-00000343,CLM-00000605,COMMISSION,DEBIT,CANCELLED,2025-05-06,2025-05-11,17922.12,17922.12,BRL,701.934.852-14,Cunha,Peixoto,MS,2026-05-25 01:16:38
FLOW-0000004981,POL-00000499,CLM-00000298,CANCELLATION,PIX,PROCESSED,2026-01-29,2026-02-03,20243.47,20243.47,BRL,158.476.093-10,Borges,Ribeiro,AL,2026-05-25 01:16:38
FLOW-0000004982,POL-00000022,CLM-00000531,COMMISSION,BANK_SLIP,FAILED,2024-07-22,2024-07-26,8765.02,0.0,BRL,708.146.253-71,Santos Alves - EI,Macedo da Serra,MG,2026-05-25 01:16:38
FLOW-0000004983,POL-00000019,CLM-00000126,COMMISSION,DEBIT,CANCELLED,2025-10-21,2025-10-24,23473.81,23473.81,BRL,745.613.980-66,Marques Ltda.,Montenegro do Amparo,RN,2026-05-25 01:16:38
FLOW-0000004984,POL-00000010,CLM-00000080,REFUND,DEBIT,PENDING,2024-11-29,2024-11-29,4814.54,4814.54,BRL,587.306.291-95,da Conceição Andrade Ltda.,Souza de Rodrigues,MA,2026-05-25 01:16:38
FLOW-0000004985,POL-00000389,CLM-00000108,PREMIUM_PAYMENT,DEBIT,PENDING,2025-10-25,2025-10-27,15413.58,15413.58,BRL,150.467.839-75,Barbosa,Machado,PA,2026-05-25 01:16:38
FLOW-0000004986,POL-00000294,CLM-00000810,REFUND,CREDIT_CARD,CANCELLED,2024-09-27,2024-10-02,929.88,929.88,BRL,407.562.319-06,Sá,Peixoto,AC,2026-05-25 01:16:38
FLOW-0000004987,POL-00000359,CLM-00000612,REINSURANCE,BANK_SLIP,CANCELLED,2026-05-22,2026-05-26,884.42,884.42,BRL,469.183.507-57,Pacheco,Vieira,AC,2026-05-25 01:16:38
FLOW-0000004988,POL-00000204,CLM-00000926,CANCELLATION,BANK_SLIP,PENDING,2025-07-15,2025-07-19,7849.4,7849.4,BRL,705.381.496-39,Porto,Guerra,SC,2026-05-25 01:16:38
FLOW-0000004989,POL-00000341,CLM-00000563,COMMISSION,BANK_TRANSFER,PROCESSED,2024-12-07,2024-12-07,18744.06,18744.06,BRL,473.592.180-04,Dias - ME,Gomes,SP,2026-05-25 01:16:38
FLOW-0000004990,POL-00000181,CLM-00000203,CANCELLATION,DEBIT,PROCESSED,2025-11-29,2025-12-02,11156.98,11156.98,BRL,439.120.678-13,Gomes e Filhos,Mendes do Oeste,ES,2026-05-25 01:16:38
FLOW-0000004991,POL-00000361,CLM-00000540,COMMISSION,BANK_TRANSFER,FAILED,2024-09-25,2024-09-28,24996.44,0.0,BRL,190.782.465-02,da Mota,Cirino da Mata,RS,2026-05-25 01:16:38
FLOW-0000004992,POL-00000066,CLM-00000137,PREMIUM_PAYMENT,BANK_TRANSFER,CANCELLED,2025-01-27,2025-01-30,1184.61,1184.61,BRL,523.610.478-53,Nunes,Vargas,RS,2026-05-25 01:16:38
FLOW-0000004993,POL-00000119,CLM-00000821,PREMIUM_PAYMENT,CREDIT_CARD,PROCESSED,2024-09-19,2024-09-23,5399.25,5399.25,BRL,954.281.673-19,da Luz,Correia dos Dourados,RO,2026-05-25 01:16:38
FLOW-0000004994,POL-00000039,CLM-00000279,REINSURANCE,BANK_SLIP,PENDING,2025-05-22,2025-05-22,18844.38,18844.38,BRL,715.243.680-08,Sampaio,Oliveira do Amparo,AP,2026-05-25 01:16:38
FLOW-0000004995,POL-00000253,CLM-00000651,COMMISSION,CREDIT_CARD,PROCESSED,2026-05-04,2026-05-04,15109.85,15109.85,BRL,805.723.164-53,Mendes Casa Grande S/A,Azevedo Verde,PI,2026-05-25 01:16:38
FLOW-0000004996,POL-00000161,CLM-00000492,REFUND,BANK_TRANSFER,PROCESSED,2024-09-21,2024-09-25,5706.44,5706.44,BRL,951.248.360-24,Porto e Filhos,Abreu,BA,2026-05-25 01:16:38
FLOW-0000004997,POL-00000267,CLM-00000987,PREMIUM_PAYMENT,PIX,FAILED,2026-04-07,2026-04-10,11068.65,0.0,BRL,620.198.357-03,Ferreira - EI,Macedo de das Neves,RJ,2026-05-25 01:16:38
FLOW-0000004998,POL-00000341,CLM-00000053,CANCELLATION,DEBIT,PENDING,2024-07-21,2024-07-22,17604.66,17604.66,BRL,085.497.631-01,Costela,Duarte,AC,2026-05-25 01:16:38
FLOW-0000004999,POL-00000432,CLM-00000374,COMMISSION,BANK_TRANSFER,CANCELLED,2024-10-22,2024-10-27,18036.87,18036.87,BRL,570.318.649-84,Sá,Duarte das Pedras,SC,2026-05-25 01:16:38
FLOW-0000005000,POL-00000499,CLM-00000871,PREMIUM_PAYMENT,CREDIT_CARD,PROCESSED,2025-04-19,2025-04-20,9776.31,9776.31,BRL,721.860.534-62,Jesus Guerra S/A,Vasconcelos da Praia,MG,2026-05-25 01:16:38
